lp__,accept_stat__,stepsize__,treedepth__,n_leapfrog__,divergent__,energy__,theta
-6.8360034,0.95099173,0.91524172,2,3,0,7.2307813,0.30470445
-6.8614604,0.95340939,0.91524172,2,7,0,7.1102949,0.19383156
-6.7699362,0.9989146,0.91524172,1,3,0,6.8440689,0.22445916
-7.5542916,0.82990491,0.91524172,1,3,0,7.8458598,0.42579275
-6.8690075,0.83594033,0.91524172,2,3,0,8.5622163,0.31456483
-6.8566329,0.95305719,0.91524172,1,3,0,7.1528996,0.19496465
-6.8027787,0.98151725,0.91524172,1,3,0,7.0198633,0.29280253
-10.400213,0.51444739,0.91524172,2,7,0,10.461275,0.034708824
-10.273557,1,0.91524172,2,3,0,10.685912,0.036396082
-11.744353,0.94637141,0.91524172,1,1,0,11.745173,0.021273906
-10.231841,1,0.91524172,1,1,0,11.687055,0.036971958
-9.0332111,1,0.91524172,1,1,0,10.161655,0.059115238
-8.1996245,1,0.91524172,1,1,0,8.9710032,0.084810518
-6.7884815,0.9909627,0.91524172,1,3,0,8.4232273,0.21561456
-6.7505621,0.95497696,0.91524172,2,3,0,7.1111264,0.24116143
-6.8201982,0.98873032,0.91524172,2,3,0,6.84035,0.2046264
-6.8201982,0.95165668,0.91524172,1,3,0,7.1032548,0.2046264
-6.9772552,0.9448792,0.91524172,1,3,0,7.2358278,0.34024639
-7.1723372,0.94505376,0.91524172,1,1,0,7.2046186,0.37497136
-7.121394,1,0.91524172,1,1,0,7.2509987,0.36677643
-6.7889441,1,0.91524172,1,3,0,7.0375335,0.28684308
-7.5204609,0.85593352,0.91524172,1,3,0,7.5510539,0.42183192
-7.5204609,0.52229541,0.91524172,1,1,0,8.981622,0.42183192
-6.7480235,0.97422076,0.91524172,2,3,0,7.7053265,0.2502343
-7.6780368,0.81009344,0.91524172,1,3,0,7.8445779,0.43964617
-6.9428893,1,0.91524172,1,1,0,7.4629924,0.33285804
-7.5957844,0.82585216,0.91524172,1,1,0,7.5978019,0.43054438
-7.5957844,0.39342148,0.91524172,1,1,0,9.667416,0.43054438
-6.7795418,1,0.91524172,1,3,0,7.4205956,0.28222381
-6.8809857,0.84718352,0.91524172,2,3,0,7.7670024,0.18951026
-6.9677834,0.98372433,0.91524172,1,1,0,6.9767824,0.1738051
-6.9627773,1,0.91524172,1,1,0,7.0084697,0.17459683
-6.7914119,0.99729486,0.91524172,1,3,0,6.9325114,0.21443603
-7.1001903,0.95347463,0.91524172,2,3,0,7.2080141,0.15599213
-8.2148852,0.86518458,0.91524172,1,3,0,8.3068192,0.084215947
-8.0256824,1,0.91524172,1,1,0,8.3186536,0.092035955
-6.7921209,1,0.91524172,2,3,0,7.8798235,0.2141574
-6.8483428,0.99612222,0.91524172,2,3,0,6.8493359,0.19697935
-6.8915474,0.98268584,0.91524172,2,3,0,7.0437449,0.18732484
-7.7540546,0.87979042,0.91524172,1,3,0,7.8649913,0.10530935
-6.8660381,0.98088485,0.91524172,1,3,0,7.7272444,0.19278229
-7.9519309,0.77875046,0.91524172,1,3,0,8.6210747,0.46743434
-7.4579484,1,0.91524172,1,1,0,7.9308136,0.41429083
-9.2251185,0.8134435,0.91524172,2,3,0,9.2667427,0.56633912
-8.8185663,1,0.91524172,1,1,0,9.6600007,0.53865816
-7.2397911,1,0.91524172,1,1,0,8.3430227,0.38515458
-7.9306676,0.80875636,0.91524172,1,1,0,7.9859855,0.46539665
-6.7544724,1,0.91524172,1,3,0,7.7602161,0.26437386
-6.7617813,0.99565828,0.91524172,1,3,0,6.7835177,0.22965592
-6.7710766,0.99793727,0.91524172,1,1,0,6.772365,0.22382009
-6.7486193,0.9998379,0.91524172,1,3,0,6.7695037,0.24569521
-6.9259436,0.9738734,0.91524172,2,3,0,6.9504448,0.18079842
-6.8492167,1,0.91524172,1,1,0,6.9169436,0.19676261
-7.0474508,0.93172842,0.91524172,1,3,0,7.3953978,0.35390352
-6.9005053,1,0.91524172,1,1,0,7.0242744,0.32286018
-6.7556951,0.99003471,0.91524172,2,3,0,6.9667707,0.2656941
-7.3612975,0.90924907,0.91524172,2,3,0,7.3739305,0.13100683
-7.0170671,1,0.91524172,1,1,0,7.30514,0.16654253
-6.9665134,1,0.91524172,1,1,0,7.0377558,0.17400489
-8.6118892,0.78291096,0.91524172,1,3,0,8.9920337,0.070576559
-8.6652764,0.99562426,0.91524172,1,1,0,8.8879856,0.068974391
-7.4127686,0.99197925,0.91524172,2,3,0,8.9227554,0.12702355
-7.0232944,1,0.91524172,2,3,0,7.3492752,0.16568562
-7.4100186,0.93888633,0.91524172,1,1,0,7.4100214,0.12723051
-8.1038551,0.91568635,0.91524172,1,1,0,8.103875,0.088682429
-6.7506398,0.96613337,0.91524172,1,3,0,8.4732933,0.24102838
-6.7480221,0.96195106,0.91524172,2,3,0,7.0148628,0.25010844
-8.1907044,0.65567885,0.91524172,1,3,0,9.065425,0.085160817
-6.8335198,0.8902642,0.91524172,1,3,0,9.1869243,0.30389755
-6.8079877,0.97417401,0.91524172,2,3,0,7.0153139,0.29485754
-6.9384904,0.9324809,0.91524172,2,7,0,7.2039668,0.17860601
-6.853709,0.96821383,0.91524172,1,3,0,7.244592,0.31017413
-7.1602793,0.91764706,0.91524172,1,1,0,7.1614342,0.37307446
-7.2855012,0.96329439,0.91524172,1,1,0,7.378267,0.39169162
-8.2060351,0.91276508,0.91524172,2,3,0,8.2565474,0.49051006
-8.0750441,1,0.91524172,2,7,0,8.103563,0.089897234
-7.9440887,1,0.91524172,1,1,0,8.1947141,0.095740641
-6.9114169,0.97513021,0.91524172,1,3,0,7.9164386,0.18345501
-8.6635159,0.74051813,0.91524172,1,3,0,9.1653331,0.069026461
-9.2418999,0.95796892,0.91524172,1,1,0,9.3100109,0.054305734
-7.0365136,0.95227617,0.91524172,1,3,0,9.5141918,0.16390614
-7.054604,0.99688564,0.91524172,1,1,0,7.1051841,0.16155264
-6.8614372,1,0.91524172,1,1,0,7.0181442,0.19383695
-6.8291507,0.97013972,0.91524172,2,3,0,7.1434974,0.302451
-6.750964,0.99634643,0.91524172,2,3,0,6.8538413,0.25966948
-6.750964,0.76748548,0.91524172,1,3,0,7.7928091,0.25966948
-7.4419517,0.8971888,0.91524172,2,3,0,7.4612243,0.12486563
-6.8300563,0.99708492,0.91524172,2,3,0,7.4724859,0.20178412
-6.7516883,0.99601577,0.91524172,1,3,0,6.8627204,0.26080459
-6.7516883,0.65811584,0.91524172,1,3,0,8.3954375,0.26080459
-8.0698359,0.80342089,0.91524172,2,3,0,8.0824885,0.090119426
-7.6885429,1,0.91524172,1,1,0,8.0706358,0.10896425
-7.2344577,1,0.91524172,1,1,0,7.6273992,0.14197063
-6.9134682,0.88458284,0.91524172,2,3,0,8.6613369,0.32604046
-6.8177967,0.965542,0.91524172,1,3,0,7.131026,0.20535098
-7.7092007,0.80854741,0.91524172,1,3,0,8.1883115,0.44299295
-7.3692754,1,0.91524172,1,1,0,7.729303,0.40303613
-6.9446997,1,0.91524172,1,1,0,7.254667,0.3332615
-6.8352878,1,0.91524172,1,1,0,6.9220088,0.30447305
-6.8378489,0.99931341,0.91524172,1,1,0,6.859792,0.30529718
-7.360722,0.80080311,0.91524172,1,3,0,8.0607527,0.13105273
-7.5692462,0.97167101,0.91524172,1,1,0,7.6172748,0.1161873
-10.200955,0.76331867,0.91524172,1,3,0,10.75033,0.037405004
-10.136468,1,0.91524172,1,1,0,10.509571,0.038327887
-6.7760344,0.8012713,0.91524172,1,3,0,11.693632,0.22121927
-6.8122027,0.9922852,0.91524172,1,1,0,6.8129216,0.20709406
-6.7500341,0.89621794,0.91524172,2,3,0,7.7128656,0.25798542
-6.7500341,0.89136599,0.91524172,1,3,0,7.2062843,0.25798542
-6.7535317,0.97096717,0.91524172,2,3,0,6.9371804,0.23703362
-7.569885,0.82719099,0.91524172,1,3,0,7.7869252,0.4275918
-8.6000701,0.72353029,0.91524172,1,1,0,8.712441,0.52249688
-7.1536532,1,0.91524172,2,3,0,8.1622554,0.37202121
-7.0273054,0.85704984,0.91524172,1,3,0,7.9498036,0.1651401
-7.72759,0.84111025,0.91524172,1,3,0,8.7006226,0.44494327
-6.7669363,0.98600764,0.91524172,1,3,0,7.8332867,0.22622908
-6.7532981,0.95970749,0.91524172,2,3,0,7.0453744,0.23730807
-6.8905551,0.97152814,0.91524172,1,3,0,6.9139777,0.1875261
-6.967518,0.98563228,0.91524172,1,1,0,6.9794396,0.17384679
-7.9906575,0.87082199,0.91524172,1,3,0,8.1090611,0.093599473
-7.4511413,1,0.91524172,1,1,0,7.930008,0.1242002
-7.174388,1,0.91524172,1,1,0,7.4255666,0.14787236
-7.265754,0.98586946,0.91524172,1,1,0,7.3176441,0.13909324
-7.3065447,0.99390294,0.91524172,1,1,0,7.3864055,0.13552063
-7.326011,0.9962893,0.91524172,2,7,0,7.3330967,0.39727273
-7.5706628,0.97593395,0.91524172,2,3,0,7.6952121,0.42768111
-7.5381291,1,0.91524172,1,1,0,7.7841288,0.42391051
-7.0393261,0.88584258,0.91524172,2,3,0,8.4909577,0.16353421
-7.657193,0.94852325,0.91524172,2,7,0,7.6604292,0.43737747
-6.7527782,0.99461284,0.91524172,1,3,0,7.6742527,0.23794237
-6.7484446,0.963659,0.91524172,2,3,0,7.0074445,0.25364691
-6.7482135,1,0.91524172,1,1,0,6.7483994,0.25245329
-8.5428744,0.67398468,0.91524172,1,3,0,8.8154344,0.51809577
-6.751802,1,0.91524172,1,3,0,8.2953653,0.26097248
-7.3777583,0.86910192,0.91524172,1,3,0,7.4595005,0.40414399
-6.8364082,1,0.91524172,2,3,0,7.2709622,0.20005269
-7.3346251,0.92579131,0.91524172,1,3,0,7.3781424,0.13316776
-6.9166869,0.8661308,0.91524172,2,3,0,9.1972567,0.32681213
-6.9986949,0.91231278,0.91524172,1,3,0,7.5220315,0.16914526
-6.8327347,0.89572091,0.91524172,2,3,0,7.982741,0.20104521
-6.7480219,0.85964315,0.91524172,2,3,0,8.1278559,0.25006792
-6.8451892,0.97582887,0.91524172,1,3,0,6.879391,0.19777045
-7.5415209,0.91289584,0.91524172,2,3,0,7.7059762,0.11798424
-7.6247807,0.9892987,0.91524172,1,1,0,7.728557,0.11272708
-9.1651869,0.89563491,0.91524172,2,7,0,9.1948298,0.56243353
-7.1513846,1,0.91524172,1,1,0,8.5444236,0.37165878
-6.8688019,1,0.91524172,2,7,0,7.0859823,0.19216003
-6.7485128,0.99748029,0.91524172,1,3,0,6.8923459,0.25393079
-6.7739744,0.90404282,0.91524172,2,3,0,7.4033006,0.22226772
-6.7506494,0.96058449,0.91524172,2,3,0,7.0489606,0.24101213
-7.524892,0.83575704,0.91524172,1,3,0,7.712518,0.42235531
-6.8017834,1,0.91524172,2,3,0,7.4426489,0.21057879
-7.0704545,0.92360953,0.91524172,1,3,0,7.3258451,0.35805051
-7.9317936,0.77091819,0.91524172,1,1,0,7.9435887,0.46550501
-6.9561008,1,0.91524172,1,1,0,7.6427417,0.33576413
-7.043914,0.9752464,0.91524172,1,1,0,7.0839815,0.35325315
-6.832099,1,0.91524172,1,1,0,6.9869808,0.30343101
-6.7949249,1,0.91524172,1,1,0,6.8278731,0.2895208
-7.7543017,0.70689981,0.91524172,2,3,0,8.7658007,0.4477449
-6.9539908,0.87894522,0.91524172,1,3,0,8.5123642,0.17601401
-7.1451466,0.9148017,0.91524172,1,3,0,7.7407694,0.37065737
-6.7870746,0.95013369,0.91524172,2,3,0,7.4795944,0.2859685
-7.3767445,0.79472605,0.91524172,2,3,0,8.0023228,0.12978644
-6.8381187,0.99549989,0.91524172,2,3,0,7.4307655,0.19959846
-6.9202764,0.99465888,0.91524172,2,3,0,6.9241661,0.18181893
-7.1103546,0.96151238,0.91524172,2,3,0,7.3496795,0.15481687
-7.9622593,0.90449758,0.91524172,2,3,0,8.3020431,0.094896492
-6.7827852,0.92241974,0.91524172,1,3,0,8.6179616,0.28388325
-6.8526399,0.99394846,0.91524172,2,3,0,6.8535035,0.3098566
-6.9916224,0.90426283,0.91524172,2,7,0,7.3925542,0.17017875
-6.8106246,0.99270607,0.91524172,2,3,0,7.0762217,0.20760079
-7.2412064,0.93108513,0.91524172,1,3,0,7.2838965,0.1413395
-6.7604837,0.99668499,0.91524172,2,3,0,7.2589287,0.23062049
-6.7494801,0.99951278,0.91524172,2,3,0,6.7644403,0.24329007
-8.0641371,0.77174442,0.91524172,2,3,0,8.6831283,0.47790096
-7.8176064,1,0.91524172,1,1,0,8.2615601,0.45424344
-6.8663421,1,0.91524172,2,3,0,7.6715417,0.19271343
-6.7741567,0.99889067,0.91524172,1,3,0,6.848157,0.22217321
-6.8092345,0.99249202,0.91524172,1,1,0,6.8098347,0.20805301
-10.025586,0.61898908,0.91524172,2,3,0,10.035015,0.03997622
-10.964052,0.96070448,0.91524172,1,1,0,11.011329,0.028186574
-10.022203,0.98919547,0.91524172,2,3,0,12.017699,0.040027784
-9.3267696,1,0.91524172,1,1,0,10.05525,0.052487656
-9.6666985,0.96476688,0.91524172,2,3,0,10.866919,0.045900949
-8.6701781,1,0.91524172,1,1,0,9.6048731,0.068829689
-6.8567323,0.97920641,0.91524172,2,7,0,8.2710301,0.3110641
-6.7784966,1,0.91524172,1,1,0,6.8364924,0.28167182
-7.1317734,0.88169292,0.91524172,1,3,0,7.4681203,0.15240933
-7.499386,0.79712477,0.91524172,2,3,0,9.2808433,0.12081075
-6.7846196,1,0.91524172,2,3,0,7.3376314,0.28478918
-8.7504505,0.70010495,0.91524172,2,7,0,8.7513399,0.066515179
-9.2254481,0.96605943,0.91524172,1,1,0,9.3221087,0.054666985
-9.3079072,0.97253339,0.91524172,2,7,0,9.433756,0.57164303
-8.8063014,1,0.91524172,1,1,0,9.6941882,0.53777679
-7.7123288,1,0.91524172,1,1,0,8.6061306,0.44332597
-6.988781,1,0.91524172,2,3,0,7.5469312,0.17059918
-6.7760588,0.99687363,0.91524172,1,3,0,6.9615849,0.22120714
-6.9884574,0.96335728,0.91524172,1,3,0,7.0059802,0.17064726
-6.7657317,1,0.91524172,2,3,0,6.9379509,0.27400196
-6.7601191,0.99638444,0.91524172,2,3,0,6.7962619,0.26977079
-7.2482093,0.80900748,0.91524172,2,3,0,7.9151502,0.14069089
-6.8978406,0.93553096,0.91524172,1,3,0,7.822411,0.32219117
-7.0898439,0.85994761,0.91524172,1,3,0,7.6716677,0.15721138
-9.0071971,0.7894542,0.91524172,2,3,0,9.4273782,0.059751143
-8.7185447,1,0.91524172,1,1,0,9.1326514,0.067422844
-6.8394516,1,0.91524172,2,3,0,8.4786691,0.19924783
-6.7523582,0.99920167,0.91524172,1,3,0,6.8319567,0.23848112
-6.7523582,0.54785347,0.91524172,1,3,0,9.6965585,0.23848112
-6.7557012,0.90696024,0.91524172,2,3,0,7.4452102,0.23472605
-6.9016353,0.98284852,0.91524172,2,3,0,6.9148596,0.32314225
-6.7568638,1,0.91524172,1,3,0,6.873671,0.26686298
-6.7665115,0.96142615,0.91524172,2,3,0,7.0032087,0.22649128
-6.778016,0.99183712,0.91524172,1,3,0,6.8309295,0.28141502
-6.7776476,1,0.91524172,2,7,0,6.7776949,0.22042653
-7.9716203,0.76474292,0.91524172,1,3,0,8.4033485,0.094465983
-7.3430197,1,0.91524172,2,3,0,7.8887306,0.13248012
-7.0003083,1,0.91524172,1,1,0,7.2861625,0.16891203
-7.9115455,0.88414241,0.91524172,1,3,0,7.9844285,0.097281232
-6.7592589,0.9410776,0.91524172,1,3,0,8.4102122,0.26904381
-6.9740614,0.96955997,0.91524172,2,3,0,6.9775138,0.17282761
-8.915239,0.73941171,0.91524172,1,3,0,9.4539234,0.062068919
-7.1648014,0.94694216,0.91524172,1,3,0,8.9519662,0.14886558
-7.3161739,0.9922883,0.91524172,2,3,0,7.3526108,0.13470445
-7.0711866,1,0.91524172,1,1,0,7.2872514,0.15947192
-6.7677111,1,0.91524172,2,3,0,7.0029878,0.27533416
-6.9747498,0.93021686,0.91524172,1,3,0,7.167431,0.17272143
-7.8309651,0.9411563,0.91524172,2,3,0,7.8383557,0.45559054
-7.7391711,1,0.91524172,1,1,0,8.0778566,0.44616243
-6.8839358,1,0.91524172,2,3,0,7.5838532,0.18888998
-7.3119615,0.94032625,0.91524172,1,3,0,7.3259984,0.13506027
-6.7504928,0.98091259,0.91524172,1,3,0,7.4765257,0.25885543
-6.7702545,0.99536302,0.91524172,2,3,0,6.785501,0.27695465
-7.0183989,0.95068023,0.91524172,1,3,0,7.0268853,0.34845136
-6.9250538,1,0.91524172,1,1,0,7.0228407,0.3287869
-6.8976391,1,0.91524172,1,1,0,6.9513421,0.32214037
-7.1710288,0.925137,0.91524172,1,1,0,7.1793176,0.37476674
-6.8840932,1,0.91524172,1,1,0,7.0950982,0.31864867
-6.7801677,0.97967914,0.91524172,2,3,0,7.0285032,0.28255015
-7.5514274,0.75391743,0.91524172,2,3,0,8.2712975,0.11733663
-6.8743163,0.99301723,0.91524172,2,7,0,7.3981801,0.31602752
-6.8046755,1,0.91524172,1,1,0,6.8601386,0.29356111
-6.749834,0.99747313,0.91524172,1,3,0,6.8191519,0.24252541
-6.8082691,0.93054586,0.91524172,2,3,0,7.1918194,0.2083704
-6.8082691,0.89627616,0.91524172,1,3,0,7.3965225,0.2083704
-6.7679497,0.99196523,0.91524172,1,3,0,6.8770155,0.27549024
-7.239049,0.904023,0.91524172,1,3,0,7.268266,0.38504619
-7.0000104,0.86684115,0.91524172,1,3,0,8.0028404,0.16895504
-6.8408133,0.89376888,0.91524172,2,3,0,8.0079489,0.19889258
-10.013262,0.63438669,0.91524172,2,3,0,10.031406,0.040164405
-10.304537,0.94436544,0.91524172,2,7,0,10.413787,0.62847026
-8.5435013,1,0.91524172,2,7,0,10.176783,0.072701383
-8.0504677,1,0.91524172,2,3,0,8.5457249,0.09095282
-9.0652275,0.91101995,0.91524172,1,1,0,9.0652674,0.058344145
-9.0107767,0.968255,0.91524172,2,7,0,9.2052411,0.55210211
-8.0482807,1,0.91524172,2,7,0,9.0143669,0.091047634
-6.7913749,0.94946271,0.91524172,1,3,0,8.7932436,0.28795239
-7.6127272,0.7365084,0.91524172,1,3,0,8.3808317,0.113463
-6.9534257,0.99191586,0.91524172,2,3,0,7.7458925,0.17610641
-7.7555922,0.90505806,0.91524172,2,3,0,8.0001792,0.10522597
-7.2750062,1,0.91524172,1,1,0,7.6925108,0.13826594
-10.136195,0.6103716,0.91524172,2,3,0,11.890798,0.03833185
-10.017061,0.98134911,0.91524172,2,3,0,11.532499,0.040106281
-10.444642,0.98074116,0.91524172,1,1,0,10.61489,0.034137988
-11.001992,0.92045861,0.91524172,2,7,0,11.043984,0.66209678
-8.2114302,1,0.91524172,1,1,0,10.27253,0.49097679
-7.7956827,1,0.91524172,1,1,0,8.3241461,0.45201466
-7.1681836,0.77221502,0.91524172,1,3,0,9.1621297,0.14851343
-7.6131029,0.93624919,0.91524172,1,1,0,7.6146248,0.11343994
-6.7486814,1,0.91524172,2,3,0,7.4512028,0.25455865
-6.9033118,0.97216736,0.91524172,2,3,0,6.9639167,0.32355899
-6.8187433,0.96605834,0.91524172,1,3,0,7.1195684,0.20506375
-6.8497452,0.99371296,0.91524172,1,1,0,6.857818,0.19663205
-6.9185497,0.98666464,0.91524172,1,1,0,6.925628,0.18213382
-7.2405532,0.97162833,0.91524172,2,7,0,7.2449052,0.38526582
-7.2405532,0.83491893,0.91524172,1,1,0,7.7120155,0.38526582
-7.2405532,0.88823954,0.91524172,1,1,0,7.5928098,0.38526582
-7.3730621,0.96076347,0.91524172,1,1,0,7.4885029,0.40353154
-6.8780526,0.91910163,0.91524172,1,3,0,7.8529398,0.19013491
-6.8816294,0.99930438,0.91524172,1,1,0,6.9077638,0.18937424
-6.8096987,0.97831731,0.91524172,1,3,0,7.0717211,0.29551403
-7.5002737,0.8958172,0.91524172,2,7,0,7.5003057,0.12074996
-7.1465206,1,0.91524172,1,1,0,7.4525223,0.15080289
-6.9526955,0.92810514,0.91524172,2,7,0,7.7646088,0.33502339
-7.6383483,0.81739992,0.91524172,1,1,0,7.6406065,0.43530474
-7.6146113,1,0.91524172,2,7,0,7.6146667,0.11334743
-6.7595101,0.95700236,0.91524172,1,3,0,7.9684524,0.26925878
-6.7595101,0.66290705,0.91524172,1,3,0,8.5893204,0.26925878
-6.8399608,0.97150451,0.91524172,1,3,0,6.9230021,0.19911464
-6.7511654,0.94234964,0.91524172,2,3,0,7.2840385,0.24017684
-6.7495612,0.93827601,0.91524172,2,3,0,7.1949266,0.24310717
-6.7553229,0.99787885,0.91524172,1,3,0,6.7626107,0.26530386
-6.7553229,0.81498732,0.91524172,1,3,0,7.5416028,0.26530386
-6.7810791,0.97733502,0.91524172,2,3,0,6.8925519,0.21881337
-7.3639709,0.89105729,0.91524172,1,3,0,7.4851179,0.13079403
-7.7051264,0.98502071,0.91524172,2,3,0,7.7290766,0.10801968
-7.7596487,0.99781803,0.91524172,2,3,0,7.8929029,0.10500649
-8.3748179,0.93573432,0.91524172,1,1,0,8.3896606,0.078321881
-7.1522626,0.88020616,0.91524172,1,3,0,10.31196,0.37179916
-6.9940704,1,0.91524172,1,1,0,7.147292,0.34367525
-7.9439435,0.56988613,0.91524172,2,7,0,9.6739759,0.095747435
-7.5555942,1,0.91524172,1,1,0,7.9290768,0.1170661
-7.0798687,0.90253742,0.91524172,1,3,0,8.6921815,0.35970835
-6.8446193,1,0.91524172,1,1,0,7.016592,0.30742444
-7.1913492,0.90756021,0.91524172,1,1,0,7.1914664,0.37791262
-6.7665217,1,0.91524172,1,3,0,7.1063165,0.27454184
-6.7614174,1,0.91524172,1,1,0,6.7674692,0.27082216
-6.7614174,0.47959546,0.91524172,1,3,0,9.882593,0.27082216
-6.7692102,0.96910974,0.91524172,2,3,0,6.9592794,0.22487519
-6.760258,0.85925772,0.91524172,2,3,0,7.932465,0.23079357
-7.8389148,0.85186227,0.91524172,2,3,0,7.8994741,0.10085998
-8.0391593,0.97815769,0.91524172,1,1,0,8.1408195,0.091444658
-6.9458436,0.97159919,0.91524172,1,3,0,8.0058536,0.17736116
-6.9300105,1,0.91524172,1,1,0,6.9753011,0.18007793
-6.8207997,0.9768158,0.91524172,1,3,0,7.1678139,0.29958077
-6.8768512,0.95058188,0.91524172,2,3,0,7.1405907,0.31671588
-6.7874418,1,0.91524172,1,1,0,6.8538892,0.2861418
-6.7874418,0.93581915,0.91524172,1,3,0,7.1158076,0.2861418
-6.8056507,0.99527036,0.91524172,1,1,0,6.8120222,0.29394643
-6.7929409,1,0.91524172,1,1,0,6.8110112,0.28865149
-6.9095373,0.96942635,0.91524172,1,1,0,6.9099461,0.32508861
-7.645834,0.67044178,0.91524172,1,3,0,8.819,0.11146089
-8.4559077,0.91329442,0.91524172,1,1,0,8.4561075,0.075549361
-7.855771,1,0.91524172,2,3,0,8.4150883,0.10001145
-7.2822999,1,0.91524172,1,1,0,7.7774678,0.13762093
-7.0766521,1,0.91524172,1,1,0,7.2652,0.15880118
-7.1080136,0.99476165,0.91524172,1,1,0,7.1613519,0.15508563
-7.305939,0.96913009,0.91524172,1,1,0,7.3266821,0.13557231
-7.0119439,1,0.91524172,1,1,0,7.2592689,0.16725688
-6.7508936,0.81051744,0.91524172,2,3,0,9.330819,0.25955228
-6.7553201,0.99891828,0.91524172,1,1,0,6.7554166,0.2653009
-6.9264636,0.90098395,0.91524172,2,3,0,7.3430333,0.18070576
-7.6477557,0.90408798,0.91524172,1,3,0,7.7023442,0.11134651
-7.2870617,1,0.91524172,1,1,0,7.6123064,0.13720317
-6.9169361,0.92967467,0.91524172,1,3,0,7.9242239,0.3268716
-7.6597807,0.80520181,0.91524172,1,1,0,7.6597929,0.43766047
-6.8451158,0.93144975,0.91524172,1,3,0,8.0720958,0.19778905
-6.7643484,0.7772591,0.91524172,2,3,0,9.0467281,0.22787845
-6.7573343,0.87483626,0.91524172,2,3,0,7.7719847,0.23320492
-7.0156408,0.94694971,0.91524172,1,3,0,7.066876,0.16674055
-6.748027,0.99625355,0.91524172,1,3,0,7.0580909,0.25040674
-6.785322,0.99108756,0.91524172,1,3,0,6.7945824,0.28513032
-7.0854521,0.90015345,0.91524172,2,3,0,7.442226,0.36068142
-6.8584181,1,0.91524172,1,1,0,7.0262143,0.31155538
-6.8760008,0.9557544,0.91524172,2,3,0,7.1759538,0.19057673
-6.7675537,0.9743943,0.91524172,2,3,0,7.1003022,0.2752306
-7.0252604,0.96330779,0.91524172,2,3,0,7.0269461,0.16541761
-6.7481042,0.99717148,0.91524172,1,3,0,7.0629184,0.2483971
-6.7505938,0.95502931,0.91524172,2,3,0,7.0534216,0.24110694
-6.8503112,0.978527,0.91524172,1,3,0,6.8692292,0.19649266
-7.1547083,0.90999856,0.91524172,1,3,0,7.5484094,0.37218945
-7.3446637,0.94469995,0.91524172,1,1,0,7.4264079,0.39978131
-7.4364903,0.97237847,0.91524172,1,1,0,7.5900331,0.41163071
-7.5051227,0.97912677,0.91524172,1,1,0,7.6907874,0.42000912
-7.774072,0.91982527,0.91524172,1,1,0,7.9492263,0.44979529
-6.8037362,1,0.91524172,1,3,0,7.5393573,0.29318697
-7.4537527,0.77497101,0.91524172,2,7,0,8.1315785,0.1240123
-7.2808617,0.97645874,0.91524172,2,3,0,7.9400095,0.13774762
-6.813086,0.9910468,0.91524172,1,3,0,7.2386697,0.20681339
-7.4223422,0.85660659,0.91524172,1,3,0,7.8144465,0.40985545
-6.7914525,0.96267477,0.91524172,1,3,0,7.635632,0.21442002
-6.7528151,0.95016709,0.91524172,2,3,0,7.1518437,0.23789619
-7.1148843,0.91482143,0.91524172,1,3,0,7.2368198,0.36569317
-7.1465991,0.99070747,0.91524172,1,1,0,7.2419423,0.37089119
-6.7505349,1,0.91524172,2,3,0,7.1609042,0.24120846
-6.7490314,1,0.91524172,1,1,0,6.7502124,0.24441106
-6.7913254,0.98873236,0.91524172,1,3,0,6.8105043,0.28793009
-6.7803201,0.98767487,0.91524172,1,3,0,6.8779997,0.21916217
-8.0811173,0.82927577,0.91524172,2,3,0,8.1580243,0.089639153
-7.8707633,1,0.91524172,1,1,0,8.1601791,0.099266039
-7.9752254,0.99616748,0.91524172,2,3,0,8.110032,0.094300972
-6.777675,0.99367085,0.91524172,1,3,0,8.144608,0.22041327
-8.5773761,0.64050404,0.91524172,1,3,0,9.4281001,0.071638452
-8.6375891,0.99500452,0.91524172,1,1,0,8.8547938,0.06979927
-8.5764033,0.88126975,0.91524172,2,3,0,11.635273,0.07166869
-7.1347666,0.95356085,0.91524172,1,3,0,8.5451484,0.15208
-6.7603011,0.99656744,0.91524172,1,3,0,7.1361075,0.23076038
-6.8652726,0.98093388,0.91524172,1,3,0,6.8733466,0.19295612
-6.902955,0.9927081,0.91524172,1,1,0,6.9180533,0.18506729
-6.7757479,0.98452055,0.91524172,1,3,0,7.0292397,0.28017552
-6.8685336,0.94824562,0.91524172,2,3,0,7.0824068,0.19222009
-6.8363259,0.8972235,0.91524172,2,3,0,7.7478461,0.20007468
-7.1769435,0.97443423,0.91524172,2,3,0,7.1785677,0.37568946
-8.163545,0.73888611,0.91524172,1,1,0,8.1881948,0.48680285
-9.1164309,0.74047687,0.91524172,1,1,0,9.4031063,0.55921398
-9.1643622,1,0.91524172,2,7,0,9.1665807,0.056034315
-8.7094445,1,0.91524172,2,3,0,9.230059,0.067684667
-6.9653136,1,0.91524172,2,3,0,8.5943077,0.1741943
-6.9061148,1,0.91524172,1,1,0,6.9719325,0.18445931
-8.0373093,0.77393134,0.91524172,1,3,0,8.8296825,0.47544058
-8.7252064,0.24821531,0.91524172,1,3,0,13.800482,0.067232011
-9.2751807,0.96079881,0.91524172,1,1,0,9.3526559,0.053583808
-8.3112934,1,0.91524172,1,1,0,9.1999669,0.080592072
-7.2189529,0.95910323,0.91524172,1,3,0,8.2158064,0.14344391
-6.8052125,0.97418248,0.91524172,1,3,0,7.5621224,0.29377368
-6.8497504,0.96339586,0.91524172,2,3,0,7.0485918,0.30899073
-6.7548782,0.99327084,0.91524172,1,3,0,6.8885518,0.23555615
-6.7531799,0.99807108,0.91524172,2,7,0,6.7684341,0.26283713
-6.8304099,0.97569706,0.91524172,1,3,0,6.8889623,0.2016858
-6.9181878,0.95915326,0.91524172,1,3,0,7.1684581,0.32716964
-6.8632595,1,0.91524172,2,3,0,6.9230931,0.31294717
-6.7523271,1,0.91524172,2,3,0,6.8485999,0.23852204
-6.9019617,0.66806084,0.91524172,2,3,0,9.36451,0.18525991
-6.8206762,1,0.91524172,1,1,0,6.8877086,0.2044838
-6.8206762,0.92594885,0.91524172,1,3,0,7.2487747,0.2044838
-9.3991495,0.55374467,0.91524172,1,3,0,10.735001,0.05099509
-8.4101363,1,0.91524172,2,3,0,9.3256351,0.077097574
-6.7860756,0.89385342,0.91524172,1,3,0,9.3660027,0.28549295
-6.752559,0.99716867,0.91524172,2,3,0,6.8063943,0.26203159
-7.5150912,0.84339522,0.91524172,1,3,0,7.6109173,0.42119575
-6.8801433,0.9150859,0.91524172,1,3,0,8.0221959,0.18968884
-7.7598068,0.87347188,0.91524172,1,3,0,7.8841636,0.10499795
-7.1173952,0.98730994,0.91524172,2,3,0,8.0173076,0.1540154
-7.2182238,0.98393691,0.91524172,1,1,0,7.2594693,0.143514
-6.766065,1,0.91524172,2,3,0,7.1192669,0.27423113
-7.0971618,0.8959845,0.91524172,1,3,0,7.3650677,0.15634658
-6.7521853,0.9982368,0.91524172,1,3,0,7.1166364,0.23871062
-6.8911022,0.97056712,0.91524172,1,3,0,6.9173306,0.18741504
-6.7934384,0.9853943,0.91524172,1,3,0,7.0526862,0.28887116
-6.7997519,0.99835586,0.91524172,1,1,0,6.8098094,0.29156594
-7.1582062,0.8696427,0.91524172,2,3,0,7.6401797,0.37274578
-7.9278481,0.6145446,0.91524172,1,3,0,10.017713,0.096504793
-7.292069,0.98445116,0.91524172,2,3,0,8.2956152,0.13676668
-7.4182512,0.98186631,0.91524172,1,1,0,7.4774255,0.12661283
-7.4182512,0.9149895,0.91524172,1,1,0,8.0327308,0.12661283
-7.5969951,0.82748304,0.91524172,2,3,0,9.7118954,0.11443591
-6.7920843,0.92295991,0.91524172,2,3,0,8.5842537,0.21417171
-6.7635626,1,0.91524172,2,3,0,6.7859013,0.228406
-6.7635626,0.95301618,0.91524172,1,3,0,7.0125567,0.228406
-6.7914705,0.98796849,0.91524172,1,3,0,6.846797,0.28799541
-6.8826291,0.86698849,0.91524172,2,3,0,7.6412713,0.18916375
-6.8187986,1,0.91524172,1,1,0,6.8731745,0.20504705
-6.8661769,0.99682018,0.91524172,2,3,0,6.8716088,0.19275084
-7.9659961,0.8741915,0.91524172,2,3,0,8.1264571,0.094724287
-8.6080105,0.97962356,0.91524172,2,3,0,8.6296081,0.070694858
-12.364148,0.81810982,0.91524172,2,3,0,12.586975,0.017082653
-11.47628,1,0.91524172,1,1,0,12.426339,0.023415814
-12.438436,0.99195201,0.91524172,2,3,0,12.507974,0.016642463
-7.733042,1,0.91524172,2,3,0,12.05337,0.10645964
-7.2876836,1,0.91524172,1,1,0,7.678044,0.13714881
-6.8112961,0.99101329,0.91524172,1,3,0,7.2470008,0.20738433
-6.7588199,0.92527869,0.91524172,2,3,0,7.4491872,0.26866233
-6.8156744,0.98963944,0.91524172,1,3,0,6.8162759,0.2977423
-6.9286527,0.96989527,0.91524172,1,1,0,6.9320233,0.32962306
-6.7480253,0.99867221,0.91524172,1,3,0,6.9262836,0.25033567
-6.7480221,0.99997254,0.91524172,2,3,0,6.7481999,0.24988984
-7.1699759,0.8134749,0.91524172,2,3,0,7.9328742,0.14832759
-6.9179641,1,0.91524172,2,3,0,7.1251076,0.18224104
-6.822692,0.97313888,0.91524172,1,3,0,7.1531039,0.30024416
-7.157103,0.85703121,0.91524172,1,3,0,7.6382998,0.14967435
-6.9244839,0.9379476,0.91524172,1,3,0,7.7290187,0.32865378
-6.9244839,0.7856527,0.91524172,1,3,0,7.9275573,0.32865378
-6.867121,1,0.91524172,1,1,0,6.9293356,0.31403794
-9.6642179,0.29936384,0.91524172,2,3,0,12.410683,0.5933549
-6.7993667,0.97713298,0.91524172,2,3,0,10.035495,0.21143869
-7.0020423,0.9699108,0.91524172,1,3,0,7.0083625,0.16866241
-7.7673982,0.94644917,0.91524172,2,3,0,7.7681355,0.44910532
-7.2680905,1,0.91524172,1,1,0,7.6928728,0.3892332
-6.7520015,0.9939702,0.91524172,1,3,0,7.3000034,0.23896006
-6.8426396,0.98129717,0.91524172,1,3,0,6.8562805,0.19842069
-6.9235996,0.95798254,0.91524172,1,3,0,7.1995147,0.32844681
-7.5789878,0.82607546,0.91524172,1,1,0,7.5796868,0.42863452
-7.5789878,0.49062603,0.91524172,1,1,0,9.1786431,0.42863452
-7.0130454,1,0.91524172,1,1,0,7.4250255,0.34741785
-7.1072496,0.97306636,0.91524172,1,1,0,7.1622522,0.36441142
-6.7558216,0.97751024,0.91524172,2,3,0,7.2534516,0.26582461
-6.7481499,1,0.91524172,2,3,0,6.7548605,0.24800206
-6.8040271,0.93855953,0.91524172,2,3,0,7.1297808,0.20979914
-6.7879003,0.98839438,0.91524172,1,3,0,6.9100352,0.28635717
-6.7672777,1,0.91524172,1,1,0,6.7841794,0.27504817
-7.2048237,0.93488458,0.91524172,2,3,0,7.2089968,0.14481579
-6.8782736,0.952981,0.91524172,1,3,0,7.7125398,0.31709938
-7.1292269,0.97720716,0.91524172,2,3,0,7.1354026,0.36806846
-7.0628635,1,0.91524172,1,1,0,7.1836737,0.35669749
-7.3510837,0.91807915,0.91524172,1,1,0,7.3958403,0.40063628
-6.7545691,1,0.91524172,2,3,0,7.3758588,0.23588107
-6.8690133,0.9866706,0.91524172,2,3,0,6.8781819,0.31456646
-7.2833837,0.80755027,0.91524172,2,7,0,7.990787,0.13752562
-7.0187641,0.98361077,0.91524172,2,3,0,7.5572151,0.16630779
-6.896679,0.93645941,0.91524172,2,3,0,7.6514503,0.32189782
-6.793664,0.97509639,0.91524172,1,3,0,7.0514374,0.21355921
-6.748286,0.99969281,0.91524172,1,3,0,6.7942441,0.24713374
-7.3169105,0.86365154,0.91524172,1,3,0,7.5619165,0.13464242
-8.3248214,0.9253233,0.91524172,2,7,0,8.3412873,0.50058724
-6.7497262,1,0.91524172,1,3,0,8.1343304,0.25734514
-6.7933806,0.99073318,0.91524172,1,3,0,6.7977207,0.28884569
-6.7933806,0.77434813,0.91524172,1,3,0,7.7077649,0.28884569
-6.7740789,1,0.91524172,1,1,0,6.7915081,0.27923214
-7.0259939,0.96449115,0.91524172,2,3,0,7.0265356,0.16531792
-6.7526298,0.9890707,0.91524172,1,3,0,7.1158589,0.26212607
-6.7569363,0.99894143,0.91524172,1,1,0,6.7573266,0.26693297
-8.7645097,0.55122104,0.91524172,2,3,0,10.195859,0.53475134
-7.0958457,1,0.91524172,1,1,0,8.2541996,0.36247334
-7.605188,0.57294788,0.91524172,2,3,0,10.241609,0.11392747
-7.6639412,0.99754056,0.91524172,2,3,0,7.7836624,0.11039088
-8.250647,0.9357617,0.91524172,1,1,0,8.2638361,0.082845524
-7.844349,1,0.91524172,1,1,0,8.2593609,0.1005852
-7.4576003,1,0.91524172,1,1,0,7.8198069,0.12373639
-6.9507668,0.91289493,0.91524172,1,3,0,8.2725862,0.33460132
-7.2043818,0.76512497,0.91524172,2,3,0,8.5199977,0.14485916
-6.9905933,1,0.91524172,1,1,0,7.1744653,0.17033067
-6.9524732,1,0.91524172,2,3,0,7.0141061,0.17626249
-7.0557798,0.92863003,0.91524172,1,3,0,7.6035843,0.35542135
-7.9894187,0.75446951,0.91524172,1,1,0,7.9970347,0.47098361
-7.9894187,0.41916795,0.91524172,1,1,0,10.004554,0.47098361
-7.0606266,1,0.91524172,1,1,0,7.717311,0.35629594
-7.0606266,0.70495029,0.91524172,1,1,0,7.8683261,0.35629594
-8.849423,0.7130353,0.91524172,2,7,0,8.9272561,0.063797825
-8.7850787,1,0.91524172,2,3,0,9.0763972,0.06554784
-6.7736447,0.96793439,0.91524172,2,3,0,9.5424061,0.22243954
-7.210399,0.91719519,0.91524172,1,3,0,7.291264,0.14427102
-7.3828685,0.95827093,0.91524172,2,3,0,7.8521535,0.12930868
-7.3759502,1,0.91524172,2,3,0,7.4890325,0.12984866
-9.0440704,0.86622038,0.91524172,2,3,0,9.3901771,0.058852286
-6.7505047,0.95645752,0.91524172,1,3,0,9.9715998,0.2412611
-7.3704307,0.90563971,0.91524172,2,3,0,7.575219,0.40318743
-6.8117801,1,0.91524172,2,3,0,7.2772324,0.20722908
-7.2627574,0.88584225,0.91524172,1,3,0,7.6052787,0.38847258
-6.91761,1,0.91524172,1,1,0,7.1715638,0.32703217
-7.1004049,0.94929412,0.91524172,1,1,0,7.1192994,0.36325161
-6.7936449,1,0.91524172,2,3,0,7.0382574,0.21356657
-6.8832016,0.99389854,0.91524172,2,3,0,6.8832046,0.18904362
-6.778015,0.99522568,0.91524172,2,3,0,6.9323136,0.22024919
-6.7514524,0.99782279,0.91524172,1,3,0,6.7961282,0.2604482
-6.7843896,0.99592581,0.91524172,2,3,0,6.7847868,0.21733982
-6.887275,0.96407372,0.91524172,1,3,0,7.0318631,0.31948275
-7.7238653,0.65526444,0.91524172,1,3,0,8.9187068,0.1069684
-8.5846508,0.9115998,0.91524172,1,1,0,8.5847438,0.07141288
-7.0579766,0.97862137,0.91524172,2,7,0,8.2778641,0.35581855
-7.0039783,0.87416501,0.91524172,1,3,0,7.7569929,0.16838495
-7.1971748,0.95906902,0.91524172,2,3,0,7.5105385,0.14557061
-6.998552,0.87388488,0.91524172,2,3,0,8.6313733,0.16916597
-7.9453319,0.88013702,0.91524172,1,3,0,8.0279879,0.095682526
-7.7316614,1,0.91524172,1,1,0,8.0077396,0.10653593
-7.4412041,1,0.91524172,1,1,0,7.7334578,0.12492007
-7.4923661,0.99413668,0.91524172,2,7,0,7.4924399,0.4184798
-7.3072637,1,0.91524172,1,1,0,7.5633143,0.39471322
-6.9055499,1,0.91524172,2,7,0,7.2137048,0.18456748
-7.3085849,0.88728828,0.91524172,1,3,0,7.8766207,0.39489489
-7.9402742,0.49611886,0.91524172,2,3,0,10.796887,0.46631951
-7.1529304,1,0.91524172,1,1,0,7.7298701,0.37190584
-6.9062108,0.9379489,0.91524172,2,3,0,7.6584154,0.18444095
-7.2684678,0.94393852,0.91524172,2,3,0,7.4961848,0.13884951
-6.8030023,0.90884681,0.91524172,2,3,0,8.2621668,0.21015308
-7.0416321,0.96451892,0.91524172,1,3,0,7.0514032,0.16323097
-8.1474946,0.92726804,0.91524172,2,3,0,8.1585167,0.48538764
-7.357657,1,0.91524172,2,7,0,8.0093939,0.13129772
-6.8427832,0.98864827,0.91524172,1,3,0,7.3039658,0.19838383
-7.7467386,0.92142882,0.91524172,2,3,0,7.8246453,0.44695535
-7.6310701,1,0.91524172,1,1,0,7.9484821,0.43449859
-6.748918,1,0.91524172,1,3,0,7.5467534,0.25531712
-6.7963113,0.99114127,0.91524172,2,3,0,6.8164518,0.29011802
-7.138909,0.86262427,0.91524172,2,3,0,7.5917073,0.15162701
-7.5214011,0.94365705,0.91524172,1,1,0,7.5248223,0.11931908
-6.8567087,0.98503267,0.91524172,1,3,0,7.4712965,0.19494662
-9.0792329,0.73853582,0.91524172,2,3,0,9.1539858,0.058010766
-6.9873727,1,0.91524172,2,3,0,8.8984397,0.1708087
-7.1046601,0.99328279,0.91524172,2,3,0,7.1237265,0.15547261
-6.7613179,0.9803333,0.91524172,1,3,0,7.2605551,0.27074344
-6.7568673,1,0.91524172,1,1,0,6.7614846,0.26686637
-7.0079899,0.64652515,0.91524172,2,3,0,9.2777179,0.16781414
-6.8336677,0.91511503,0.91524172,2,3,0,7.9726751,0.30394589
-7.2064683,0.83702042,0.91524172,1,3,0,7.7578017,0.14465463
-7.7284733,0.9276907,0.91524172,1,1,0,7.7287403,0.10671244
-6.783794,1,0.91524172,2,3,0,7.5171455,0.28438417
-7.5441598,0.84976315,0.91524172,1,3,0,7.5813217,0.42461495
-8.1986493,0.93822684,0.91524172,2,3,0,8.338697,0.48986969
-7.7076514,1,0.91524172,1,1,0,8.2512278,0.44282781
-9.6840194,0.53742801,0.91524172,1,1,0,9.7638622,0.59451202
-8.9659055,1,0.91524172,2,3,0,10.019313,0.54902371
-8.3906622,1,0.91524172,1,1,0,9.1888913,0.50600232
-8.0216464,1,0.91524172,1,1,0,8.5942379,0.4739922
-7.9990725,1,0.91524172,2,7,0,7.9991665,0.093220233
-6.7502228,1,0.91524172,2,3,0,7.7503539,0.25835411
-6.7503771,0.98961589,0.91524172,2,3,0,6.8167954,0.24148678
-6.7547712,0.9996627,0.91524172,2,3,0,6.7547925,0.23566781
-6.7480217,0.98567308,0.91524172,2,3,0,6.849171,0.24998722
-7.3737503,0.86599385,0.91524172,1,3,0,7.4947642,0.40362143
-6.805234,1,0.91524172,2,3,0,7.2857683,0.20938679
-6.8847995,0.99464126,0.91524172,2,3,0,6.8855594,0.18870987
-6.7730563,0.99856416,0.91524172,1,3,0,6.8644486,0.22274914
-8.2668858,0.71710115,0.91524172,1,3,0,8.7090672,0.49572349
-7.2780579,1,0.91524172,1,1,0,8.0056287,0.3906452
-7.2780579,0.85021804,0.91524172,1,1,0,7.7224404,0.3906452
-6.7599809,0.98565415,0.91524172,1,3,0,7.3574913,0.23100829
-6.7606263,0.99985503,0.91524172,1,1,0,6.7631921,0.23051204
-6.7643635,0.86352146,0.91524172,2,3,0,7.8549873,0.22786844
-6.8822484,0.97931312,0.91524172,1,3,0,6.889985,0.18924382
-6.8079608,1,0.91524172,1,1,0,6.868437,0.20847236
-6.7543125,0.97575569,0.91524172,2,3,0,6.9926958,0.26419248
-6.7886276,0.9874592,0.91524172,1,3,0,6.8271633,0.21555473
-6.9090221,0.95900846,0.91524172,1,3,0,7.0721805,0.32496308
-8.4843147,0.74716318,0.91524172,2,7,0,8.5059777,0.074609594
-7.1142713,0.95607082,0.91524172,1,3,0,8.4442817,0.15436975
-6.7569508,0.98255352,0.91524172,1,3,0,7.254217,0.26694695
-7.2993081,0.88724243,0.91524172,1,3,0,7.3538879,0.39361506
-7.583712,0.91667137,0.91524172,1,1,0,7.6950905,0.42917353
-6.947721,0.7789094,0.91524172,2,3,0,8.9174763,0.33393105
-7.3370308,0.89300101,0.91524172,1,1,0,7.3481039,0.39875924
-6.9136151,0.90546396,0.91524172,1,3,0,7.907759,0.18304426
-6.775556,0.99809538,0.91524172,1,3,0,6.8901398,0.22145902
-7.3768353,0.86218592,0.91524172,1,3,0,7.6484387,0.40402379
-7.3275473,0.78129718,0.91524172,2,3,0,8.9928755,0.13375307
-7.3565377,0.99576922,0.91524172,2,7,0,7.3594833,0.40135927
-7.3565377,0.74218732,0.91524172,1,1,0,8.081342,0.40135927
-6.7516567,0.9676674,0.91524172,2,3,0,7.5702125,0.26075763
-6.9050684,0.96695827,0.91524172,1,3,0,6.9219392,0.32399341
-7.5861053,0.69905737,0.91524172,2,7,0,8.684675,0.11511776
-6.7567506,0.96099561,0.91524172,1,3,0,7.9090827,0.26675318
-7.1631756,0.91471082,0.91524172,1,3,0,7.2021998,0.37353241
-6.7480219,0.99805069,0.91524172,1,3,0,7.1486223,0.25006984
-7.0602459,0.92265943,0.91524172,1,3,0,7.1878773,0.1608368
-6.7482576,0.99382835,0.91524172,1,3,0,7.1213055,0.25272124
-6.7505208,0.99927283,0.91524172,1,3,0,6.7523791,0.24123303
-6.7541,0.99822214,0.91524172,1,3,0,6.7626816,0.26394793
-6.7898635,0.9685283,0.91524172,2,3,0,6.9425565,0.2150532
-7.173236,0.80469241,0.91524172,2,3,0,8.2179814,0.14799091
-6.7818515,1,0.91524172,2,3,0,7.0828644,0.28341337
-6.8631995,0.97887352,0.91524172,1,1,0,6.8635889,0.3129301
-6.7998056,0.97554265,0.91524172,1,3,0,7.0218318,0.2112809
-6.7840982,0.98689179,0.91524172,2,7,0,6.8963654,0.28453392
-7.0453338,0.88416194,0.91524172,2,3,0,7.4560509,0.16274731
-8.7705592,0.80214058,0.91524172,1,3,0,9.1251291,0.065951221
-9.123501,0.95834895,0.91524172,2,3,0,10.194312,0.056972436
-8.7922215,1,0.91524172,1,1,0,9.2382804,0.065350563
-8.5476735,1,0.91524172,1,1,0,8.9214972,0.072569341
-8.621233,0.99384355,0.91524172,1,1,0,8.8308051,0.070292646
-9.7235446,0.9745996,0.91524172,2,3,0,9.7258217,0.044897577
-6.8992608,0.97920171,0.91524172,2,3,0,10.497839,0.18578738
-6.8141416,1,0.91524172,2,3,0,6.883269,0.20648074
-6.7499298,0.99742945,0.91524172,1,3,0,6.8357258,0.25777438
-6.7499984,0.9902858,0.91524172,2,3,0,6.8121857,0.24219611
-6.7747367,0.99513858,0.91524172,1,3,0,6.7769204,0.22187476
-6.7935783,0.99864638,0.91524172,2,3,0,6.7958221,0.21359214
-8.9453449,0.63163924,0.91524172,1,3,0,9.5966625,0.54760122
-6.9291513,0.9139618,0.91524172,1,3,0,9.7012382,0.18022934
-6.8823132,0.96202127,0.91524172,1,3,0,7.2812234,0.31817812
-7.3999889,0.8622289,0.91524172,1,1,0,7.4001464,0.4070147
-7.8275102,0.52271282,0.91524172,1,3,0,10.248319,0.10144048
-6.8276925,0.9839466,0.91524172,1,3,0,7.8542834,0.20244752
-6.7505339,1,0.91524172,2,3,0,6.8128782,0.25892921
-7.304927,0.78763774,0.91524172,2,3,0,8.0799424,0.13565874
-7.0586635,0.9051455,0.91524172,2,3,0,8.3058074,0.35594247
-7.1436365,0.99181736,0.91524172,2,3,0,7.2131507,0.37041387
-7.2126763,0.97972128,0.91524172,1,1,0,7.3097377,0.38114374
-6.7780861,0.97225681,0.91524172,1,3,0,7.3661689,0.22021502
-7.5289556,0.91320476,0.91524172,2,3,0,7.6629419,0.42283406
-7.0411906,1,0.91524172,1,1,0,7.407459,0.35274992
-7.0139216,1,0.91524172,1,1,0,7.1001185,0.34758766
-6.7480604,0.99799929,0.91524172,1,3,0,7.0121955,0.24890253
-6.7502063,0.99055054,0.91524172,2,3,0,6.8070283,0.24179893
-6.845662,0.98522239,0.91524172,2,3,0,6.868278,0.19765093
-6.9160526,0.98631385,0.91524172,1,1,0,6.9223268,0.18259256
-7.0112256,0.93801251,0.91524172,1,3,0,7.468769,0.34706437
-6.7504593,0.98967649,0.91524172,2,3,0,7.0799439,0.25879468
-6.7692017,0.99364743,0.91524172,1,3,0,6.7867405,0.22488008
-7.0554513,0.94627314,0.91524172,1,3,0,7.0964437,0.1614446
-7.2029626,0.97594281,0.91524172,1,1,0,7.2258236,0.14499865
-6.7986977,0.99471754,0.91524172,2,7,0,7.1083264,0.29112726
-6.8171539,0.96179709,0.91524172,2,3,0,7.0545024,0.20554727
-7.2117492,0.8960543,0.91524172,1,3,0,7.5512422,0.38100472
-7.0586518,1,0.91524172,1,1,0,7.2261083,0.35594037
-7.1002963,0.99598004,0.91524172,2,3,0,7.1773144,0.36323313
-7.5466356,0.87456097,0.91524172,1,1,0,7.5867483,0.4249034
-7.3724898,1,0.91524172,1,1,0,7.6419426,0.40345675
-8.1129442,0.56921663,0.91524172,1,3,0,10.903264,0.088304147
-6.8095194,0.98603781,0.91524172,1,3,0,8.2534065,0.20795989
-6.754891,0.91665348,0.91524172,2,3,0,7.5204034,0.2648386
-7.0861793,0.92979031,0.91524172,1,3,0,7.1199098,0.36080761
-6.8792004,1,0.91524172,2,3,0,7.0367527,0.31734823
-6.8501304,1,0.91524172,1,1,0,6.8919836,0.30910526
-6.9081277,0.93537086,0.91524172,1,3,0,7.2259994,0.18407573
-6.8570219,0.9620991,0.91524172,2,3,0,7.2668057,0.31114876
-6.762342,0.98938576,0.91524172,1,3,0,6.9205057,0.22925387
-6.8097701,0.91940272,0.91524172,2,3,0,7.3126898,0.20787811
-6.7854258,1,0.91524172,1,1,0,6.807898,0.21689347
-6.7487948,0.99972789,0.91524172,1,3,0,6.783605,0.24510649
-6.7481632,0.99992182,0.91524172,1,3,0,6.749388,0.25210637
-6.8780588,0.97002964,0.91524172,1,3,0,6.9048534,0.3170416
-6.8662487,0.94267266,0.91524172,2,3,0,7.2438405,0.31379299
-6.8755602,0.99746065,0.91524172,1,1,0,6.9044204,0.31636609
-6.7581104,0.99000548,0.91524172,2,3,0,6.9431031,0.26802965
-6.7705447,0.9928109,0.91524172,1,3,0,6.8054884,0.22411608
-6.993998,0.96524103,0.91524172,2,3,0,7.0679336,0.16982956
-6.8101302,0.99686345,0.91524172,1,3,0,6.9597396,0.20776099
-6.7629994,0.98402731,0.91524172,2,3,0,6.9423737,0.27203873
-8.4999202,0.68339893,0.91524172,1,3,0,8.6651077,0.51474048
-8.4859424,1,0.91524172,1,1,0,9.0206405,0.51363911
-6.753154,1,0.91524172,1,3,0,8.2359539,0.26280441
-6.9274528,0.9628883,0.91524172,1,3,0,6.9443791,0.32934514
-7.1129595,0.94839902,0.91524172,1,1,0,7.1339134,0.3653712
-7.1643163,0.99499205,0.91524172,2,3,0,7.255457,0.37371236
-7.3281424,0.98404037,0.91524172,2,3,0,7.4163307,0.39756126
-7.1605264,1,0.91524172,1,1,0,7.3645029,0.37311359
-6.7482219,0.99874864,0.91524172,1,3,0,7.1370918,0.25250638
-6.7480383,0.99998623,0.91524172,1,3,0,6.7483173,0.24928112
-6.76045,0.97476982,0.91524172,2,3,0,6.9042506,0.23064627
-6.76045,0.60896655,0.91524172,2,3,0,9.272398,0.23064627
-7.4721763,0.84444172,0.91524172,1,3,0,7.7073441,0.41603385
-6.7515136,0.994489,0.91524172,1,3,0,7.4900715,0.23965214
-6.7685955,0.99416944,0.91524172,1,3,0,6.786873,0.27590842
-7.0319367,0.92585507,0.91524172,2,3,0,7.2751924,0.35102377
-6.9653286,1,0.91524172,1,1,0,7.0588504,0.33774391
-6.75041,0.99513161,0.91524172,1,3,0,6.9902543,0.24142809
-6.7493192,0.99905893,0.91524172,2,3,0,6.7576899,0.25640336
-6.762955,0.9812283,0.91524172,2,3,0,6.8633891,0.22882353
-6.7546558,0.88542634,0.91524172,2,3,0,7.6718066,0.23578915
-6.7546558,0.73928538,0.91524172,1,3,0,8.0992199,0.23578915
-6.7546558,0.57465359,0.91524172,1,3,0,9.349617,0.23578915
-7.2896385,0.88357946,0.91524172,1,3,0,7.4596306,0.1369782
-7.6553326,0.95021899,0.91524172,1,1,0,7.6699496,0.11089744
-7.2452101,1,0.91524172,1,1,0,7.604146,0.14096791
-7.4688654,0.98929119,0.91524172,2,3,0,7.5007163,0.12293505
-8.5008356,0.92476809,0.91524172,2,7,0,8.5441274,0.51481244
-7.0782574,1,0.91524172,2,3,0,8.2221479,0.15860553
-7.89189,0.90654679,0.91524172,2,3,0,8.2167979,0.098230139
-6.9086846,0.98873634,0.91524172,2,7,0,7.6728412,0.32488073
-7.5013439,0.84224992,0.91524172,1,1,0,7.5019315,0.41955738
-7.0350997,1,0.91524172,2,3,0,7.3865743,0.35161663
-7.4146755,0.96454634,0.91524172,2,3,0,7.4445426,0.40888617
-6.7737783,0.93497387,0.91524172,2,3,0,7.8469692,0.27905921
-6.7541178,0.99664198,0.91524172,1,3,0,6.7964883,0.23637007
-6.7541178,0.84356732,0.91524172,1,3,0,7.5601049,0.23637007
-6.7793006,0.9959159,0.91524172,1,3,0,6.7796956,0.21963768
-6.8775584,0.98058158,0.91524172,2,3,0,6.9511505,0.19024096
-6.77344,0.99576335,0.91524172,2,3,0,6.9199834,0.22254684
-6.7580641,1,0.91524172,1,1,0,6.7701903,0.23257008
-6.7544568,0.98004705,0.91524172,2,3,0,6.9018792,0.26435631
-6.7665989,0.98879987,0.91524172,2,3,0,6.824709,0.22643707
-6.8257787,0.98756072,0.91524172,2,3,0,6.873766,0.2029927
-7.3290753,0.87466903,0.91524172,1,3,0,7.7262395,0.3976874
-7.5056894,0.94745101,0.91524172,1,1,0,7.6409307,0.42007678
-6.9640325,1,0.91524172,2,3,0,7.353919,0.3374682
-6.7995891,0.96329736,0.91524172,2,3,0,7.2223087,0.29149846
-6.9274538,0.96630701,0.91524172,1,1,0,6.9281271,0.32934537
-7.1969036,0.8432612,0.91524172,1,3,0,7.9446038,0.14559753
-12.617935,0.6789494,0.91524172,2,3,0,13.453862,0.72619753
-7.375425,1,0.91524172,3,7,0,11.392733,0.40383996
-7.0910742,1,0.91524172,1,1,0,7.3432964,0.3616538
-6.8259383,1,0.91524172,1,1,0,7.0180861,0.30136406
-8.6330645,0.46512692,0.91524172,1,3,0,10.609333,0.069935296
-8.3308748,1,0.91524172,2,3,0,8.7218033,0.079882708
-8.8628164,0.95562427,0.91524172,1,1,0,8.9222816,0.063441086
-7.1609785,1,0.91524172,2,3,0,8.8744437,0.14926594
-7.0752551,1,0.91524172,1,1,0,7.1854141,0.15897192
-6.9353649,1,0.91524172,1,1,0,7.0590829,0.17914388
-7.486609,0.86140534,0.91524172,1,3,0,8.1815604,0.41778556
-7.0028885,1,0.91524172,1,1,0,7.3599497,0.34543038
-6.8193621,1,0.91524172,1,1,0,6.953769,0.29907141
-6.967443,0.92050782,0.91524172,2,7,0,7.2807574,0.17385858
-6.7484273,1,0.91524172,2,3,0,6.9337202,0.25357147
-6.8116106,0.83971202,0.91524172,2,3,0,7.8738455,0.20728338
-8.9746679,0.73243549,0.91524172,2,3,0,9.0300314,0.060558399
-7.0946332,0.99475984,0.91524172,2,3,0,9.0811602,0.15664405
-7.1413684,0.99232055,0.91524172,1,1,0,7.193183,0.15135956
-6.7812044,0.96984077,0.91524172,1,3,0,7.3805224,0.2830841
-6.784242,0.99921902,0.91524172,1,1,0,6.7918468,0.28460446
-6.8907801,0.95616235,0.91524172,2,3,0,7.0762846,0.32039148
-7.7612974,0.65098244,0.91524172,2,7,0,9.0057708,0.10491749
-7.5250048,1,0.91524172,1,1,0,7.7912073,0.11907803
-6.880262,0.99324304,0.91524172,2,7,0,7.3802204,0.31763228
-6.9072193,0.99259384,0.91524172,1,1,0,6.9364343,0.32452231
-6.8363133,1,0.91524172,1,1,0,6.8991056,0.30480439
-7.2116327,0.83487211,0.91524172,2,7,0,7.7741069,0.14415109
-7.00305,1,0.91524172,1,1,0,7.1845326,0.16851782
-6.7572397,0.98687561,0.91524172,1,3,0,7.1078218,0.2672228
-7.6904235,0.85854157,0.91524172,2,3,0,7.7015325,0.10885645
-7.700553,0.99876027,0.91524172,1,1,0,7.8480088,0.10827883
-6.7526068,0.95746102,0.91524172,2,3,0,8.3056734,0.26209555
-6.8162155,0.98708249,0.91524172,1,3,0,6.8200203,0.29793941
-7.7398199,0.6843214,0.91524172,1,3,0,8.7215112,0.10608639
-7.5660543,1,0.91524172,1,1,0,7.7980951,0.11639174
-7.9216264,0.95760784,0.91524172,1,1,0,7.9606614,0.096799994
-7.6970557,1,0.91524172,1,1,0,7.9759742,0.10847769
-6.7541456,0.98973216,0.91524172,1,3,0,7.8651538,0.23633934
-7.0989987,0.95398171,0.91524172,2,3,0,7.1672651,0.36301207
-7.5682201,0.86850379,0.91524172,1,1,0,7.6062465,0.42740049
-7.0514425,1,0.91524172,1,1,0,7.4380327,0.35463334
-7.0371481,1,0.91524172,2,7,0,7.0396238,0.16382204
-7.0105695,1,0.91524172,1,1,0,7.0761263,0.16744999
-7.9348107,0.93718371,0.91524172,2,3,0,7.9403092,0.46579512
-7.1256771,1,0.91524172,2,7,0,7.7529576,0.15308537
-6.9727159,0.92925159,0.91524172,2,3,0,7.8257496,0.33930115
-7.1201765,0.86130414,0.91524172,2,3,0,7.9199572,0.15370155
-7.0414497,1,0.91524172,1,1,0,7.141958,0.16325489
-6.8569532,1,0.91524172,2,3,0,7.006453,0.19488859
-6.8531186,1,0.91524172,1,1,0,6.8773571,0.19580766
-6.9208076,0.99563848,0.91524172,2,3,0,6.9285424,0.18172243
-6.9536436,0.94803348,0.91524172,1,3,0,7.3866829,0.3352302
-7.820298,0.77411841,0.91524172,1,1,0,7.8205789,0.45451552
-7.138356,1,0.91524172,2,7,0,7.674579,0.1516873
-6.7569406,1,0.91524172,2,3,0,7.0597707,0.2669371
-6.7686224,0.99708762,0.91524172,1,1,0,6.769104,0.27592575
-6.8983822,0.95250502,0.91524172,1,3,0,7.0433039,0.18596016
-6.8379215,1,0.91524172,1,1,0,6.8929312,0.19965056
-6.7566957,0.99916574,0.91524172,1,3,0,6.8263748,0.23378198
-7.3756385,0.86253657,0.91524172,1,3,0,7.5732636,0.4038678
-7.4811639,0.96821094,0.91524172,1,1,0,7.6418375,0.4171266
-7.2544581,1,0.91524172,2,3,0,7.5181008,0.3872816
-6.7595852,1,0.91524172,1,3,0,7.1697306,0.26932268
-7.4337127,0.80984138,0.91524172,1,3,0,7.9018506,0.12546789
-6.8723421,0.90102796,0.91524172,2,3,0,8.642533,0.19137484
-7.0470518,0.96779343,0.91524172,1,1,0,7.0476742,0.16252414
-6.9537737,1,0.91524172,2,3,0,7.0489616,0.17604948
-6.9537737,0.84461852,0.91524172,1,3,0,8.1521412,0.17604948
-6.9593167,0.9983219,0.91524172,2,7,0,6.9603264,0.33645859
-7.3138686,0.96731405,0.91524172,2,3,0,7.3290481,0.39561945
-6.7666367,0.98005884,0.91524172,1,3,0,7.4249868,0.22641367
-7.4744628,0.85666994,0.91524172,1,3,0,7.6809416,0.1225404
-7.0896872,0.87535215,0.91524172,2,3,0,8.992945,0.36141459
-7.568955,0.86602267,0.91524172,1,1,0,7.6040482,0.42748496
-6.924958,1,0.91524172,2,3,0,7.4243015,0.18097449
-6.811568,1,0.91524172,2,3,0,6.9022183,0.20729703
-6.8174999,0.90769215,0.91524172,2,3,0,7.541393,0.20544149
-7.4096247,0.85930251,0.91524172,1,3,0,7.809673,0.40824476
-6.9584157,1,0.91524172,1,1,0,7.287733,0.33626451
-6.8940549,1,0.91524172,1,1,0,6.9671994,0.3212312
-6.7665655,1,0.91524172,1,3,0,6.8632681,0.27457139
-8.1500922,0.78766529,0.91524172,2,3,0,8.1531426,0.086782076
-8.5656702,0.9619468,0.91524172,1,1,0,8.6384154,0.072003415
-7.7083944,1,0.91524172,1,1,0,8.4728606,0.10783513
-7.8575738,0.98254982,0.91524172,1,1,0,7.9605664,0.099921353
-7.4522246,1,0.91524172,1,1,0,7.8275703,0.12412219
-7.1045883,1,0.91524172,1,1,0,7.4020348,0.15548092
-6.7744357,0.99540568,0.91524172,1,3,0,7.0817393,0.22202922
-6.7802415,0.99873729,0.91524172,1,1,0,6.7847233,0.21919853
-7.0470029,0.83410927,0.91524172,2,3,0,7.9658512,0.16253047
-7.3104122,0.95802266,0.91524172,1,1,0,7.3169483,0.13519162
-6.7667488,0.96753657,0.91524172,1,3,0,7.5684771,0.27469493
-7.6542766,0.77022625,0.91524172,2,3,0,8.3805537,0.43705804
-7.4607179,1,0.91524172,1,1,0,7.7670913,0.41463139
-7.2703506,0.72757931,0.91524172,1,3,0,8.9765624,0.13868094
-7.0319047,0.91930709,0.91524172,1,3,0,8.1154698,0.35101775
-6.7837927,1,0.91524172,2,3,0,6.9812565,0.21760001
-6.9366172,0.86497047,0.91524172,2,3,0,7.7585965,0.17892773
-7.1805573,0.91069017,0.91524172,1,3,0,7.7591421,0.37625034
-6.8088914,1,0.91524172,2,3,0,7.1042003,0.20816549
-6.8199004,0.98078369,0.91524172,1,3,0,6.9739903,0.29926271
-6.920764,0.97305097,0.91524172,1,1,0,6.925661,0.32777992
-6.920764,0.9218905,0.91524172,1,1,0,7.1348687,0.32777992
-6.7480755,0.99886191,0.91524172,1,3,0,6.9163299,0.25129778
-7.0377085,0.92727868,0.91524172,1,3,0,7.1595657,0.16374785
-6.7535164,0.99796331,0.91524172,1,3,0,7.0433401,0.23705143
-8.0311917,0.75011301,0.91524172,1,3,0,8.3266373,0.47487594
-7.4469166,1,0.91524172,1,1,0,7.9689696,0.41292803
-6.7481435,0.99993157,0.91524172,1,3,0,7.3995464,0.25195394
-6.7905425,0.99291682,0.91524172,2,3,0,6.8035186,0.28757594
-6.8025463,0.99687757,0.91524172,1,1,0,6.8107448,0.29270877
-6.7941921,0.98201563,0.91524172,1,3,0,6.9231361,0.21335701
-7.0974226,0.95048464,0.91524172,1,3,0,7.1220041,0.15631597
-6.886578,1,0.91524172,1,1,0,7.0587598,0.18834103
-6.7640056,0.99850964,0.91524172,1,3,0,6.8687116,0.22810689
-6.7495706,0.94600523,0.91524172,2,3,0,7.1662236,0.25699971
-6.8747186,0.97231794,0.91524172,1,3,0,6.8925553,0.31613719
-7.4564998,0.73186711,0.91524172,2,3,0,8.5513043,0.41411245
-7.4564998,0.92365776,0.91524172,1,1,0,7.7956849,0.41411245
-6.770624,1,0.91524172,2,3,0,7.4320857,0.22407168
-6.8189219,0.98083319,0.91524172,1,3,0,6.9026921,0.29891448
-7.0121941,0.98179113,0.91524172,2,3,0,7.0129223,0.34725263
-6.9395872,1,0.91524172,1,1,0,7.0294329,0.33211765
-7.2458798,0.97177514,0.91524172,2,3,0,7.2601312,0.38604108
-6.9309243,1,0.91524172,2,3,0,7.1671129,0.3301469
-6.9660126,0.99017447,0.91524172,1,1,0,7.0077405,0.33788911
-6.8134571,0.96336257,0.91524172,1,3,0,7.1887344,0.20669611
-7.1831759,0.90137079,0.91524172,1,3,0,7.5045252,0.37665543
-7.7917711,0.65442432,0.91524172,1,3,0,9.7525446,0.1032941
-6.9097566,0.9249963,0.91524172,1,3,0,8.7346522,0.325142
-7.0189622,0.96967092,0.91524172,1,1,0,7.0437364,0.34855956
-7.5198703,0.73671745,0.91524172,1,3,0,8.8071649,0.11942174
-7.4502581,1,0.91524172,2,3,0,7.6068608,0.12426387
-6.9196635,0.98563442,0.91524172,1,3,0,7.3776975,0.18193049
-7.1814223,0.95443848,0.91524172,1,1,0,7.1814723,0.1471531
-6.9911335,0.92724113,0.91524172,1,3,0,7.8924201,0.34308431
-7.2946348,0.91503914,0.91524172,1,1,0,7.3202822,0.39296655
-7.7629259,0.86594413,0.91524172,1,1,0,7.8519298,0.44864171
-6.7872167,1,0.91524172,2,3,0,7.736545,0.21613737
-6.8444656,0.98558375,0.91524172,2,3,0,6.9222454,0.19795402
-6.7925854,0.95242003,0.91524172,2,3,0,7.2957999,0.28849381
-8.3570339,0.77213352,0.91524172,2,7,0,8.3571354,0.078948452
-7.5669074,0.98455032,0.91524172,2,3,0,8.8216925,0.11633704
-7.6241372,0.99267929,0.91524172,1,1,0,7.7396013,0.11276617
-7.7152095,0.99625436,0.91524172,2,3,0,7.826576,0.10745191
-6.7579642,0.99322253,0.91524172,1,3,0,7.8677141,0.23265548
-7.0745577,0.82970049,0.91524172,2,3,0,7.9032657,0.15905735
-7.1531854,0.96929636,0.91524172,2,3,0,7.5254326,0.15008983
-6.960419,0.93682738,0.91524172,1,3,0,7.7897769,0.33669549
-7.1899213,0.97859858,0.91524172,2,3,0,7.214657,0.37769375
-7.2347211,0.98672011,0.91524172,1,1,0,7.3498747,0.38441253
-6.7488261,0.99970702,0.91524172,1,3,0,7.195459,0.25503574
-6.7488261,0.61882687,0.91524172,1,3,0,8.9697427,0.25503574
-6.7875222,0.95784907,0.91524172,2,3,0,7.0041679,0.21601028
-6.8108897,0.99835573,0.91524172,2,3,0,6.8146898,0.2075152
-6.8023233,1,0.91524172,2,3,0,6.8187268,0.2103896
-6.7718649,1,0.91524172,1,1,0,6.7964104,0.22338808
-6.7706306,1,0.91524172,1,1,0,6.7763634,0.22406802
-6.900994,0.87835624,0.91524172,2,3,0,7.6194155,0.18544828
-6.9887295,0.98381439,0.91524172,1,1,0,7.0004543,0.17060683
-7.6363857,0.91481766,0.91524172,1,3,0,7.6595213,0.11202615
-6.7566317,1,0.91524172,2,3,0,7.4545228,0.26663712
-7.9086947,0.69744875,0.91524172,2,3,0,8.7220949,0.097417988
-6.7480218,1,0.91524172,2,3,0,7.6922325,0.24996415
-6.7522303,0.98752689,0.91524172,2,3,0,6.8253407,0.23865054
-6.8359365,0.97710401,0.91524172,1,3,0,6.8817587,0.30468287
-6.8446451,0.96065241,0.91524172,1,3,0,7.0767504,0.19790841
-6.8420429,0.97432406,0.91524172,1,3,0,7.0717152,0.30662339
-6.7487015,0.99799351,0.91524172,2,3,0,6.8560087,0.25462758
-6.7704699,0.99708118,0.91524172,2,3,0,6.7717122,0.22415797
-6.7628209,0.97718381,0.91524172,2,3,0,6.9472264,0.2719047
-6.8952269,0.95460546,0.91524172,1,3,0,7.0218944,0.18658557
-6.821069,1,0.91524172,1,1,0,6.8830252,0.20436699
-6.7674735,0.93478265,0.91524172,2,3,0,7.3908795,0.2751777
-6.8043386,0.9816635,0.91524172,1,3,0,6.8821869,0.20969223
-6.8088703,0.98346456,0.91524172,1,3,0,6.9476239,0.29519727
-6.9091967,0.97337766,0.91524172,1,1,0,6.9122088,0.32500564
-7.1364346,0.93732081,0.91524172,1,1,0,7.1498472,0.36924663
-7.2160813,0.97665242,0.91524172,1,1,0,7.3091956,0.38165322
-8.3541903,0.70398989,0.91524172,1,1,0,8.3793599,0.5030171
-7.1721159,0.78663452,0.91524172,1,3,0,9.8526185,0.14810639
-6.8003754,0.96182475,0.91524172,1,3,0,7.4799377,0.2918234
-6.7586056,0.99429488,0.91524172,2,3,0,6.8421199,0.26847342
-6.8403294,0.98429878,0.91524172,1,3,0,6.8424164,0.30608495
-7.1791869,0.85541504,0.91524172,1,3,0,7.7226695,0.14738081
-7.1358952,1,0.91524172,1,1,0,7.2315585,0.15195626
-7.0630651,1,0.91524172,1,1,0,7.1636143,0.1604822
-7.2656031,0.89308198,0.91524172,1,3,0,8.1243959,0.38887889
-9.4721723,0.50347475,0.91524172,1,1,0,9.4760773,0.58186888
-7.8225883,1,0.91524172,1,1,0,9.0804989,0.45474678
-7.8225883,0.54941322,0.91524172,1,1,0,9.2389588,0.45474678
-7.9199908,0.9698546,0.91524172,1,1,0,8.2208347,0.46436662
-6.9848688,1,0.91524172,1,1,0,7.6424649,0.34181272
-6.7973562,1,0.91524172,2,3,0,6.9410823,0.21217097
-6.7480509,1,0.91524172,2,3,0,6.7919894,0.25095586
-7.2307818,0.92953716,0.91524172,2,3,0,7.2597372,0.14231695
-6.8693146,0.99111327,0.91524172,2,3,0,7.3513108,0.19204552
-7.0751862,0.92769027,0.91524172,1,3,0,7.4753536,0.35888649
-7.4979274,0.88131374,0.91524172,1,1,0,7.5338752,0.41914802
-7.0328545,0.84590397,0.91524172,1,3,0,8.4231655,0.16439347
-6.9268193,0.98480541,0.91524172,2,3,0,7.2530121,0.18064246
-6.8866459,1,0.91524172,1,1,0,6.9375194,0.188327
-6.8004805,1,0.91524172,1,1,0,6.8692434,0.21103969
-6.7516052,0.99899599,0.91524172,2,3,0,6.8084307,0.2395187
-6.7583468,0.96620618,0.91524172,2,3,0,6.9719199,0.23233052
-8.9517053,0.62238588,0.91524172,1,3,0,9.4277369,0.54804207
-7.6790854,1,0.91524172,1,1,0,8.6718401,0.43975965
-7.7037339,0.99234043,0.91524172,1,1,0,7.9725359,0.44240968
-10.43198,0.42600251,0.91524172,1,1,0,10.474468,0.63494322
-7.9219298,1,0.91524172,1,1,0,9.7401878,0.46455403
-7.0985877,1,0.91524172,1,1,0,7.6901532,0.36294197
-6.7613658,1,0.91524172,2,3,0,7.0663766,0.22995948
-7.5109756,0.84332625,0.91524172,1,3,0,7.7561149,0.12002135
-7.4317341,1,0.91524172,1,1,0,7.59114,0.12561332
-6.750988,0.97517653,0.91524172,1,3,0,7.6446566,0.25970921
-6.7654999,0.98314225,0.91524172,2,3,0,6.8534865,0.2271288
-6.7855846,0.99372949,0.91524172,2,3,0,6.8227297,0.21682565
-6.7855846,0.84553333,0.91524172,1,3,0,7.6474835,0.21682565
-6.7849438,1,0.91524172,1,1,0,6.7934837,0.21710022
-7.5384082,0.83365146,0.91524172,1,3,0,7.8787661,0.42394317
-6.9752805,1,0.91524172,1,1,0,7.3806425,0.33983625
-6.752436,1,0.91524172,2,3,0,6.960641,0.23837939
-6.7568022,0.99900299,0.91524172,1,1,0,6.7570779,0.23368428
-7.2076967,0.89520069,0.91524172,1,3,0,7.3697683,0.38039552
-6.9171803,1,0.91524172,2,7,0,7.1457278,0.18238489
-6.749686,0.99501514,0.91524172,1,3,0,6.960425,0.25725746
-6.9244832,0.70606137,0.91524172,2,3,0,8.8672298,0.18105952
-9.4046162,0.79421744,0.91524172,2,3,0,9.8464883,0.57770996
-9.0976853,1,0.91524172,2,7,0,9.1908485,0.057575133
-8.5598826,1,0.91524172,1,1,0,9.1271554,0.072184771
-8.2981084,1,0.91524172,1,1,0,8.6609821,0.081074648
-6.7825114,0.94453137,0.91524172,1,3,0,9.1609595,0.28374609
-6.875379,0.99182749,0.91524172,2,3,0,6.875568,0.31631687
-7.881368,0.6468104,0.91524172,1,3,0,9.2075891,0.098743965
-8.5729146,0.9774112,0.91524172,2,3,0,8.5853908,0.071777262
-6.8107924,0.98283939,0.91524172,2,7,0,8.1852246,0.29592923
-6.7707589,0.98888325,0.91524172,1,3,0,6.8846492,0.22399641
-6.9871864,0.96106581,0.91524172,1,3,0,7.0093842,0.17083647
-6.8384917,1,0.91524172,1,1,0,6.958435,0.19950005
-6.9807666,0.97272815,0.91524172,1,1,0,6.9810127,0.17180177
-6.7697219,0.99722943,0.91524172,2,3,0,7.0056638,0.2245812
-8.0262348,0.75242366,0.91524172,1,3,0,8.4097665,0.47441742
-7.2951234,1,0.91524172,1,1,0,7.8662933,0.39303447
-8.1617815,0.92071358,0.91524172,2,3,0,8.2179833,0.48664776
-6.8098348,1,0.91524172,2,3,0,8.1430642,0.20785704
-6.7930549,0.9840905,0.91524172,2,7,0,6.9286833,0.28870193
-7.4796842,0.78265647,0.91524172,2,3,0,8.2315508,0.41694713
-7.1817862,1,0.91524172,1,1,0,7.465656,0.37644059
-7.1817862,0.59744432,0.91524172,1,3,0,9.1050003,0.37644059
-6.8616355,1,0.91524172,2,3,0,7.0932039,0.3124834
-6.7522263,0.9946092,0.91524172,1,3,0,6.8915435,0.23865585
-7.1765306,0.93942528,0.91524172,2,3,0,7.2255964,0.14765244
-7.0056026,1,0.91524172,1,1,0,7.1605106,0.16815317
-6.8270594,0.97309894,0.91524172,1,3,0,7.2957938,0.30174576
-6.8543211,0.99270473,0.91524172,1,1,0,6.8692452,0.31035527
-7.0399004,0.9832331,0.91524172,2,3,0,7.0455425,0.35251077
-7.0399004,0.43244277,0.91524172,1,3,0,10.124859,0.35251077
-6.9298061,1,0.91524172,1,1,0,7.0385263,0.32988941
-7.1025689,0.95187167,0.91524172,1,1,0,7.1253226,0.36361939
-6.7711785,0.97797956,0.91524172,1,3,0,7.2235983,0.22376386
-6.7711785,0.84160238,0.91524172,1,3,0,7.6208967,0.22376386
-6.8192597,0.98970691,0.91524172,1,1,0,6.8192649,0.20490796
-7.9446007,0.77201288,0.91524172,1,3,0,8.4833344,0.46673392
-7.2250956,1,0.91524172,2,7,0,7.8019963,0.14285628
-7.0969227,0.97917587,0.91524172,2,3,0,7.590265,0.15637464
-6.7575588,0.96991603,0.76632449,1,3,0,7.5755897,0.23300697
-6.7507349,0.998307,0.76632449,1,3,0,6.7742371,0.25928239
-6.8397675,0.97434676,0.76632449,1,3,0,6.930362,0.19916516
-6.769832,0.98545936,0.76632449,1,3,0,6.9902502,0.27669187
-6.7607826,0.84209734,0.76632449,2,3,0,8.1522005,0.27031459
-6.7501366,0.99998894,0.76632449,2,7,0,6.7592691,0.24192974
-7.3419836,0.92954417,0.76632449,2,3,0,7.3452398,0.13256462
-6.7592721,0.95810207,0.76632449,1,3,0,7.8495691,0.26905518
-7.7451416,0.73425872,0.76632449,1,3,0,8.866459,0.10579481
-7.3407196,1,0.76632449,2,3,0,7.7035845,0.13266783
-6.8736222,0.98925297,0.76632449,3,7,0,7.3453817,0.31583792
-6.9088463,0.97630867,0.76632449,2,3,0,7.1207314,0.32492019
-6.8395933,0.98514361,0.76632449,2,3,0,7.0611394,0.30585221
-6.9283246,0.92006343,0.76632449,1,3,0,7.4080459,0.18037544
-6.9832121,0.99225403,0.76632449,1,1,0,6.9960965,0.17143215
-6.8813816,0.94554387,0.76632449,1,3,0,7.5921264,0.31793069
-7.2702118,0.79418401,0.76632449,1,3,0,8.3707036,0.13869336
-6.8351008,1,0.76632449,2,3,0,7.2733317,0.20040325
-6.7509833,0.99257347,0.76632449,1,3,0,6.9058912,0.2597015
-6.7509833,0.80248077,0.76632449,1,3,0,8.0632774,0.2597015
-7.0848227,0.91450152,0.76632449,1,3,0,7.392588,0.15781175
-6.765693,0.96961399,0.76632449,1,3,0,7.4222285,0.27397521
-6.7531923,0.99620968,0.76632449,1,3,0,6.7964768,0.23743453
-6.7516428,1,0.76632449,1,1,0,6.753191,0.23946437
-6.8047524,0.9730805,0.76632449,2,3,0,6.9933585,0.29359159
-6.7523407,0.98111369,0.76632449,2,3,0,6.9679377,0.23850413
-7.0714457,0.93283205,0.76632449,1,3,0,7.2783662,0.35822609
-7.2675207,0.98545249,0.76632449,2,3,0,7.2973205,0.38915211
-7.8893137,0.95437909,0.76632449,2,3,0,7.9100654,0.4613809
-7.8893137,0.53432716,0.76632449,1,1,0,9.8604884,0.4613809
-8.5608972,0.84922847,0.76632449,1,1,0,8.6927595,0.51949069
-7.6431095,1,0.76632449,1,1,0,8.3936742,0.43583039
-6.9372305,1,0.76632449,2,7,0,7.5480381,0.17882219
-6.8132801,0.99710497,0.76632449,2,3,0,6.9829088,0.20675201
-6.9320215,0.96163237,0.76632449,1,3,0,7.2885695,0.33039884
-6.9076397,1,0.76632449,1,1,0,6.9530164,0.3246253
-6.7527382,0.59720959,0.76632449,2,3,0,10.570368,0.23799263
-6.9110777,0.98498486,0.76632449,2,3,0,6.9121348,0.32546286
-6.7871426,0.97562755,0.76632449,2,3,0,7.1668525,0.21616828
-6.7788316,1,0.76632449,2,7,0,6.7858171,0.28184971
-6.7508551,0.9936694,0.76632449,2,3,0,6.8376827,0.24066996
-7.4361267,0.91854514,0.76632449,2,3,0,7.439007,0.12529087
-6.9456885,0.94937225,0.76632449,2,3,0,8.2349927,0.17738713
-7.3745499,0.87618011,0.76632449,2,3,0,8.251091,0.12995848
-7.4645479,0.99677631,0.76632449,2,3,0,7.518021,0.12324105
-7.3363378,1,0.76632449,1,1,0,7.4897086,0.13302689
-7.4999485,0.98239269,0.76632449,1,1,0,7.5306797,0.12077222
-9.6252472,0.77427771,0.76632449,2,3,0,10.87149,0.046649243
-8.0659479,0.93790105,0.76632449,3,7,0,11.719653,0.09028582
-7.8135148,1,0.76632449,1,1,0,8.0913936,0.10216005
-6.8181924,0.9643404,0.76632449,1,3,0,8.0832251,0.20523064
-7.1493282,0.91281461,0.76632449,1,3,0,7.6862223,0.37132945
-7.2088273,0.99768843,0.76632449,2,7,0,7.2156319,0.14442414
-7.115333,0.99911693,0.76632449,2,7,0,7.2008895,0.36576813
-6.9289026,0.88550996,0.76632449,1,3,0,7.9837793,0.18027325
-6.7485298,1,0.76632449,2,3,0,6.9013713,0.24602943
-6.8322607,0.98258729,0.76632449,1,3,0,6.8735562,0.201175
-7.1647989,0.89670998,0.76632449,2,3,0,7.7936519,0.14886585
-6.9191301,0.99484922,0.76632449,2,3,0,7.2651436,0.18202777
-6.7692942,0.97836998,0.76632449,2,7,0,7.136608,0.27635381
-7.0199257,0.91256346,0.76632449,1,3,0,7.3848012,0.16614764
-7.1145331,0.91733903,0.76632449,2,3,0,8.0205135,0.15433999
-6.7480527,0.98634599,0.76632449,2,3,0,7.3320459,0.25098533
-6.78402,0.99260371,0.76632449,1,3,0,6.8006004,0.28449546
-6.8335417,0.98832275,0.76632449,2,3,0,6.8987354,0.30390472
-6.9002676,0.99538117,0.76632449,2,3,0,6.9047758,0.32280072
-9.3266536,0.71837349,0.76632449,3,7,0,9.3572018,0.05249009
-7.0280977,0.97609088,0.76632449,1,3,0,10.207573,0.16503292
-7.1638614,0.89831477,0.76632449,1,3,0,8.3108307,0.37364061
-7.1515866,1,0.76632449,1,1,0,7.2444232,0.3716911
-6.9489634,1,0.76632449,1,1,0,7.1149399,0.33420503
-6.9671575,0.89344796,0.76632449,2,7,0,7.7658869,0.17390348
-6.7588902,0.99390017,0.76632449,1,3,0,6.9999004,0.23187949
-6.760546,0.99989815,0.76632449,2,7,0,6.7606623,0.27012227
-7.2176211,0.8632058,0.76632449,1,3,0,7.7429323,0.14357201
-7.3198058,0.90836723,0.76632449,2,3,0,8.5156037,0.13439917
-6.8181071,0.96277241,0.76632449,2,3,0,7.8687608,0.20525658
-6.8721179,0.9635597,0.76632449,2,7,0,7.1854072,0.31542533
-6.7509489,1,0.76632449,2,3,0,6.8685099,0.25964455
-6.7509489,0.70874474,0.76632449,1,3,0,8.8633039,0.25964455
-7.0119513,0.9292344,0.76632449,1,3,0,7.2531977,0.16725584
-7.1153135,0.98643018,0.76632449,1,1,0,7.1278552,0.15425131
-7.1415707,0.99781687,0.76632449,2,7,0,7.1563941,0.37008006
-6.7482334,0.98930129,0.76632449,1,3,0,7.2576555,0.247434
-6.8268506,0.83787326,0.76632449,2,3,0,8.302949,0.30167487
-6.7500536,0.92826502,0.76632449,2,3,0,7.4173943,0.24208851
-7.555835,0.82699458,0.76632449,1,3,0,8.147377,0.11705049
-7.3205461,1,0.76632449,1,1,0,7.5462993,0.13433711
-6.7672363,0.95954882,0.76632449,1,3,0,7.8657411,0.2750207
-6.7614151,0.87125045,0.76632449,2,3,0,7.8768901,0.2708204
-7.3974408,0.8358862,0.76632449,2,7,0,8.1278451,0.12818529
-6.8139373,1,0.76632449,2,3,0,7.3569458,0.20654491
-6.7732966,0.99941881,0.76632449,2,7,0,6.8173723,0.27878006
-7.4486486,0.89672642,0.76632449,3,7,0,7.6405054,0.41314265
-7.3863561,1,0.76632449,1,1,0,7.5594015,0.40525977
-7.9483474,0.95813805,0.76632449,2,3,0,7.9936466,0.46709219
-7.3705625,1,0.76632449,1,1,0,7.8514047,0.40320467
-6.7626642,0.99944041,0.76632449,2,3,0,7.3923875,0.27178636
-6.9175014,0.94579347,0.76632449,1,3,0,7.1432806,0.18232592
-6.815886,0.96748588,0.76632449,1,3,0,7.2807201,0.29781947
-6.8827631,0.99541869,0.76632449,2,3,0,6.8848803,0.31829731
-7.0724821,0.86316543,0.76632449,1,3,0,7.8807863,0.15931226
-9.1078551,0.82734729,0.76632449,2,3,0,9.1462444,0.057336771
-8.7362909,1,0.76632449,1,1,0,9.1550717,0.066916031
-8.6669593,1,0.76632449,1,1,0,8.8948153,0.068924665
-8.3217772,1,0.76632449,2,3,0,8.6986519,0.080211198
-8.3936333,0.99491649,0.76632449,1,1,0,8.5330826,0.077666367
-6.7780793,1,0.76632449,2,3,0,8.1605332,0.22021828
-6.7942328,0.9846535,0.76632449,1,3,0,6.9224723,0.28921957
-6.7671287,0.99739188,0.76632449,2,3,0,6.8218792,0.27494916
-6.7797333,0.98688188,0.76632449,1,3,0,6.8681159,0.21943485
-7.3211878,0.94056347,0.76632449,2,3,0,7.3480185,0.13428337
-7.3211878,0.97944294,0.76632449,1,1,0,7.5149041,0.13428337
-6.7674275,0.97449294,0.76632449,2,3,0,7.7192391,0.22592962
-6.8273888,0.99398811,0.76632449,2,7,0,6.8324174,0.3018574
-6.8362237,0.95968711,0.76632449,1,3,0,7.1475549,0.20010198
-6.9069668,0.98796849,0.76632449,2,3,0,6.9925457,0.1842966
-6.8600975,0.9609395,0.76632449,1,3,0,7.370316,0.31204132
-7.0247171,0.95762384,0.76632449,2,3,0,7.2649998,0.34965909
-7.1233771,0.99626863,0.76632449,2,7,0,7.1234053,0.15334229
-7.0228277,0.9115407,0.76632449,1,3,0,8.2491118,0.34929928
-6.9592165,1,0.76632449,2,3,0,7.0375522,0.33643701
-10.076449,0.63843758,0.76632449,3,7,0,10.214727,0.039210243
-9.3394083,1,0.76632449,1,1,0,10.063183,0.052223268
-9.9756791,0.97234921,0.76632449,1,1,0,10.009306,0.040744571
-10.451778,0.9832649,0.76632449,1,1,0,10.53646,0.034047289
-10.172964,1,0.76632449,2,3,0,10.592686,0.03780244
-7.2054792,0.97423558,0.76632449,3,7,0,9.6892568,0.38006114
-6.9597247,1,0.76632449,1,1,0,7.1571189,0.33654634
-6.7582502,0.99916621,0.76632449,2,3,0,6.9706517,0.26815594
-6.9957259,0.92923382,0.76632449,1,3,0,7.2772346,0.16957689
-6.9552097,0.93081333,0.76632449,1,3,0,7.7945069,0.33557084
-6.9507876,1,0.76632449,3,7,0,6.9542398,0.3346059
-6.7776758,0.8119327,0.76632449,2,3,0,8.4921089,0.22041287
-6.7688342,0.99121324,0.76632449,1,3,0,6.8637144,0.27606138
-6.7573809,0.91021937,0.76632449,2,3,0,7.5197626,0.26735604
-7.0376208,0.96490622,0.76632449,2,3,0,7.0985866,0.35208704
-6.8391828,0.95120989,0.76632449,1,3,0,7.5543441,0.1993183
-8.0173277,0.82890147,0.76632449,1,3,0,8.5468447,0.092405363
-8.3313549,0.97598427,0.76632449,1,1,0,8.3769887,0.079865423
-8.4341158,0.99760259,0.76632449,2,3,0,8.5625823,0.076281158
-8.5125957,0.97350072,0.76632449,3,7,0,8.7814068,0.51573516
-7.6644495,1,0.76632449,1,1,0,8.3726746,0.43817009
-7.3719019,0.98393181,0.76632449,2,7,0,7.9370551,0.13016665
-7.2391496,1,0.76632449,1,1,0,7.3854515,0.14153122
-7.2868382,0.98216134,0.76632449,2,3,0,7.6349234,0.13722272
-7.5093793,0.97053875,0.76632449,2,3,0,7.8515611,0.12012953
-7.9877905,0.98507818,0.76632449,2,3,0,7.9889151,0.093729207
-7.632993,1,0.76632449,2,3,0,7.9720064,0.1122303
-7.6657185,0.99684915,0.76632449,1,1,0,7.7640396,0.11028678
-7.6316108,1,0.76632449,1,1,0,7.7601,0.11231366
-7.3206206,1,0.76632449,1,1,0,7.6046618,0.13433088
-6.7794451,0.9817984,0.76632449,1,3,0,7.4381333,0.21956979
-7.4553532,0.86498616,0.76632449,1,3,0,8.010654,0.41397114
-7.1982556,1,0.76632449,1,1,0,7.4417763,0.37896664
-7.5635582,0.91820616,0.76632449,1,1,0,7.5961894,0.42686384
-7.9173412,0.97280457,0.76632449,2,3,0,8.0267667,0.46411028
-7.169369,0.90007697,0.76632449,2,3,0,8.9111439,0.37450674
-8.1700474,0.79008811,0.76632449,1,1,0,8.1700478,0.48737385
-7.7160265,0.97408294,0.76632449,2,7,0,8.6136844,0.10740612
-8.3335727,0.95310069,0.76632449,2,3,0,8.7585408,0.079785651
-8.1746885,0.99628596,0.76632449,3,7,0,8.3718115,0.48778057
-7.051107,1,0.76632449,2,7,0,8.0245094,0.16200057
-7.3197494,0.96675975,0.76632449,1,1,0,7.3198102,0.1344039
-7.4358725,0.98725301,0.76632449,1,1,0,7.4765728,0.12530949
-7.4903371,0.99426974,0.76632449,1,1,0,7.5613736,0.1214336
-7.6263956,0.98634604,0.76632449,1,1,0,7.6777228,0.1126291
-6.7481402,1,0.76632449,2,3,0,7.4837089,0.24807941
-7.3170752,0.89439373,0.76632449,1,3,0,7.5658137,0.39605764
-7.2832739,0.99841119,0.76632449,3,7,0,7.4174343,0.3913792
-7.0895648,1,0.76632449,1,1,0,7.2727069,0.36139346
-6.8615055,0.92174586,0.76632449,1,3,0,7.7187045,0.19382111
-6.8175108,0.97232956,0.76632449,1,3,0,7.1661576,0.29840828
-7.1485208,0.8533303,0.76632449,1,3,0,7.8624028,0.15058806
-6.7708883,0.96243167,0.76632449,2,7,0,7.5661121,0.27734437
-6.7649445,0.7366784,0.76632449,2,3,0,9.2583824,0.27345232
-7.048722,0.91593879,0.76632449,2,7,0,7.4225385,0.16230795
-6.9744141,1,0.76632449,1,1,0,7.052751,0.17277318
-6.7599238,0.99376389,0.76632449,1,3,0,7.0068802,0.23105281
-6.7864797,0.99608436,0.76632449,2,3,0,6.8019235,0.21644622
-6.8342548,0.97548664,0.76632449,3,7,0,7.0144781,0.30413748
-7.1744604,0.93693132,0.76632449,2,3,0,7.4254809,0.37530281
-7.1956154,0.99516716,0.76632449,1,1,0,7.2819036,0.37856459
-6.8646161,0.91285028,0.76632449,1,3,0,7.9074349,0.19310571
-6.7866723,0.97833444,0.76632449,1,3,0,7.0901973,0.28577769
-6.7488569,0.99925879,0.76632449,1,3,0,6.7909683,0.2551316
-6.7987833,0.87981034,0.76632449,2,3,0,7.8377368,0.29116302
-7.2831721,0.82147109,0.76632449,1,3,0,8.0957132,0.13754421
-7.5840864,0.96760111,0.76632449,1,1,0,7.5896964,0.11524495
-7.4631411,1,0.76632449,1,1,0,7.6247234,0.12334105
-6.7486108,0.97143665,0.76632449,1,3,0,7.8546958,0.2457259
-7.5631051,0.81395242,0.76632449,1,3,0,8.2000489,0.11658118
-6.7533394,0.97979023,0.76632449,1,3,0,7.9508048,0.23725911
-6.7629625,0.99842768,0.76632449,2,3,0,6.7701141,0.22881831
-6.7778747,0.99020309,0.76632449,1,3,0,6.8496771,0.2813391
-7.2554798,0.87917029,0.76632449,3,7,0,7.7575631,0.14002416
-7.3524732,0.98893338,0.76632449,1,1,0,7.3917971,0.13171409
-6.7877095,0.98129604,0.76632449,1,3,0,7.4634796,0.2159326
-6.7877095,0.49023404,0.76632449,1,3,0,12.063527,0.2159326
-6.7480546,0.99852897,0.76632449,1,3,0,6.8021246,0.24898705
-6.7609465,0.99727785,0.76632449,1,3,0,6.7673034,0.23027078
-7.40361,0.9455063,0.76632449,2,3,0,7.42053,0.40747793
-7.2784407,1,0.76632449,1,1,0,7.4608646,0.39069918
-7.6435142,0.91755403,0.76632449,1,1,0,7.691188,0.43587501
-7.8690776,0.94709419,0.76632449,1,1,0,8.0200097,0.45938961
-8.3537326,0.88881363,0.76632449,1,1,0,8.5099253,0.50297941
-7.4614518,1,0.76632449,1,1,0,8.1678304,0.41472154
-7.1366906,1,0.76632449,2,3,0,7.4124939,0.36928829
-6.7504,0.4032544,0.76632449,2,3,0,13.68585,0.24144588
-6.7567561,0.9990437,0.76632449,2,3,0,6.7602598,0.23372648
-6.7827835,0.99099564,0.76632449,1,3,0,6.8418934,0.2838824
-6.8716462,0.95347817,0.76632449,1,3,0,7.1187492,0.19152816
-6.8460382,0.96213402,0.76632449,2,7,0,7.2574143,0.30786138
-6.8460382,0.87815828,0.76632449,1,3,0,7.6283497,0.30786138
-7.3953003,0.90324604,0.76632449,2,3,0,7.7437194,0.40641309
-7.4128963,0.99586578,0.76632449,1,1,0,7.5514487,0.40866049
-7.042942,1,0.76632449,1,1,0,7.3367961,0.35307379
-7.0315523,1,0.76632449,1,1,0,7.0969465,0.35095151
-6.7480262,0.99233428,0.76632449,1,3,0,7.1098963,0.2496263
-6.7577665,0.99784842,0.76632449,1,3,0,6.7632696,0.26771513
-7.1638998,0.88443573,0.76632449,1,3,0,7.6116096,0.14895979
-6.7520038,0.97985066,0.76632449,2,3,0,7.4590929,0.2389569
-6.7917377,0.98414308,0.76632449,2,3,0,6.8935384,0.28811541
-6.8332908,0.96511904,0.76632449,2,7,0,7.0558826,0.20089342
-6.9351117,0.95003903,0.76632449,1,3,0,7.3500321,0.33110475
-6.8622133,0.94215473,0.76632449,1,3,0,7.4409037,0.19365735
-6.9155942,0.99735065,0.76632449,2,3,0,6.9210218,0.18267721
-6.7491015,0.98413563,0.76632449,2,3,0,7.1001181,0.24422147
-6.7678134,0.99019809,0.76632449,2,3,0,6.8265259,0.22569722
-6.9057619,0.98464618,0.76632449,2,3,0,6.9314489,0.18452685
-6.7511069,0.98210875,0.76632449,2,3,0,7.10656,0.24026786
-6.748124,0.99958122,0.76632449,2,3,0,6.75536,0.25179007
-6.8215117,0.98526537,0.76632449,1,3,0,6.8533229,0.29983131
-7.0918936,0.97147409,0.76632449,3,7,0,7.0921897,0.36179491
-6.8315361,0.93425033,0.76632449,1,3,0,7.6186366,0.20137425
-6.8956216,0.99673776,0.76632449,2,3,0,6.8968872,0.18650691
-6.814045,0.9697602,0.76632449,1,3,0,7.2299862,0.2971442
-6.7736238,1,0.76632449,1,1,0,6.8060289,0.27896996
-7.2314123,0.88238516,0.76632449,3,7,0,7.7278779,0.14225743
-7.7336293,0.93982509,0.76632449,3,7,0,8.1706273,0.4455799
-7.7330567,1,0.76632449,1,1,0,7.9570021,0.44551963
-7.8589202,0.97006216,0.76632449,1,1,0,8.0521896,0.45838341
-7.3394667,1,0.76632449,1,1,0,7.7767609,0.39908608
-6.9850398,1,0.76632449,1,1,0,7.2627882,0.34184764
-7.2572423,0.94076235,0.76632449,1,1,0,7.2648891,0.38768214
-7.2572423,0.75010062,0.76632449,1,1,0,8.1779638,0.38768214
-7.4017052,0.96685193,0.76632449,1,1,0,7.4795717,0.40723441
-7.1752489,0.74810417,0.76632449,1,3,0,9.3074914,0.1477839
-6.8558608,0.94058361,0.76632449,1,3,0,7.9339405,0.31080876
-6.9138061,0.98783446,0.76632449,1,1,0,6.9231392,0.3261218
-6.7589077,0.99872462,0.76632449,2,3,0,6.927235,0.26873923
-6.7548595,1,0.76632449,1,1,0,6.7585513,0.26480417
-6.8359511,0.97287714,0.76632449,1,3,0,6.9455195,0.20017493
-6.7480696,0.99112742,0.76632449,2,3,0,6.9350317,0.25122486
-6.763428,0.99825327,0.76632449,2,3,0,6.763603,0.22849772
-8.236601,0.71069097,0.76632449,1,3,0,9.3625064,0.08338
-8.5761791,0.97639605,0.76632449,1,1,0,8.6281614,0.07167566
-7.8270452,0.94381672,0.76632449,2,3,0,10.169415,0.10146426
-8.0636214,0.97853208,0.76632449,3,7,0,8.1153669,0.090385606
-8.4550019,0.97102257,0.76632449,1,1,0,8.4873952,0.075579589
-8.6259996,0.98003668,0.76632449,3,7,0,8.6521515,0.52446778
-7.9008339,1,0.76632449,2,3,0,8.5762826,0.46250673
-8.9763426,0.76983535,0.76632449,1,1,0,9.0610623,0.54974291
-8.9058414,1,0.76632449,1,1,0,9.4500282,0.5448467
-6.825698,1,0.76632449,2,3,0,8.5842868,0.20301588
-6.9061394,0.9638828,0.76632449,1,3,0,7.2731589,0.32425718
-6.7480219,0.99528362,0.76632449,1,3,0,6.9525188,0.24992013
-6.7480219,0.81381486,0.76632449,1,3,0,8.0499811,0.24992013
-7.032024,0.94453717,0.76632449,1,3,0,7.159188,0.35104017
-7.5234355,0.89380909,0.76632449,1,1,0,7.5253353,0.42218343
-8.7007781,0.75239942,0.76632449,1,1,0,8.7200599,0.53006968
-9.3270289,0.859803,0.76632449,1,1,0,9.6476769,0.57285344
-9.2584563,1,0.76632449,3,7,0,9.8864562,0.56848745
-7.6609749,0.99796419,0.76632449,3,7,0,9.3529194,0.11056499
-7.1656997,0.99990099,0.76632449,3,7,0,7.6180526,0.14877187
-7.7473285,0.96507114,0.76632449,3,7,0,7.7567353,0.10567536
-7.0356025,0.98748284,0.76632449,2,7,0,7.7844552,0.3517106
-7.1978183,0.9640771,0.76632449,1,1,0,7.2254706,0.37890011
-6.7793635,0.95510304,0.76632449,1,3,0,7.5645885,0.2196081
-6.9366586,0.91160669,0.76632449,2,3,0,7.7479097,0.33145608
-6.9254318,1,0.76632449,1,1,0,6.9675631,0.32887509
-7.1089772,0.83607364,0.76632449,1,3,0,8.0873501,0.15497487
-7.094777,0.92072014,0.76632449,1,3,0,8.3733233,0.36229023
-7.1933198,0.9778613,0.76632449,1,1,0,7.2441307,0.37821413
-8.525174,0.8050178,0.76632449,2,7,0,8.8913962,0.07328522
-6.748583,0.91607499,0.76632449,3,7,0,10.341232,0.25420355
-6.7760838,0.96565541,0.76632449,2,3,0,7.0372382,0.28036203
-6.8522074,0.96318182,0.76632449,2,7,0,7.0553293,0.19602884
-7.2133707,0.90319375,0.76632449,1,3,0,7.9061421,0.38124777
-7.2736528,1,0.76632449,3,7,0,7.2737081,0.13838632
-9.4337632,0.77763248,0.76632449,2,3,0,10.231066,0.050299394
-8.9266732,1,0.76632449,1,1,0,9.4526414,0.061774635
-7.4653299,0.99057925,0.76632449,3,7,0,8.806901,0.12318552
-7.3825964,1,0.76632449,2,3,0,7.5128962,0.12932983
-6.8893087,0.92074373,0.76632449,1,3,0,8.4792119,0.32001127
-7.2522922,0.79832133,0.76632449,1,3,0,8.3507742,0.14031565
-6.8678515,0.93188435,0.76632449,1,3,0,8.1333873,0.31424242
-6.8966791,0.99797478,0.76632449,2,3,0,6.9136133,0.32189786
-7.11132,0.95431331,0.76632449,1,1,0,7.1129661,0.36509633
-6.8708269,0.9155381,0.76632449,1,3,0,7.7875002,0.1917093
-7.4604288,0.8682252,0.76632449,1,3,0,8.3794666,0.41459588
-7.4604288,0.89558793,0.76632449,1,1,0,7.8819931,0.41459588
-7.4888997,0.99327661,0.76632449,1,1,0,7.6400803,0.4180621
-7.9593319,0.96440853,0.76632449,2,3,0,8.0353513,0.46813937
-7.0785392,0.91286846,0.76632449,2,3,0,8.7843039,0.35947556
-6.8689378,0.91841013,0.76632449,1,3,0,7.7243979,0.19212967
-6.9833499,0.98334291,0.76632449,1,1,0,6.9836445,0.1714114
-6.8412006,0.95736945,0.76632449,1,3,0,7.4882262,0.30635928
-6.7480869,0.99731705,0.76632449,1,3,0,6.8657746,0.25142894
-6.7915603,0.98962648,0.76632449,1,3,0,6.820966,0.21437752
-6.8219698,0.99508728,0.76632449,1,1,0,6.823124,0.20410041
-6.7583639,0.99971017,0.76632449,2,3,0,6.826136,0.23231616
-6.749037,0.99584392,0.76632449,2,3,0,6.7951087,0.24439566
-6.9765741,0.95249648,0.76632449,1,3,0,7.106103,0.34010511
-6.9765741,0.9330571,0.76632449,1,1,0,7.2207155,0.34010511
-6.8205672,0.9483251,0.76632449,1,3,0,7.3869237,0.20451628
-7.5652141,0.8943458,0.76632449,1,3,0,7.8209875,0.11644565
-7.3763208,1,0.76632449,1,1,0,7.5738617,0.12981962
-6.9469844,0.98670322,0.76632449,3,7,0,7.4535007,0.17717054
-6.8455184,0.9541189,0.76632449,2,3,0,7.4715171,0.19768718
-8.01107,0.83437897,0.76632449,1,3,0,8.5173431,0.092683496
-8.4977794,0.98789302,0.76632449,2,3,0,8.5131234,0.07416964
-7.4756922,0.99653175,0.76632449,2,3,0,8.6638976,0.12245403
-7.3884735,0.87360032,0.76632449,1,3,0,9.9230256,0.40553348
-7.6746131,0.93428942,0.76632449,1,1,0,7.7565357,0.43927521
-7.6685916,1,0.76632449,1,1,0,7.8797629,0.43862118
-7.2976858,1,0.76632449,3,7,0,7.6895634,0.13628043
-8.0486469,0.85894575,0.76632449,3,7,0,9.6953049,0.47648347
-7.3754399,0.94793606,0.76632449,3,7,0,8.7018231,0.12988866
-7.1865735,1,0.76632449,1,1,0,7.3667772,0.14663138
-6.748102,0.98186167,0.76632449,1,3,0,7.4126871,0.24841869
-7.1148958,0.96226128,0.76632449,2,3,0,7.14119,0.3656951
-6.7534031,0.97954538,0.76632449,1,3,0,7.2933486,0.23718401
-6.7713152,0.9929552,0.76632449,1,3,0,6.8097017,0.27760397
-6.7748189,0.64918173,0.76632449,2,3,0,10.3466,0.2796539
-7.1822025,0.8751896,0.76632449,2,7,0,7.7561574,0.14707381
-6.8575663,0.9398035,0.76632449,1,3,0,7.9537614,0.31130759
-6.8378956,1,0.76632449,2,3,0,6.8663418,0.30531209
-6.8589463,0.94971241,0.76632449,1,3,0,7.2298401,0.19441816
-6.7664114,0.99787162,0.76632449,3,7,0,6.8672306,0.22655352
-6.7888138,0.9962255,0.76632449,1,1,0,6.7888276,0.21547862
-6.9557202,0.92345988,0.76632449,2,3,0,7.6621649,0.33568162
-7.1249837,0.96322964,0.76632449,1,1,0,7.1373928,0.36737009
-7.3917149,0.69741686,0.76632449,1,3,0,9.3662221,0.12862446
-6.8067276,0.99752646,0.76632449,2,7,0,7.3153389,0.29436838
-6.7480925,0.92813548,0.76632449,2,3,0,7.3950413,0.2485147
-6.8377695,0.98097333,0.76632449,1,3,0,6.8856574,0.30527177
-6.7487641,0.75692581,0.76632449,3,7,0,8.6345172,0.24520407
-6.7716807,0.99584674,0.76632449,1,3,0,6.779088,0.22348833
-6.7847316,0.98898685,0.76632449,1,3,0,6.8862856,0.28484376
-6.7483542,0.95488483,0.76632449,2,3,0,7.1500515,0.25323255
-7.6138481,0.90478792,0.76632449,2,7,0,7.6142695,0.11339422
-7.4011296,1,0.76632449,1,1,0,7.6174787,0.12790386
-6.7789107,1,0.76632449,2,3,0,7.328075,0.2198217
-6.7533482,0.99588448,0.76632449,1,3,0,6.8218798,0.26304714
-6.7948343,0.99521322,0.76632449,2,7,0,6.7960115,0.21311283
-6.7480268,0.99360402,0.76632449,2,3,0,6.8607055,0.25039923
-6.7544842,0.99851114,0.76632449,1,3,0,6.7584932,0.23597174
-6.777883,0.98346181,0.76632449,2,3,0,6.8907315,0.2203128
-6.9477032,0.98412581,0.76632449,2,7,0,6.9511769,0.33392711
-6.8526964,1,0.76632449,2,3,0,6.9319636,0.30987341
-7.6697261,0.86302598,0.76632449,2,3,0,8.1254075,0.43874456
-7.4629097,1,0.76632449,2,3,0,7.7330723,0.41490048
-7.0994116,1,0.76632449,2,3,0,7.3956055,0.36308244
-7.6575909,0.83495345,0.76632449,2,3,0,8.5800606,0.437421
-7.521497,0.99913672,0.76632449,3,7,0,7.6417555,0.11931266
-6.9253243,0.9921486,0.76632449,2,7,0,7.5086859,0.32885002
-6.8632139,0.94598934,0.76632449,3,7,0,7.3123467,0.3129342
-6.9558975,0.9934875,0.76632449,2,3,0,6.9620345,0.33572008
-6.7713809,0.99568472,0.76632449,2,3,0,6.9954325,0.27764373
-7.0593272,0.90218682,0.76632449,1,3,0,7.4773842,0.16095281
-6.7623222,0.97590935,0.76632449,1,3,0,7.3579978,0.27152595
-6.7535754,0.99644523,0.76632449,1,3,0,6.7914982,0.23698296
-7.058639,0.93461759,0.76632449,1,3,0,7.268833,0.35593804
-6.7666949,0.96978264,0.76632449,1,3,0,7.3017579,0.22637769
-7.2726998,0.89470544,0.76632449,1,3,0,7.6701171,0.38988771
-6.7520645,0.7320305,0.76632449,3,7,0,9.1825248,0.2388739
-6.8539888,0.84742097,0.76632449,3,7,0,8.021808,0.31025699
-6.8065169,0.96635147,0.76632449,2,7,0,7.1211791,0.20895365
-7.6766554,0.86526948,0.76632449,1,3,0,8.0450411,0.10964975
-6.7562606,0.9506259,0.76632449,1,3,0,8.4488695,0.26626975
-6.7480351,0.99962276,0.76632449,1,3,0,6.7597245,0.2493532
-7.3127089,0.87186549,0.76632449,1,3,0,7.746664,0.134997
-7.1655028,0.98862854,0.76632449,2,3,0,7.5863718,0.1487924
-7.3107221,0.98280281,0.76632449,1,1,0,7.3300244,0.13516533
-7.628512,0.96486135,0.76632449,2,3,0,7.9647613,0.11250091
-6.9148619,0.89916382,0.76632449,1,3,0,9.1000873,0.32637543
-6.8135655,0.96549743,0.76632449,1,3,0,7.2555442,0.20666194
-7.2109852,0.96621088,0.76632449,3,7,0,7.2136739,0.38089006
-7.420049,0.95251981,0.76632449,1,1,0,7.4762712,0.40956607
-7.0439683,1,0.76632449,1,1,0,7.3422582,0.35326317
-7.0439683,0.88128344,0.76632449,1,1,0,7.4697915,0.35326317
-7.2173833,0.78881835,0.76632449,2,7,0,8.6752414,0.1435949
-7.5577296,0.96226744,0.76632449,1,1,0,7.5585732,0.11692788
-7.6371779,0.99217171,0.76632449,1,1,0,7.7118571,0.11197857
-7.500658,1,0.76632449,1,1,0,7.6755783,0.12072365
-7.6189297,0.98813965,0.76632449,1,1,0,7.6762216,0.11308329
-7.6030374,1,0.76632449,1,1,0,7.7192177,0.11406056
-7.2823171,1,0.76632449,1,1,0,7.5719044,0.13761941
-6.7602152,1,0.76632449,2,3,0,7.2111733,0.23082656
-6.851875,0.9895283,0.76632449,2,3,0,6.8695874,0.19610979
-6.7673642,0.98457286,0.76632449,1,3,0,7.0048966,0.2751055
-6.7706535,0.99935915,0.76632449,1,1,0,6.7734407,0.27720062
-7.2570547,0.84353602,0.76632449,1,3,0,7.8933224,0.13988061
-7.3170725,0.98115443,0.76632449,2,3,0,7.6725131,0.13462878
-8.9205518,0.88799867,0.76632449,3,7,0,9.0560595,0.061931962
-8.9527679,0.9981878,0.76632449,1,1,0,9.1456864,0.061109595
-8.2848663,0.99060413,0.76632449,2,3,0,9.4657094,0.081563374
-7.0756256,0.97979568,0.76632449,3,7,0,8.2533741,0.1589266
-8.7529505,0.85896926,0.76632449,2,3,0,8.8197893,0.066444728
-9.2776202,0.97195828,0.76632449,3,7,0,9.3137794,0.053531354
-8.2209889,0.97348365,0.76632449,3,7,0,9.6470293,0.083979793
-8.6947546,0.96754447,0.76632449,1,1,0,8.7199969,0.068110104
-8.039544,1,0.76632449,1,1,0,8.648184,0.091427861
-8.0270434,0.9803933,0.76632449,3,7,0,8.1794501,0.091975984
-6.9051252,0.96156379,0.76632449,1,3,0,8.2414028,0.18464895
-7.3553312,0.74793082,0.76632449,2,3,0,10.723091,0.40119959
-8.8278767,0.70228549,0.76632449,1,1,0,8.8279349,0.53932526
-6.7480342,1,0.76632449,2,3,0,8.7149528,0.24937582
-6.8276655,0.77469833,0.76632449,2,3,0,8.9842624,0.30195104
-6.7664156,0.98465946,0.76632449,1,3,0,6.9485928,0.22655092
-6.9223221,0.8146947,0.76632449,2,3,0,8.7584966,0.32814697
-6.938871,0.99975095,0.76632449,2,7,0,6.9428258,0.17854088
-6.9150547,0.93278808,0.76632449,3,7,0,7.6252445,0.32642169
-7.0294249,0.87429627,0.76632449,1,3,0,7.8538531,0.16485383
-7.06934,0.99471888,0.76632449,1,1,0,7.0987166,0.15970017
-6.7931569,0.96223892,0.76632449,1,3,0,7.5116285,0.28874702
-8.0873731,0.61871543,0.76632449,1,3,0,9.9709779,0.089374435
-7.2338329,0.99691148,0.76632449,2,3,0,8.2053397,0.14202937
-7.7984979,0.8598868,0.76632449,1,3,0,10.060494,0.45230212
-7.5984081,0.83634583,0.76632449,2,3,0,9.5120471,0.43084107
-6.7696057,0.99628767,0.76632449,2,3,0,7.6493581,0.27655009
-6.7638083,0.99275917,0.76632449,1,3,0,6.8343881,0.22823957
-7.1540996,0.96691639,0.76632449,2,3,0,7.1567687,0.37209241
-7.3125119,0.96417634,0.76632449,1,1,0,7.365106,0.3954337
-6.9121159,0.88348707,0.76632449,1,3,0,8.2696843,0.18332404
-7.2578492,0.88434196,0.76632449,2,3,0,8.7206934,0.38776933
-7.7158669,0.89765446,0.76632449,1,1,0,7.7492049,0.44370201
-7.2719281,1,0.76632449,2,3,0,7.6483778,0.38977831
-10.438317,0.48649391,0.76632449,2,3,0,12.589821,0.63526099
-10.289111,1,0.76632449,1,1,0,11.19914,0.62767598
-10.191218,1,0.76632449,2,3,0,11.052725,0.62257992
-7.7413953,1,0.76632449,2,3,0,9.5985697,0.44639578
-7.7358341,1,0.76632449,1,1,0,7.9629473,0.44581185
-9.6625327,0.87065828,0.76632449,2,3,0,9.6710423,0.5932562
-9.9880382,0.98938646,0.76632449,3,7,0,10.517697,0.61168385
-6.7935385,1,0.76632449,2,3,0,9.6192126,0.21360746
-6.9476992,0.94990092,0.76632449,1,3,0,7.2580411,0.33392624
-6.9741554,0.99425556,0.76632449,1,1,0,7.0084594,0.33960184
-6.9741554,0.46099958,0.76632449,1,3,0,10.794762,0.33960184
-7.3114602,0.75466769,0.76632449,1,3,0,8.7511749,0.13510274
-7.7432571,0.95508662,0.76632449,1,1,0,7.7432851,0.10589791
-7.3526482,1,0.76632449,1,1,0,7.7041881,0.13169999
-7.1819239,0.98874857,0.76632449,2,3,0,7.6286757,0.14710211
-6.7801708,1,0.76632449,2,3,0,7.1495893,0.21923132
-7.3660603,0.87866934,0.76632449,1,3,0,7.8798622,0.4026144
-6.8434988,1,0.76632449,3,7,0,7.2538,0.30707731
-6.9128456,0.98552243,0.76632449,1,1,0,6.9185726,0.3258904
-6.818828,0.9990261,0.76632449,2,7,0,6.9235297,0.20503817
-6.7606315,0.99944763,0.76632449,2,3,0,6.8262083,0.23050808
-6.7481244,0.99960978,0.76632449,1,3,0,6.7637414,0.24821135
-6.7502772,0.99921832,0.76632449,2,3,0,6.7545093,0.25845744
-6.7507072,0.99890069,0.76632449,1,3,0,6.7595811,0.24091456
-6.8116978,0.98932377,0.76632449,1,3,0,6.8304859,0.20725544
-6.7642393,0.99904796,0.76632449,2,3,0,6.8243379,0.22795084
-6.7565263,1,0.76632449,2,3,0,6.7630332,0.23393871
-6.7538841,0.99951176,0.76632449,2,3,0,6.7631227,0.2366305
-6.7661186,0.99489209,0.76632449,1,3,0,6.801118,0.27426775
-6.7557285,0.94026764,0.76632449,2,3,0,7.2573387,0.26572867
-6.7506624,1,0.76632449,3,7,0,6.7547904,0.25915667
-6.9336875,0.94991409,0.76632449,1,3,0,7.1034551,0.17943477
-6.9336875,0.83499387,0.76632449,1,3,0,8.6940709,0.17943477
-6.7676159,0.98031608,0.76632449,1,3,0,7.1565953,0.27527157
-6.9725025,0.97080697,0.76632449,2,3,0,7.0441266,0.33925649
-6.9230793,1,0.76632449,1,1,0,6.9857935,0.3283248
-6.7480227,0.99493051,0.76632449,1,3,0,6.972795,0.25017325
-7.0960738,0.9635217,0.76632449,2,3,0,7.1238517,0.3625124
-6.8816506,1,0.76632449,1,1,0,7.0503002,0.31800222
-7.2733865,0.95837533,0.76632449,3,7,0,7.2806973,0.38998498
-6.8376525,0.91990739,0.76632449,1,3,0,7.9298088,0.19972177
-6.8226785,0.97393431,0.76632449,1,3,0,7.1257905,0.30023943
-6.7879681,1,0.76632449,1,1,0,6.8171767,0.28638893
-6.8512564,0.99575626,0.76632449,2,3,0,6.8513057,0.30944342
-6.864215,0.99960853,0.76632449,2,7,0,6.8658623,0.19319733
-6.9992755,0.98133052,0.76632449,2,3,0,7.1046451,0.16906122
-7.3646396,0.8814619,0.76632449,2,7,0,8.6097289,0.40242772
-7.9646166,0.8666434,0.76632449,1,1,0,8.0023597,0.4686415
-8.037753,0.99372646,0.76632449,3,7,0,8.2992396,0.47548149
-6.9347045,0.87657427,0.76632449,2,3,0,9.4758106,0.17925822
-6.7532109,0.98519826,0.76632449,1,3,0,7.0861076,0.26287601
-7.5335118,0.91031891,0.76632449,2,7,0,7.5363909,0.11851242
-7.5030012,1,0.76632449,1,1,0,7.6167416,0.12056351
-7.173977,0.997638,0.76632449,3,7,0,7.4949392,0.14791463
-6.817573,0.94812142,0.76632449,1,3,0,7.8065567,0.2984307
-6.7775325,0.98436013,0.76632449,1,3,0,6.9665219,0.2204823
-7.2869971,0.91625989,0.76632449,1,3,0,7.4817807,0.13720882
-7.7244892,0.9300911,0.76632449,3,7,0,8.4205474,0.10693368
-7.300057,1,0.76632449,2,3,0,7.6790484,0.13607621
-7.3254483,0.99711245,0.76632449,1,1,0,7.39198,0.13392763
-7.3130476,1,0.76632449,3,7,0,7.3245131,0.13496835
-7.6396783,0.96552696,0.76632449,1,1,0,7.6443306,0.11182862
-7.3769267,0.92721884,0.76632449,2,3,0,8.9867643,0.12977218
-7.1833462,1,0.76632449,1,1,0,7.3667232,0.14695776
-6.7661889,0.9730107,0.76632449,2,3,0,7.5595657,0.22669254
-7.2569101,0.91276223,0.76632449,1,3,0,7.472492,0.13989378
-6.8177011,0.94403024,0.76632449,1,3,0,7.9741999,0.29847682
-7.4009158,0.77414497,0.76632449,1,3,0,8.452561,0.12792014
-7.6363111,0.83797039,0.76632449,1,3,0,10.225512,0.43507941
-6.7784112,0.99187355,0.76632449,2,3,0,7.7187097,0.28162631
-6.7945494,0.97988817,0.76632449,1,3,0,6.930681,0.21322093
-6.7939762,0.97205728,0.76632449,2,3,0,7.0656849,0.21343954
-6.783665,0.98611801,0.76632449,1,3,0,6.9355783,0.28432051
-7.3845924,0.85127467,0.76632449,3,7,0,8.0054944,0.1291748
-7.6373644,0.97394011,0.76632449,1,1,0,7.6548672,0.11196738
-6.8794917,0.90353718,0.76632449,1,3,0,8.9985154,0.31742627
-6.9639731,0.90413749,0.76632449,1,3,0,7.5973343,0.17440669
-6.8109739,0.99757341,0.76632449,2,3,0,7.0025527,0.20748802
-7.9450892,0.87962846,0.76632449,2,3,0,7.9654767,0.095693865
-8.7585354,0.9622173,0.76632449,3,7,0,8.926508,0.06628769
-7.9752568,0.94405381,0.76632449,3,7,0,10.423065,0.094299535
-6.7701273,1,0.76632449,3,7,0,7.7863048,0.2768758
-6.7499803,0.99986206,0.76632449,2,3,0,6.7716881,0.25787726
-6.7480967,0.99996376,0.76632449,1,3,0,6.7501364,0.25153225
-6.7481408,0.99983536,0.76632449,2,3,0,6.7494436,0.25193192
-7.0593886,0.96247003,0.76632449,2,3,0,7.0603243,0.16094504
-7.0488411,1,0.76632449,1,1,0,7.0992336,0.16229257
-9.2616522,0.80943963,0.76632449,2,3,0,9.2852598,0.05387585
-9.0043832,1,0.76632449,1,1,0,9.3615573,0.059820439
-9.3330439,0.98307621,0.76632449,1,1,0,9.4248262,0.052356203
-6.9056596,0.96186606,0.76632449,1,3,0,10.543033,0.18454645
-7.2181543,0.91949192,0.76632449,2,3,0,8.1705235,0.38196257
-7.2181543,0.81324214,0.76632449,1,3,0,8.5132834,0.38196257
-6.7539926,0.97619172,0.76632449,1,3,0,7.4329896,0.23650891
-6.8132514,0.98293525,0.76632449,1,3,0,6.8864947,0.29685041
-6.8480441,0.99287669,0.76632449,1,1,0,6.8533915,0.30847407
-6.8480441,0.75559859,0.76632449,1,3,0,8.4422642,0.30847407
-7.0787306,0.96990249,0.76632449,3,7,0,7.1273658,0.15854799
-6.8998542,0.94107581,0.76632449,1,3,0,7.8499388,0.32269721
-6.9249895,0.99463273,0.76632449,1,1,0,6.9493972,0.32877188
-12.279198,0.44546362,0.76632449,3,7,0,12.862903,0.017601127
-9.763655,0.986812,0.76632449,2,3,0,13.931015,0.04420506
-6.8581551,0.94947016,0.76632449,1,3,0,11.630582,0.19460432
-6.7543741,0.98954027,0.76632449,2,7,0,6.9633973,0.26426258
-6.7763693,0.99068365,0.76632449,2,7,0,6.8257446,0.22105276
-6.7682254,0.98245464,0.76632449,2,3,0,6.9389363,0.22545165
-6.7564833,0.99530373,0.76632449,1,3,0,6.8117319,0.26649119
-6.8674668,0.96515188,0.76632449,1,3,0,7.0147164,0.1924596
-6.8016818,0.97478771,0.76632449,1,3,0,7.1379419,0.29235821
-6.7493093,0.99592845,0.76632449,1,3,0,6.8351892,0.24369288
-6.7480326,0.99973868,0.76632449,2,3,0,6.7517432,0.25058209
-6.7779846,0.9965529,0.76632449,2,3,0,6.778494,0.22026383
-7.8562899,0.82650633,0.76632449,2,7,0,8.5893889,0.45812211
-8.192541,0.92155027,0.76632449,1,1,0,8.3719504,0.48933882
-7.1778597,1,0.76632449,1,1,0,7.9533681,0.37583186
-6.79289,0.87222541,0.76632449,3,7,0,8.0254058,0.28862893
-8.4766562,0.78604407,0.76632449,2,3,0,8.9988085,0.51290479
-8.9897595,0.88288591,0.76632449,1,1,0,9.2803567,0.55066462
-9.8521426,0.81442268,0.76632449,1,1,0,10.193771,0.6041424
-9.3294444,1,0.76632449,2,3,0,10.214602,0.57300595
-6.8276887,1,0.76632449,3,7,0,8.9661573,0.2024486
-6.8869539,0.96947288,0.76632449,3,7,0,7.1286628,0.319399
-6.9573162,0.98502513,0.76632449,1,1,0,6.9704174,0.33602716
-6.8750248,1,0.76632449,1,1,0,6.9489988,0.31622056
-6.8911486,0.99659446,0.76632449,1,1,0,6.9124974,0.32048641
-6.8911486,0.64161437,0.76632449,1,3,0,9.2584806,0.32048641
-6.7980825,0.99950542,0.76632449,2,7,0,6.8914616,0.21190461
-6.7483708,0.9914986,0.76632449,2,3,0,6.8826751,0.24670686
-7.0166466,0.94597586,0.76632449,1,3,0,7.1528584,0.34811411
-7.4638435,0.90329071,0.76632449,1,1,0,7.4660355,0.41501501
-6.7825326,1,0.76632449,2,3,0,7.3416196,0.2181571
-6.7542005,0.98775813,0.76632449,2,3,0,6.8961746,0.23627907
-6.7488519,0.99995271,0.76632449,2,3,0,6.7547637,0.24492992
-6.8623728,0.98674741,0.76632449,2,3,0,6.8664249,0.19362052
-6.8848086,0.99887352,0.76632449,2,3,0,6.8966562,0.18870796
-6.9022506,0.99741716,0.76632449,1,1,0,6.9186697,0.18520382
-6.9553919,0.99234516,0.76632449,1,1,0,6.9654971,0.17578561
-7.0890408,0.98190224,0.76632449,1,1,0,7.0925166,0.15730702
-6.8295095,0.99728917,0.76632449,2,7,0,7.0778726,0.30257115
-6.7552384,0.99004392,0.76632449,1,3,0,6.9081444,0.23518686
-8.1240052,0.71813822,0.76632449,1,3,0,9.2216663,0.087846938
-7.8744891,1,0.76632449,1,1,0,8.1550557,0.09908213
-6.7766259,0.93261888,0.76632449,1,3,0,9.0157574,0.2806609
-7.3470826,0.92974801,0.76632449,2,7,0,7.359961,0.13214982
-7.7352501,0.96012782,0.76632449,1,1,0,7.7369815,0.10633781
-6.8379706,0.96917749,0.76632449,1,3,0,7.9191603,0.19963758
-6.7664431,0.9859823,0.76632449,1,3,0,6.975711,0.27448861
-6.8822126,0.98235611,0.76632449,2,3,0,6.9330965,0.31815143
-6.7532326,1,0.76632449,2,3,0,6.883822,0.26290322
-6.7529432,0.99950254,0.76632449,2,3,0,6.7595412,0.26253599
-6.815691,0.99054205,0.76632449,3,7,0,6.8319485,0.29774836
-10.210181,0.62759869,0.76632449,3,7,0,10.431423,0.037275052
-11.077726,0.97323209,0.76632449,1,1,0,11.094155,0.027042941
-12.184226,0.95425434,0.76632449,3,7,0,12.3792,0.018200541
-8.4184739,1,0.76632449,2,3,0,12.009597,0.076812367
-8.2707612,1,0.76632449,1,1,0,8.51643,0.082088481
-8.770665,0.96656731,0.76632449,1,1,0,8.7937806,0.065948271
-7.638298,0.99823469,0.76632449,3,7,0,8.7318421,0.11191136
-7.445815,0.98660818,0.76632449,2,3,0,8.0354941,0.12458509
-6.9986622,0.99081099,0.76632449,2,7,0,7.4981628,0.34459273
-7.0183563,0.99922867,0.76632449,2,7,0,7.0251596,0.16636412
-7.5297128,0.85471248,0.76632449,2,3,0,9.8326742,0.42292315
-7.7962994,0.97936189,0.76632449,2,3,0,7.913133,0.45207766
-7.8037216,0.99975111,0.76632449,3,7,0,7.8248907,0.45283453
-7.889229,1,0.76632449,3,7,0,7.8898283,0.098359695
-7.553042,1,0.76632449,1,1,0,7.8723484,0.11723167
-7.0058314,0.89596686,0.76632449,1,3,0,9.2027065,0.34600993
-6.7805477,0.61981722,0.76632449,2,3,0,10.300384,0.21905714
-6.934994,0.95331701,0.76632449,1,3,0,7.1932461,0.33107795
-8.9567696,0.76236835,0.76632449,3,7,0,8.9635931,0.061008407
-8.327138,1,0.76632449,1,1,0,8.9245522,0.080017408
-6.7643898,0.94140771,0.76632449,1,3,0,9.2252925,0.227851
-6.7691439,0.9923923,0.76632449,1,3,0,6.834536,0.27625864
-7.7384193,0.88001552,0.76632449,2,3,0,7.9845567,0.4460835
-7.3119239,1,0.76632449,1,1,0,7.6840278,0.39535313
-7.308176,0.89715257,0.76632449,2,3,0,8.3668414,0.39483869
-7.5751784,0.97966723,0.76632449,2,3,0,7.6428318,0.42819882
-6.8913658,0.95805126,0.76632449,2,3,0,7.9385884,0.3205423
-6.8965916,0.99888959,0.76632449,1,1,0,6.924237,0.3218757
-6.9172886,0.99928012,0.76632449,2,7,0,6.9194099,0.182365
-6.8104716,0.96720516,0.76632449,1,3,0,7.265252,0.29580781
-6.81357,0.96791282,0.76632449,1,3,0,7.0515324,0.20666051
-6.7651725,0.98773885,0.76632449,2,7,0,6.925416,0.27361274
-6.7481325,1,0.76632449,2,3,0,6.762305,0.24814248
-6.9047274,0.96763728,0.76632449,1,3,0,6.985073,0.32390926
-6.9157107,0.99765248,0.76632449,1,1,0,6.9446593,0.3265788
-6.8807689,1,0.76632449,1,1,0,6.9265492,0.31776753
-6.8625298,1,0.76632449,3,7,0,6.8760161,0.19358431
-7.3245628,0.95556666,0.76632449,2,3,0,7.4093776,0.13400141
-7.371596,0.98899808,0.76632449,3,7,0,7.4333827,0.13019074
-6.9025125,0.91970186,0.76632449,1,3,0,8.4961515,0.32336056
-6.8259065,0.95258157,0.76632449,1,3,0,7.2708285,0.20295608
-7.016616,0.95023976,0.76632449,1,3,0,7.4806315,0.34810821
-7.1389693,0.97296854,0.76632449,1,1,0,7.168981,0.36965857
-6.8845001,1,0.76632449,2,7,0,7.1379359,0.18877222
-6.8593329,1,0.76632449,2,7,0,6.8815595,0.31182051
-6.7925758,1,0.76632449,2,3,0,6.8458931,0.28848955
-7.0597828,0.89027995,0.76632449,1,3,0,7.5685135,0.16089525
-6.7483714,0.98798817,0.76632449,1,3,0,7.1998341,0.24670436
-6.7541235,0.99791755,0.76632449,2,3,0,6.7656471,0.26397513
-6.794282,0.98592893,0.76632449,1,3,0,6.8608816,0.21332275
-6.8921369,0.96829212,0.76632449,1,3,0,7.1592186,0.32074046
-7.0215551,0.97240943,0.76632449,1,1,0,7.0282561,0.34905627
-7.050292,0.99363166,0.76632449,1,1,0,7.1001937,0.35442345
-7.1668209,0.92908802,0.76632449,2,3,0,7.7601872,0.37410668
-7.0538727,1,0.76632449,1,1,0,7.1806545,0.3550755
-7.0538727,0.95889044,0.76632449,1,1,0,7.2250114,0.3550755
-7.1319631,0.98258246,0.76632449,1,1,0,7.1779579,0.36851691
-6.7676006,0.96597088,0.76632449,1,3,0,7.4101597,0.22582509
-6.834351,0.97783323,0.76632449,2,7,0,6.971757,0.30416881
-7.3835079,0.9372179,0.76632449,3,7,0,7.3835399,0.40489093
-7.0227493,0.93915146,0.76632449,2,3,0,7.9692212,0.34928431
-7.6425482,0.92608538,0.76632449,3,7,0,7.7030589,0.43576849
-9.4881635,0.63939377,0.76632449,1,1,0,9.4930407,0.58284407
-10.146555,0.85732609,0.76632449,1,1,0,10.639326,0.62022229
-8.5968846,1,0.76632449,3,7,0,10.341662,0.071035648
-8.306908,1,0.76632449,1,1,0,8.6449654,0.080752134
-7.9032949,0.98905101,0.76632449,2,7,0,8.2869382,0.46274652
-7.4165862,1,0.76632449,1,1,0,7.8464358,0.40912822
-7.9842911,0.87296964,0.76632449,1,1,0,8.0344579,0.47050133
-6.8175439,1,0.76632449,2,3,0,7.7786119,0.20542805
-7.2813759,0.960115,0.76632449,3,7,0,7.2882969,0.3911125
-7.4748279,0.99166639,0.76632449,2,7,0,7.4757795,0.12251474
-7.2334365,0.88604958,0.76632449,1,3,0,9.5812029,0.38422395
-6.7481853,0.98797093,0.76632449,1,3,0,7.3677248,0.24774392
-6.7586288,0.99878312,0.76632449,2,3,0,6.7594169,0.23209503
-6.8236383,0.97642025,0.76632449,2,3,0,6.9833673,0.30057291
-6.988643,0.90464369,0.76632449,1,3,0,7.5094485,0.17061968
-6.7869846,0.9693772,0.76632449,1,3,0,7.3332689,0.28592588
-6.8617085,0.95679476,0.76632449,2,7,0,7.1087749,0.19377408
-7.0196388,0.94778432,0.76632449,1,3,0,7.5890347,0.34868937
-6.7480321,0.99290444,0.76632449,1,3,0,7.0905644,0.25057003
-6.7481199,0.99997431,0.76632449,1,3,0,6.7482439,0.24825109
-6.7512424,0.99875613,0.76632449,2,3,0,6.7582379,0.26012047
-6.7490081,0.99930553,0.76632449,1,3,0,6.7570224,0.24447579
-6.8109236,0.98793027,0.76632449,1,3,0,6.8364681,0.20750424
-6.9645024,0.98131004,0.76632449,2,3,0,7.0277396,0.17432274
-6.7533239,0.97573537,0.76632449,3,7,0,7.2190943,0.26301702
-7.389886,0.83213526,0.76632449,1,3,0,8.0301262,0.12876535
-6.9318446,0.99282339,0.76632449,2,7,0,7.4016401,0.33035828
-7.2237192,0.97914853,0.76632449,2,3,0,7.2251156,0.38278991
-6.9382331,0.87357765,0.76632449,1,3,0,8.2083059,0.1786501
-6.8684099,1,0.76632449,1,1,0,6.9316011,0.19224781
-6.9642013,0.99532881,0.76632449,2,3,0,6.9654073,0.17437049
-6.975708,0.99839238,0.76632449,1,1,0,7.0052022,0.17257398
-6.7581511,1,0.76632449,3,7,0,6.9370999,0.26806649
-6.7498426,0.99830211,0.76632449,1,3,0,6.7719621,0.24250767
-6.8344954,0.99154662,0.76632449,2,3,0,6.8351998,0.30421579
-6.8284788,1,0.76632449,2,7,0,6.8350915,0.20222565
-6.8310088,0.96042286,0.76632449,2,3,0,7.2340094,0.20151982
-6.7502287,0.99763243,0.76632449,1,3,0,6.8462393,0.24175722
-7.4079777,0.87715602,0.76632449,1,3,0,7.737413,0.40803511
-6.8604638,1,0.76632449,3,7,0,7.3143071,0.19406319
-9.7270214,0.62790599,0.76632449,3,7,0,12.424696,0.044837049
-10.322347,0.99248527,0.76632449,2,3,0,10.373014,0.035735388
-7.1867615,0.95467031,0.76632449,3,7,0,11.258939,0.14661242
-7.1954597,0.99894194,0.76632449,1,1,0,7.2547637,0.14574106
-6.7819382,0.96834565,0.76632449,2,3,0,7.6308975,0.21842366
-7.1381058,0.91578969,0.76632449,1,3,0,7.5343086,0.36951837
-6.7516136,0.72465771,0.76632449,3,7,0,9.0706911,0.26069299
-10.051141,0.6428049,0.76632449,3,7,0,10.662671,0.61511535
-7.8606573,1,0.76632449,2,3,0,9.5300852,0.4585558
-8.1353589,0.99265688,0.76632449,3,7,0,8.1720716,0.087381181
-8.0843977,1,0.76632449,2,3,0,8.2614879,0.089500198
-7.6080228,1,0.76632449,1,1,0,8.0442038,0.11375245
-6.8353534,0.99530518,0.76632449,2,7,0,7.5196336,0.3044943
-7.2886604,0.80302021,0.76632449,1,3,0,8.2576163,0.1370635
-6.7545881,0.96966428,0.76632449,1,3,0,7.7120112,0.26450373
-6.88884,0.95835376,0.76632449,1,3,0,7.0463855,0.18787589
-8.3587591,0.80657846,0.76632449,1,3,0,9.0287985,0.078887369
-7.821993,1,0.76632449,2,3,0,8.3191743,0.10172319
-6.7579599,0.93214873,0.76632449,3,7,0,8.9316858,0.26789267
-7.1166066,0.89330886,0.76632449,1,3,0,7.517351,0.15410466
-7.4954594,0.8845473,0.76632449,1,3,0,9.1784441,0.41885177
-7.2648072,1,0.76632449,1,1,0,7.5055961,0.38876536
-7.5441274,0.93652967,0.76632449,1,1,0,7.6007746,0.42461116
-6.7525668,1,0.76632449,2,3,0,7.4395902,0.2382104
-7.2044663,0.90751997,0.76632449,1,3,0,7.4605236,0.14485087
-7.7967697,0.86136733,0.76632449,1,3,0,9.9725546,0.4521257
-7.1634987,1,0.76632449,2,3,0,7.6559563,0.37358339
-7.2675697,0.90666749,0.76632449,2,3,0,8.086086,0.38915908
-7.4048086,0.96845551,0.76632449,1,1,0,7.4864209,0.40763101
-7.3751618,1,0.76632449,1,1,0,7.528595,0.40380564
-7.4636184,0.97936453,0.76632449,1,1,0,7.5803869,0.4149874
-6.9754604,0.99737918,0.76632449,2,7,0,7.4429449,0.17261204
-6.7515507,0.98789913,0.76632449,1,3,0,7.1418289,0.26059812
-7.508218,0.806438,0.76632449,1,3,0,8.2501232,0.12020834
-7.185441,1,0.76632449,2,3,0,7.4718198,0.14674572
-6.9725493,1,0.76632449,1,1,0,7.1570478,0.17306151
-7.8722005,0.92208015,0.76632449,2,3,0,7.977286,0.099195039
-7.9623297,0.99232196,0.76632449,1,1,0,8.0611002,0.094893243
-8.1534144,0.98468809,0.76632449,1,1,0,8.2269254,0.086647797
-7.6156747,1,0.76632449,1,1,0,8.1054418,0.11328229
-7.8766045,0.97595593,0.76632449,1,1,0,7.9082981,0.098977947
-6.7835551,1,0.76632449,2,3,0,7.7256131,0.21770424
-6.884139,0.97020448,0.76632449,1,3,0,7.1124572,0.31866072
-7.552411,0.70106979,0.76632449,1,3,0,9.0898749,0.11727266
-7.6949036,0.98613774,0.76632449,1,1,0,7.7499442,0.10860035
-7.4800817,1,0.76632449,2,3,0,7.704793,0.12214655
-7.4506442,1,0.76632449,1,1,0,7.5583547,0.12423603
-6.7511685,0.98236309,0.76632449,1,3,0,7.7863781,0.24017203
-6.9969004,0.97135042,0.76632449,2,3,0,7.0046468,0.16940577
-6.8761152,0.9507523,0.76632449,1,3,0,7.6091205,0.31651667
-6.8263597,0.96084913,0.76632449,1,3,0,7.2216127,0.20282642
-6.8263597,0.87514809,0.76632449,1,3,0,7.8859462,0.20282642
-6.7480695,0.99701951,0.76632449,1,3,0,6.8568881,0.24877965
-6.7737342,0.98179156,0.76632449,2,3,0,6.9004989,0.27903378
-6.7551177,0.90190729,0.76632449,2,3,0,7.5934134,0.26508449
-7.0369972,0.92746968,0.76632449,2,7,0,7.3377682,0.16384203
-6.8539894,0.95100277,0.76632449,1,3,0,7.6370646,0.31025717
-7.6146382,0.87047981,0.76632449,2,3,0,8.054605,0.43266677
-7.3370329,1,0.76632449,1,1,0,7.62116,0.39875953
-7.0774163,1,0.76632449,1,1,0,7.3006894,0.35927858
-7.2849656,0.9537863,0.76632449,1,1,0,7.3143497,0.39161655
-7.27853,1,0.76632449,1,1,0,7.3976019,0.39071177
-7.8159395,0.88060057,0.76632449,1,1,0,7.845188,0.45407477
-7.3560612,0.98723983,0.76632449,2,7,0,8.0224425,0.13142561
-6.7641072,0.98892509,0.76632449,2,3,0,7.5435447,0.22803893
-6.904802,0.863347,0.76632449,2,3,0,8.1878325,0.32392766
-6.7716919,0.9757951,0.76632449,1,3,0,7.0943578,0.22348221
-6.7512876,0.99666966,0.76632449,1,3,0,6.8014829,0.26019187
-6.7874649,0.87081869,0.76632449,2,3,0,7.9092285,0.28615269
-7.1977579,0.85255683,0.76632449,1,3,0,7.8523324,0.14551276
-6.7901309,0.99670397,0.76632449,2,7,0,7.1413142,0.2873885
-6.7911416,0.97937251,0.76632449,2,7,0,6.9491598,0.21454292
-6.7936998,0.98458359,0.76632449,1,3,0,6.9526123,0.28898611
-6.7480322,0.99854068,0.76632449,1,3,0,6.807349,0.25057145
-6.7544061,0.99587081,0.76632449,2,3,0,6.7812929,0.26429894
-6.7532415,1,0.76632449,1,1,0,6.7548482,0.26291436
-6.7564161,0.99656888,0.76632449,2,7,0,6.7799282,0.2340415
-6.748145,1,0.76632449,2,3,0,6.7555441,0.24804116
-6.9883715,0.97500823,0.76632449,2,3,0,7.0024442,0.34252555
-6.9362678,0.8939643,0.76632449,1,3,0,7.7620277,0.17898796
-6.7746468,0.9988545,0.76632449,2,7,0,6.9157579,0.27955632
-6.8353632,0.99265722,0.76632449,2,7,0,6.8464654,0.20033266
-7.9286076,0.84142194,0.76632449,1,3,0,8.3998011,0.096468849
-7.8037485,1,0.76632449,1,1,0,7.9992374,0.10266697
-7.1418937,0.99584348,0.76632449,2,3,0,7.9291701,0.15130259
-7.0089185,0.99113539,0.76632449,2,3,0,7.3269186,0.1676828
-6.7751689,0.97259106,0.76632449,1,3,0,7.3265978,0.27985138
-6.7543008,0.90343112,0.76632449,2,3,0,7.5800797,0.26417912
-6.9989276,0.96537068,0.76632449,3,7,0,7.0451746,0.34464553
-9.7019248,0.6754949,0.76632449,3,7,0,9.8363384,0.045276116
-7.9841414,0.94020785,0.76632449,2,5,0,10.366112,0.47048723
-7.9380629,1,0.76632449,1,1,0,8.2345876,0.46610741
-7.9631392,0.99393161,0.76632449,1,1,0,8.2300017,0.46850123
-7.0709544,1,0.76632449,2,7,0,7.8798335,0.15950057
-6.8270028,0.95207239,0.76632449,1,3,0,7.6288432,0.30172654
-6.787705,1,0.76632449,2,3,0,6.8201489,0.28626559
-6.7480283,1,0.76632449,2,3,0,6.7823853,0.25045349
-7.5716835,0.91048008,0.76632449,2,7,0,7.5716986,0.11603162
-7.7969627,0.97866465,0.76632449,1,1,0,7.8330221,0.10302153
-7.2458719,0.99976726,0.76632449,3,7,0,7.7586056,0.14090668
-7.0236353,0.99204754,0.76632449,2,3,0,7.4182825,0.16563906
-6.7481631,0.98468997,0.76632449,2,3,0,7.2332124,0.24790188
-6.7706502,0.99759119,0.76632449,2,3,0,6.7710453,0.2771986
-6.7506673,0.96008353,0.76632449,2,3,0,7.0935319,0.25916518
-6.899985,0.98295889,0.76632449,2,7,0,6.8999933,0.18564541
-7.175745,0.90736643,0.76632449,1,3,0,7.9845698,0.37550297
-7.2348906,0.76654147,0.76632449,1,3,0,9.0288501,0.14192997
-6.9545991,0.99437447,0.76632449,2,3,0,7.350678,0.17591473
-6.8939558,1,0.76632449,1,1,0,6.9535183,0.18683971
-6.7492618,0.99084749,0.76632449,1,3,0,6.9868092,0.25625934
-6.7676151,0.97385078,0.76632449,2,3,0,6.9651624,0.27527106
-7.0567438,0.96509612,0.76632449,2,7,0,7.0624732,0.16128017
-6.8999497,0.99425006,0.76632449,2,3,0,7.1629255,0.18565232
-6.9597597,0.99712928,0.76632449,2,3,0,6.9683152,0.1750795
-7.0513632,0.98750194,0.76632449,1,1,0,7.0607388,0.16196764
-6.7766419,0.96871467,0.76632449,2,3,0,7.4365999,0.22091795
-6.7681878,1,0.76632449,1,1,0,6.7766364,0.22547395
-8.837108,0.59220547,0.76632449,1,3,0,10.64487,0.064128098
-9.9063837,0.95426438,0.76632449,2,3,0,10.461203,0.04183981
-10.594041,0.99195789,0.76632449,2,3,0,10.631334,0.032294281
-9.7494025,1,0.76632449,1,1,0,10.575856,0.044449693
-9.8892446,0.99436409,0.76632449,1,1,0,10.076662,0.042115926
-10.907827,0.96518841,0.76632449,1,1,0,10.909885,0.028771758
-11.273014,0.99064656,0.76632449,1,1,0,11.4133,0.025194776
-9.9739851,0.99603746,0.76632449,2,3,0,11.848333,0.040770947
-9.7211518,1,0.76632449,1,1,0,10.108207,0.044939289
-7.1268008,1,0.76632449,2,3,0,9.4639638,0.15296022
-6.9956945,1,0.76632449,1,1,0,7.1161303,0.16958148
-6.9607623,1,0.76632449,1,1,0,7.0127637,0.17491868
-7.3441217,0.96074831,0.76632449,2,3,0,7.494196,0.13239037
-7.1218725,1,0.76632449,1,1,0,7.322162,0.15351092
-6.976779,1,0.76632449,1,1,0,7.1061479,0.17240962
-6.8793865,1,0.76632449,1,1,0,6.9643132,0.18984985
-7.9916953,0.85868243,0.76632449,1,3,0,8.3995533,0.093552579
-6.8144769,0.95687483,0.76632449,1,3,0,8.3811175,0.20637569
-6.7553298,0.99169576,0.76632449,2,7,0,6.8924018,0.26531115
-6.9584114,0.94176621,0.76632449,1,3,0,7.1856102,0.17529652
-6.7681475,1,0.76632449,2,3,0,6.9525083,0.2254979
-6.7907453,0.98651694,0.76632449,2,7,0,6.8897639,0.28766797
-6.9240017,0.97528796,0.76632449,2,3,0,7.0239156,0.32854096
-7.0207483,0.86901923,0.76632449,1,3,0,7.8527938,0.16603449
-6.9788712,1,0.76632449,1,1,0,7.0373951,0.17208989
-7.0138672,0.99722859,0.76632449,3,7,0,7.0138734,0.34757713
-7.4144135,0.91309749,0.76632449,1,1,0,7.4180771,0.40885295
-7.2957291,1,0.76632449,1,1,0,7.4784268,0.39311864
-6.9163599,0.88176387,0.76632449,1,3,0,8.2567639,0.18253589
-6.7910096,0.99825821,0.76632449,2,3,0,6.9425526,0.21459521
-6.7502458,0.99305385,0.76632449,3,7,0,6.8520181,0.25839784
-7.3998525,0.82055447,0.76632449,3,7,0,8.3387639,0.12800117
-6.816206,0.99317041,0.76632449,2,7,0,7.3285138,0.29793594
-6.7665879,0.98872911,0.76632449,1,3,0,6.9294845,0.22644391
-6.8285638,0.97741676,0.76632449,1,3,0,6.9579392,0.30225396
-6.7521659,1,0.76632449,2,3,0,6.8144487,0.23873673
-7.0263673,0.94112907,0.76632449,1,3,0,7.2099809,0.34997245
-7.3651864,0.73190146,0.76632449,1,3,0,9.0385395,0.1306975
-7.246245,1,0.76632449,1,1,0,7.3842891,0.14087218
-7.4859981,0.97338132,0.76632449,1,1,0,7.4963676,0.12173432
-6.7587346,0.9569425,0.76632449,1,3,0,8.1123502,0.2685874
-7.2631941,0.85277051,0.76632449,1,3,0,7.8230326,0.13932397
-7.1272927,1,0.76632449,1,1,0,7.2641555,0.1529055
-6.7553378,0.98685764,0.76632449,1,3,0,7.2399314,0.23508669
-6.7538128,1,0.76632449,2,3,0,6.7556895,0.23671107
-6.7606683,0.99880067,0.76632449,1,1,0,6.7606847,0.23048021
-6.9302847,0.98086436,0.76632449,2,3,0,6.9488796,0.18002971
-7.6830959,0.94164678,0.76632449,3,7,0,7.6955506,0.44019312
-7.6830959,0.79847705,0.76632449,1,1,0,8.4467821,0.44019312
-7.580298,1,0.76632449,1,1,0,7.8204357,0.42878416
-7.5421425,1,0.76632449,2,7,0,7.5995975,0.11794342
-7.3010688,0.87735059,0.76632449,1,3,0,9.9022646,0.39385874
-7.0903688,0.7944204,0.76632449,1,3,0,8.8429858,0.15714896
-6.7495874,0.98042138,0.76632449,1,3,0,7.3116127,0.25703783
-7.1188984,0.90896831,0.76632449,1,3,0,7.4384938,0.15384558
-6.8228043,0.99892796,0.76632449,2,3,0,7.1401588,0.20385505
-6.7784602,0.98413738,0.76632449,1,3,0,6.9826836,0.28165246
-6.7482428,0.99922077,0.76632449,1,3,0,6.7844733,0.25263469
-7.0547516,0.94165957,0.76632449,1,3,0,7.1781876,0.355235
-7.3016207,0.9453955,0.76632449,1,1,0,7.3221064,0.39393504
-7.0633861,1,0.76632449,2,3,0,7.2703329,0.35679113
-6.796476,0.95235451,0.76632449,1,3,0,7.4413763,0.21249668
-7.3936663,0.909571,0.76632449,1,3,0,7.6015022,0.12847447
-7.2962607,1,0.76632449,1,1,0,7.4261351,0.13640347
-7.2103863,1,0.76632449,2,3,0,7.3237193,0.14427226
-6.7679129,0.96479365,0.76632449,1,3,0,7.6646799,0.27546624
-6.7635724,0.99822406,0.76632449,2,3,0,6.7889924,0.27246388
-8.4566139,0.60417521,0.76632449,3,7,0,10.834355,0.075525807
-9.1918386,0.95567068,0.76632449,1,1,0,9.1954311,0.055414163
-7.5085801,0.96924719,0.76632449,2,3,0,10.331229,0.12018375
-7.1776939,1,0.76632449,1,1,0,7.4707119,0.14753333
-6.7555972,0.98485796,0.76632449,1,3,0,7.3138607,0.23482833
-6.8401122,0.96437111,0.76632449,2,3,0,7.0436349,0.19907511
-6.7966225,0.97733496,0.76632449,1,3,0,7.0672281,0.29025091
-6.8275119,0.98922737,0.76632449,2,3,0,6.9073093,0.30189908
-6.7912695,0.97511676,0.76632449,1,3,0,7.025888,0.2144923
-6.9228345,0.98405893,0.76632449,2,3,0,6.9698918,0.18135585
-6.7646563,0.98229816,0.76632449,1,3,0,7.1244791,0.27324803
-6.7589966,0.99873537,0.76632449,2,3,0,6.7794351,0.26881679
-6.9312502,0.97962564,0.76632449,2,7,0,6.9334499,0.17986023
-6.7662268,0.97916907,0.76632449,1,3,0,7.1463772,0.27434161
-6.8072632,0.99219786,0.76632449,2,3,0,6.8418988,0.29457692
-7.1747808,0.84951364,0.76632449,1,3,0,7.8844093,0.14783198
-7.4641571,0.96687497,0.76632449,1,1,0,7.4662663,0.12326882
-7.8591957,0.74994826,0.76632449,2,5,0,10.825515,0.45841075
-7.2524497,1,0.76632449,1,1,0,7.7355395,0.38699204
-7.0489308,1,0.76632449,1,1,0,7.2308902,0.35417464
-8.059979,0.85795575,0.76632449,2,7,0,8.2786985,0.090542151
-9.6543721,0.92514469,0.76632449,3,7,0,9.797498,0.59277771
-6.7589194,1,0.76632449,2,3,0,9.6698602,0.26874945
-10.303967,0.63241301,0.76632449,3,7,0,10.600949,0.035982685
-6.790363,0.97982895,0.76632449,3,7,0,9.9404913,0.28749427
-6.7481688,0.96792008,0.76632449,2,3,0,7.0513777,0.24786058
-6.8067722,0.9937518,0.76632449,2,3,0,6.8085722,0.29438581
-7.3874032,0.78721644,0.76632449,1,3,0,8.3718399,0.12895707
-7.4591481,0.99491772,0.76632449,2,7,0,7.4806434,0.41443844
-7.0522557,1,0.76632449,1,1,0,7.3732262,0.35478147
-6.9104486,0.89948498,0.76632449,1,3,0,7.8092525,0.18363697
-6.8670327,0.95447972,0.76632449,1,3,0,7.3946152,0.31401317
-6.8415584,1,0.76632449,1,1,0,6.8740687,0.30647162
-6.9373305,0.98001737,0.76632449,1,1,0,6.9402289,0.33160828
-6.9421179,0.85770446,0.76632449,3,7,0,7.9007741,0.33268559
-6.7482855,0.99523266,0.76632449,1,3,0,6.9857134,0.25287856
-6.9627081,0.94478428,0.76632449,2,3,0,7.1693415,0.17460785
-6.7968922,0.96783943,0.76632449,1,3,0,7.3161312,0.2903658
-6.8905745,0.94515219,0.76632449,2,7,0,7.2030992,0.18752216
-8.2314444,0.92907347,0.76632449,2,3,0,8.2314746,0.49270046
-7.0903628,0.99942127,0.76632449,3,7,0,8.1069087,0.15714966
-7.2244448,0.88719312,0.76632449,1,3,0,8.5927776,0.38289745
-7.2196015,1,0.76632449,1,1,0,7.3242484,0.38217816
-6.7870892,1,0.76632449,2,7,0,7.139974,0.21619058
-6.8221802,0.9981023,0.76632449,2,3,0,6.8225938,0.20403841
-6.7722187,0.98573877,0.76632449,1,3,0,6.9635497,0.27814594
-6.7524006,0.99590328,0.76632449,1,3,0,6.8050946,0.23842553
-6.7677055,0.99301697,0.76632449,3,7,0,6.8086662,0.27533045
-6.7681552,0.6944138,0.76632449,3,7,0,9.2954562,0.27562403
-6.9534428,0.97313387,0.76632449,2,3,0,7.0221369,0.33518642
-7.0521692,0.95119838,0.76632449,2,3,0,7.4431833,0.35476573
-6.8981771,1,0.76632449,1,1,0,7.0241175,0.32227597
-7.0333687,0.99037307,0.76632449,2,3,0,7.0403928,0.35129255
-7.2213304,0.77421175,0.76632449,1,3,0,8.6604107,0.14321585
-6.9996089,1,0.76632449,2,3,0,7.1925304,0.16901302
-9.0328117,0.88004493,0.76632449,2,7,0,9.0330014,0.55360096
-9.0328117,0.37336669,0.76632449,1,1,0,12.432217,0.55360096
-8.8583332,1,0.76632449,3,7,0,8.9135992,0.063560214
-6.7716042,0.98479818,0.76632449,2,7,0,8.5642636,0.22353009
-7.5277726,0.86369346,0.76632449,1,3,0,7.9155061,0.11889349
-7.9481417,0.96069755,0.76632449,1,1,0,7.953052,0.095551371
-6.7577413,0.88710877,0.76632449,3,7,0,10.010406,0.23284781
-6.7696021,0.99931796,0.76632449,2,3,0,6.7696157,0.22464968
-6.7928656,0.98576254,0.76632449,1,3,0,6.8979394,0.28861813
-7.1680767,0.85671528,0.76632449,1,3,0,7.8104564,0.14852453
-6.7730678,0.98753259,0.76632449,1,3,0,7.2377658,0.22274308
-6.7496499,0.99254444,0.76632449,2,3,0,6.8416771,0.24291252
-7.0328479,0.94148458,0.76632449,1,3,0,7.1959633,0.35119487
-6.982439,1,0.76632449,1,1,0,7.0580691,0.34131539
-7.6261481,0.92458641,0.76632449,3,7,0,7.6671964,0.43395161
-8.0304466,0.90700716,0.76632449,1,1,0,8.145543,0.47480707
-7.2056269,0.77986691,0.76632449,2,3,0,10.531276,0.14473703
-6.9993901,0.91064393,0.76632449,1,3,0,8.3861678,0.34473746
-7.4004445,0.91325685,0.76632449,1,1,0,7.4029246,0.40707304
-7.8000966,0.90913204,0.76632449,1,1,0,7.8676053,0.4524652
-8.2016291,0.72649397,0.76632449,2,3,0,10.448622,0.49012826
-7.9074062,1,0.76632449,1,1,0,8.3295777,0.46314653
-8.3640503,0.89484062,0.76632449,1,1,0,8.533635,0.50382763
-6.7531007,1,0.76632449,2,3,0,8.3418576,0.26273712
-6.7722225,0.93467184,0.76632449,2,3,0,7.307186,0.27814824
-6.7683481,1,0.76632449,2,7,0,6.7715209,0.22537903
-6.7484751,1,0.76632449,2,3,0,6.7647569,0.25377668
-8.23909,0.84910985,0.76632449,2,3,0,8.4547875,0.49335574
-6.995315,0.99010486,0.76632449,3,7,0,8.2868108,0.16963689
-6.8004875,0.96261582,0.76632449,2,3,0,7.4333768,0.21103721
-6.7482297,1,0.76632449,2,3,0,6.7914783,0.25255518
-6.7844425,0.95655488,0.76632449,2,3,0,7.1203135,0.28470266
-6.7877469,0.99934296,0.76632449,1,1,0,6.7938536,0.28628526
-6.8568166,0.95809109,0.76632449,2,7,0,7.0997956,0.19492101
-6.8864552,0.99552701,0.76632449,1,1,0,6.8957866,0.18836643
-6.8172595,0.96998422,0.76632449,1,3,0,7.2191073,0.29831767
-6.9323144,0.97632784,0.76632449,1,1,0,6.9324052,0.33046598
-6.7524226,0.98686491,0.76632449,1,3,0,7.0405435,0.23839686
-6.7792745,0.99665355,0.76632449,2,3,0,6.7864527,0.21964993
-6.8233317,0.98084152,0.76632449,1,3,0,6.9850236,0.30046662
-6.7488781,0.90729786,0.76632449,2,3,0,7.5810673,0.24485075
-6.7618461,0.99846188,0.76632449,2,3,0,6.7638577,0.22960907
-6.7482886,0.99962651,0.76632449,1,3,0,6.7643253,0.24711949
-7.641391,0.79829319,0.76632449,1,3,0,8.3727711,0.11172611
-8.1409511,0.95620025,0.76632449,1,1,0,8.1436537,0.087153085
-6.7749801,0.98871082,0.76632449,2,7,0,7.9446313,0.27974503
-7.3606269,0.92168691,0.76632449,2,3,0,7.5364578,0.40189936
-7.60101,0.94469429,0.76632449,1,1,0,7.6844637,0.43113486
-7.0303812,1,0.76632449,1,1,0,7.4707639,0.35073111
-7.0942324,0.8229116,0.76632449,1,3,0,8.2997505,0.15669134
-7.092527,0.92198316,0.76632449,1,3,0,8.3321972,0.36190388
-6.9329644,1,0.76632449,2,3,0,7.067299,0.3306148
-6.9329644,0.40655383,0.76632449,1,3,0,11.302359,0.3306148
-7.0981242,0.83844398,0.76632449,1,3,0,8.0783273,0.15623373
-7.7677253,0.83352486,0.76632449,2,3,0,10.713229,0.44913919
-7.622373,0.99892652,0.76632449,3,7,0,7.7550801,0.11287343
-7.1595932,0.92686596,0.76632449,3,7,0,8.7155089,0.14941163
-6.9798382,0.91613664,0.76632449,1,3,0,8.2323996,0.34078043
-7.3459406,0.92095268,0.76632449,1,1,0,7.3481956,0.3999517
-7.1666464,1,0.76632449,1,1,0,7.3562425,0.37407925
-6.7497873,1,0.76632449,2,3,0,7.1400697,0.25747651
-6.7497873,0.63485488,0.76632449,1,3,0,9.3986581,0.25747651
-6.7871835,0.91515328,0.76632449,2,3,0,7.4937676,0.28601994
-7.2366959,0.94370019,0.76632449,2,7,0,7.253466,0.14176065
-7.2776112,0.99672677,0.76632449,2,7,0,7.2968291,0.39058218
-7.1907238,0.92110467,0.76632449,2,3,0,8.1236249,0.37781679
-7.3269185,0.99441649,0.76632449,2,7,0,7.3282255,0.13380531
-6.826273,0.96152998,0.76632449,2,3,0,7.8956224,0.2028512
-7.3248829,0.96018465,0.76632449,2,7,0,7.3293896,0.39711981
-6.9401568,1,0.77685716,2,3,0,8.5135347,0.1783214
-6.7604115,0.98441541,0.77685716,1,3,0,7.0931505,0.27001217
-7.3891409,0.83472376,0.77685716,2,7,0,7.9832881,0.12882283
-6.8496698,0.94083181,0.77685716,1,3,0,8.1780783,0.30896644
-7.4473592,0.74954718,0.77685716,1,3,0,8.5067901,0.12447327
-7.6114454,0.98149159,0.77685716,1,1,0,7.6619951,0.11354174
-7.3579652,0.90669352,0.77685716,2,3,0,9.1766224,0.13127304
-7.6344823,0.96818379,0.77685716,1,1,0,7.6541144,0.11214061
-6.7635605,0.97618504,0.77685716,1,3,0,7.8827102,0.2284074
-6.7848012,0.99600811,0.77685716,1,1,0,6.7848528,0.2171617
-7.5460398,0.88575881,0.77685716,2,3,0,8.0468285,0.42483402
-6.7681157,0.96338679,0.77685716,1,3,0,7.8365481,0.22551677
-6.7621553,0.97749223,0.77685716,2,3,0,6.9520779,0.22938683
-8.3862157,0.7149363,0.77685716,2,7,0,9.4764408,0.07792389
-8.9022729,0.96368097,0.77685716,1,1,0,8.9410069,0.062404777
-8.3785739,1,0.77685716,1,1,0,8.9016825,0.078190419
-7.7101174,1,0.77685716,1,1,0,8.3158137,0.10773804
-7.5801314,1,0.77685716,2,3,0,7.769218,0.11549479
-8.1636435,0.94259945,0.77685716,1,1,0,8.164865,0.086236226
-8.1241232,1,0.77685716,1,1,0,8.3150488,0.08784208
-6.7893841,0.96150917,0.77685716,1,3,0,8.5343756,0.21524679
-6.98215,0.97490431,0.77685716,2,3,0,7.0442663,0.17159238
-7.0280461,0.99306565,0.77685716,1,1,0,7.0540784,0.1650399
-6.931599,0.9468899,0.77685716,1,3,0,7.6920627,0.3303019
-6.7531901,0.99864096,0.77685716,1,3,0,6.9251617,0.26284987
-6.9767379,0.97107244,0.77685716,2,3,0,6.9772253,0.17241591
-6.7784278,0.97707155,0.77685716,1,3,0,7.2191003,0.28163517
-6.7534146,0.9638276,0.77685716,2,3,0,7.0508852,0.23717051
-6.7491821,0.99915865,0.77685716,2,7,0,6.7600591,0.25605375
-6.7491821,0.72967162,0.77685716,1,3,0,8.4186988,0.25605375
-6.7491821,0.80774736,0.77685716,1,3,0,7.9425797,0.25605375
-7.0834295,0.91313653,0.77685716,1,3,0,7.3138102,0.15797935
-7.0128164,1,0.77685716,1,1,0,7.0971103,0.16713462
-8.5523628,0.82422408,0.77685716,1,3,0,8.9867548,0.072421314
-6.9380466,0.94695015,0.77685716,1,3,0,8.8655356,0.17868207
-7.1106766,0.99134327,0.77685716,2,3,0,7.112256,0.15478
-6.7561916,0.99050056,0.77685716,1,3,0,7.1713481,0.23425309
-6.9396772,0.95437181,0.77685716,1,3,0,7.0713551,0.33213791
-6.8654734,0.93511638,0.77685716,1,3,0,7.3799111,0.19291045
-6.8630374,0.99983733,0.77685716,2,7,0,6.868039,0.31288392
-7.4858723,0.84679954,0.77685716,2,3,0,8.0803762,0.41769655
-6.9854273,1,0.77685716,1,1,0,7.3623344,0.34192671
-7.0540448,0.87117248,0.77685716,1,3,0,7.9418856,0.16162405
-7.0659631,0.9986082,0.77685716,2,7,0,7.0730823,0.35725175
-6.7546752,0.99679163,0.77685716,2,3,0,7.0953225,0.26460085
-7.1650419,0.92270215,0.77685716,1,3,0,7.243847,0.37382671
-6.7679461,0.98830594,0.77685716,2,3,0,7.2556205,0.27548794
-6.7679461,0.56835026,0.77685716,1,3,0,9.7254103,0.27548794
-6.7679461,0.80354957,0.77685716,1,3,0,7.9301021,0.27548794
-6.7722511,0.99968939,0.77685716,2,3,0,6.7753886,0.27816519
-7.1516541,0.87696669,0.77685716,1,3,0,7.5914157,0.15025297
-6.949018,1,0.77685716,1,1,0,7.1217628,0.17683236
-6.8753003,0.96175915,0.77685716,1,3,0,7.4145402,0.31629547
-7.4775031,0.73061015,0.77685716,1,3,0,8.6598117,0.12232701
-6.7501283,1,0.77685716,2,3,0,7.3581444,0.24194549
-7.0901418,0.9255612,0.77685716,1,3,0,7.2471212,0.15717594
-6.9016803,1,0.77685716,1,1,0,7.0606469,0.18531461
-6.8132307,1,0.77685716,1,1,0,6.8864286,0.20676763
-6.8807661,0.96579624,0.77685716,2,3,0,7.2124414,0.31776677
-7.1281638,0.98070395,0.77685716,2,3,0,7.1296115,0.36789382
-6.9084409,1,0.77685716,1,1,0,7.080557,0.32482122
-6.8347732,0.96390441,0.77685716,1,3,0,7.2456569,0.20049154
-6.9126895,0.98462218,0.77685716,2,3,0,7.0162402,0.18321683
-6.7851211,0.97913184,0.77685716,1,3,0,7.1307078,0.28503307
-6.8246779,0.98648413,0.77685716,2,3,0,6.9078812,0.30093191
-6.7905004,0.83996558,0.77685716,2,3,0,8.0135286,0.21479788
-7.0089183,0.93702747,0.77685716,1,3,0,7.2937122,0.34661456
-7.0914293,0.9112395,0.77685716,2,3,0,7.7310398,0.36171497
-6.9777733,0.86894595,0.77685716,2,3,0,8.1627782,0.17225745
-7.0913539,0.98314578,0.77685716,1,1,0,7.1026843,0.15703195
-6.8373826,0.93711101,0.77685716,2,3,0,7.8111225,0.19979333
-6.915147,0.98697146,0.77685716,1,1,0,6.916877,0.18275993
-6.8042562,0.99596182,0.77685716,2,3,0,6.9699395,0.2097205
-6.7653042,0.99086675,0.77685716,1,3,0,6.8895922,0.27370491
-7.8245009,0.69648484,0.77685716,1,3,0,8.9044901,0.10159453
-8.5288912,0.93889567,0.77685716,1,1,0,8.5296397,0.073166299
-9.4619334,0.94100505,0.77685716,1,1,0,9.4626338,0.049741593
-6.7966478,0.95963835,0.77685716,2,7,0,9.0572632,0.29026172
-6.77532,1,0.77685716,1,1,0,6.7937966,0.27993629
-6.7946242,0.98225853,0.77685716,1,3,0,6.9043809,0.21319253
-7.3490922,0.95747767,0.77685716,2,3,0,7.3563211,0.40037151
-8.0892086,0.82189606,0.77685716,1,1,0,8.1309355,0.48017744
-6.7581898,1,0.77685716,2,3,0,8.0052395,0.23246316
-7.5292955,0.84097819,0.77685716,1,3,0,7.9122254,0.11879216
-7.1522111,1,0.77685716,1,1,0,7.4807572,0.15019358
-11.151219,0.78700736,0.77685716,2,7,0,11.151255,0.026330627
-10.792256,1,0.77685716,1,1,0,11.30956,0.030017098
-10.769421,0.97659129,0.77685716,3,7,0,10.903332,0.030270137
-10.928188,0.99510374,0.77685716,1,1,0,11.17181,0.028558309
-9.6379179,0.9941614,0.77685716,2,3,0,11.583864,0.046418992
-10.167525,0.97687734,0.77685716,1,1,0,10.251973,0.037880227
-7.0684781,1,0.77685716,2,3,0,9.8162057,0.15980701
-7.0848022,0.99764316,0.77685716,1,1,0,7.1320263,0.15781421
-6.9977859,0.9216481,0.77685716,1,3,0,7.9450981,0.34441823
-6.7619308,1,0.77685716,2,3,0,6.9532657,0.22954789
-7.1950772,0.94687585,0.77685716,2,3,0,7.2271627,0.14577913
-6.7661002,0.999877,0.77685716,2,7,0,7.1115225,0.27425515
-6.7724795,0.99027363,0.77685716,1,3,0,6.8374648,0.22305641
-6.7548248,0.99524888,0.77685716,2,7,0,6.8073539,0.26476609
-7.0436113,0.91588457,0.77685716,1,3,0,7.2959475,0.16297188
-6.942821,1,0.77685716,1,1,0,7.0376348,0.17786945
-6.8539435,0.99305819,0.77685716,2,3,0,7.0484104,0.19560835
-6.9085105,0.95502659,0.77685716,2,7,0,7.2839854,0.32483822
-6.9697187,0.89389105,0.77685716,2,7,0,7.5807129,0.17350197
-6.7480627,0.99209016,0.77685716,1,3,0,7.0491023,0.25113284
-6.7480218,0.75592504,0.77685716,2,3,0,8.9759125,0.25004938
-6.7530457,0.9993767,0.77685716,2,3,0,6.753374,0.23761189
-6.9993503,0.95014285,0.77685716,1,3,0,7.0869688,0.16905041
-6.9219579,1,0.77685716,1,1,0,6.99816,0.18151408
-6.7622992,0.98465435,0.77685716,1,3,0,7.0719547,0.27150839
-7.2428865,0.86875761,0.77685716,2,7,0,7.7141944,0.14118331
-6.7806734,0.98728849,0.77685716,1,3,0,7.2815642,0.21899926
-6.8357465,0.97507951,0.77685716,1,3,0,6.9848375,0.30462147
-7.1782744,0.95110147,0.77685716,2,7,0,7.2010982,0.14747399
-6.8069153,0.95842916,0.77685716,1,3,0,7.6601226,0.29444156
-6.7686198,0.97666533,0.77685716,2,3,0,7.0004951,0.22521902
-7.1136809,0.93914547,0.77685716,1,3,0,7.2059128,0.15443695
-6.9705705,1,0.77685716,1,1,0,7.0987811,0.17336907
-6.9238356,0.98970521,0.77685716,2,3,0,7.1439625,0.18117572
-6.7875846,0.97779527,0.77685716,1,3,0,7.1569884,0.28620903
-6.853881,0.95982005,0.77685716,1,3,0,7.0565583,0.19562341
-8.6078604,0.81034583,0.77685716,2,3,0,8.6428958,0.070699441
-8.1188952,1,0.77685716,1,1,0,8.599594,0.088057736
-7.7581794,1,0.77685716,1,1,0,8.1176659,0.1050859
-7.7218346,1,0.77685716,2,3,0,7.8730893,0.10708152
-6.7985829,0.97245932,0.77685716,1,3,0,7.8946837,0.21172229
-6.8138641,0.97594644,0.77685716,2,7,0,6.9851124,0.2970774
-6.8138641,0.73090282,0.77685716,1,3,0,8.3974361,0.2970774
-7.1904291,0.94710754,0.77685716,2,7,0,7.2045469,0.14624359
-6.911011,0.93935261,0.77685716,1,3,0,7.9658588,0.32544669
-6.9385291,0.90697814,0.77685716,1,3,0,7.5108734,0.17859939
-6.9157914,1,0.77685716,2,3,0,6.957316,0.18264078
-6.952079,0.99422907,0.77685716,1,1,0,6.9709096,0.17632719
-8.5860416,0.91031312,0.77685716,2,3,0,8.600098,0.52142431
-9.5306178,0.77682,0.77685716,1,1,0,9.8323242,0.58541619
-10.089875,0.97699381,0.77685716,2,7,0,10.159057,0.039010855
-9.365281,1,0.77685716,1,1,0,10.091537,0.051687039
-9.365281,0.95375714,0.77685716,1,1,0,10.336244,0.051687039
-10.235642,0.95972884,0.77685716,1,1,0,10.252157,0.036919071
-10.744166,0.98205991,0.77685716,1,1,0,10.852078,0.030552731
-9.7425328,1,0.77685716,1,1,0,10.713007,0.044568171
-9.617556,1,0.77685716,2,3,0,9.9513694,0.046789665
-8.8776672,1,0.77685716,1,1,0,9.5963481,0.063048491
-7.1532423,0.97385866,0.77685716,2,7,0,8.7503428,0.37195563
-7.2632385,0.74340973,0.77685716,1,3,0,8.8140214,0.13931995
-7.4834863,0.97307891,0.77685716,1,1,0,7.5046818,0.12190903
-7.0144034,0.99287704,0.77685716,2,3,0,7.6312214,0.16691288
-7.1270944,0.92412201,0.77685716,1,3,0,8.0387943,0.36771793
-7.0210538,0.84761602,0.77685716,1,3,0,8.1204682,0.16599252
-6.7676024,0.9813293,0.77685716,1,3,0,7.2527551,0.27526269
-6.7850609,0.99620622,0.77685716,1,1,0,6.7861044,0.28500388
-7.0107939,0.95423487,0.77685716,2,3,0,7.172986,0.34698036
-6.7838512,1,0.77685716,2,7,0,6.9648124,0.21757441
-6.8275539,0.99212932,0.77685716,1,1,0,6.8277485,0.20248676
-8.8433538,0.65751878,0.77685716,1,3,0,9.9914653,0.063960321
-9.0821183,0.97742475,0.77685716,2,7,0,9.151414,0.55692488
-8.3084086,1,0.77685716,3,7,0,9.4802153,0.080697312
-8.1214472,1,0.77685716,2,3,0,8.3955736,0.087952367
-6.7480834,1,0.77685716,2,3,0,7.8793179,0.25138997
-7.4964083,0.85772718,0.77685716,1,3,0,7.7166571,0.41896573
-6.7854696,0.94968723,0.77685716,1,3,0,7.8720171,0.21687472
-6.7910203,0.99589012,0.77685716,2,3,0,6.8383104,0.21459099
-6.8158435,0.85212504,0.77685716,2,3,0,8.2600644,0.29780397
-6.7481023,1,0.77685716,2,3,0,6.8077287,0.24841518
-6.805648,0.98683264,0.77685716,1,3,0,6.8311753,0.29394537
-6.9261752,0.96685412,0.77685716,2,3,0,7.092392,0.32904828
-6.7696945,0.99228124,0.77685716,2,3,0,6.9881348,0.27660579
-6.8324994,0.97104623,0.77685716,1,3,0,6.9676499,0.2011096
-6.8681962,0.9979677,0.77685716,2,3,0,6.8748115,0.1922957
-6.8476163,1,0.77685716,1,1,0,6.8769111,0.19716033
-6.9569176,0.98830303,0.77685716,2,7,0,6.9824598,0.33594097
-6.8342516,1,0.77685716,1,1,0,6.9304295,0.30413643
-8.0577031,0.75679878,0.77685716,2,3,0,8.8588341,0.47731323
-7.9314593,1,0.77685716,2,3,0,8.2974185,0.46547285
-7.9314593,0.73044379,0.77685716,1,1,0,8.9027498,0.46547285
-7.8585623,1,0.77685716,2,7,0,7.9085619,0.099872011
-7.4325569,1,0.77685716,1,1,0,7.8177033,0.12555281
-6.7504854,0.98178963,0.77685716,1,3,0,7.6693633,0.24129481
-6.7701281,0.93838497,0.77685716,2,3,0,7.2584644,0.27687628
-6.751095,0.97907227,0.77685716,2,3,0,6.9286925,0.24028646
-7.0138066,0.94103571,0.77685716,1,3,0,7.1472426,0.3475654
-7.1269035,0.97231869,0.77685716,1,1,0,7.1655938,0.3676865
-6.8815965,0.95564553,0.77685716,2,3,0,7.5008874,0.31798783
-6.90344,0.92523813,0.77685716,1,3,0,7.3686501,0.1849735
-6.7519764,0.99011782,0.77685716,1,3,0,6.9955021,0.26122511
-6.8520092,0.9699921,0.77685716,1,3,0,6.9419513,0.19607709
-6.8496228,0.99987486,0.77685716,2,7,0,6.8540954,0.30895225
-6.8084977,0.98679379,0.77685716,2,3,0,6.9729042,0.29505412
-7.3073858,0.93029656,0.77685716,2,7,0,7.3194291,0.13544894
-7.0716581,0.98822629,0.77685716,2,3,0,7.5482871,0.15941376
-6.7691771,0.95502295,0.77685716,2,3,0,7.571492,0.22489432
-6.8938518,0.98326282,0.77685716,2,3,0,6.9322144,0.18686056
-6.8151304,1,0.77685716,1,1,0,6.880548,0.20617177
-6.8404241,0.99151826,0.77685716,2,3,0,6.9217466,0.19899382
-6.8761679,0.95696145,0.77685716,2,7,0,7.1940974,0.31653094
-6.9343558,0.91719113,0.77685716,2,7,0,7.4305843,0.17931869
-6.8456825,1,0.77685716,1,1,0,6.9210681,0.19764576
-6.9149829,0.92111063,0.77685716,2,3,0,7.7509289,0.32640447
-6.9598434,0.99643599,0.77685716,2,3,0,6.9875811,0.33657186
-7.0725035,0.86536616,0.77685716,1,3,0,7.9345353,0.15930964
-9.5978075,0.72494075,0.77685716,1,3,0,10.73021,0.047152517
-8.6953685,1,0.77685716,1,1,0,9.546057,0.068092255
-9.2571496,0.96522189,0.77685716,1,1,0,9.3004695,0.053973477
-9.0783783,1,0.77685716,1,1,0,9.4142201,0.058031041
-6.9431599,1,0.77685716,2,3,0,8.8319183,0.17781223
-6.7621261,0.98363287,0.77685716,1,3,0,7.1050402,0.27137528
-6.7621261,0.91377858,0.77685716,1,3,0,7.2473474,0.27137528
-7.8595768,0.69978465,0.77685716,1,3,0,8.9493569,0.099821403
-6.7492995,1,0.77685716,2,3,0,7.6690111,0.24371669
-7.1687877,0.91256729,0.77685716,1,3,0,7.3384999,0.37441558
-7.6616702,0.88002962,0.77685716,1,1,0,7.6900291,0.43786686
-7.224515,1,0.77685716,1,1,0,7.5922175,0.38290785
-7.584181,0.97023634,0.77685716,2,3,0,7.6372258,0.42922696
-8.3069605,0.82375808,0.77685716,1,1,0,8.39897,0.4990979
-7.9177109,1,0.77685716,1,1,0,8.4225511,0.46414606
-7.0592646,1,0.77685716,1,1,0,7.6972592,0.35605082
-6.9970266,1,0.77685716,1,1,0,7.0877237,0.34426682
-6.9970266,0.42389864,0.77685716,1,3,0,10.830611,0.34426682
-7.4350183,0.8956832,0.77685716,1,1,0,7.4405207,0.41144681
-6.9758251,0.9160212,0.77685716,2,3,0,8.1593617,0.33994953
-6.9825353,0.90019846,0.77685716,1,3,0,7.7447869,0.1715342
-6.7778101,0.97849698,0.77685716,1,3,0,7.2267626,0.28130436
-6.7665456,0.99669286,0.77685716,2,3,0,6.8108234,0.27455798
-6.8552767,0.96534618,0.77685716,1,3,0,7.0026204,0.1952881
-6.7628432,0.98815031,0.77685716,1,3,0,6.9669358,0.2719215
-7.0407591,0.91512175,0.77685716,1,3,0,7.3355805,0.16334559
-6.7517545,1,0.77685716,2,3,0,7.0045275,0.23930466
-7.3525613,0.92373738,0.77685716,2,3,0,7.368964,0.13170699
-7.4100029,0.99767202,0.77685716,2,3,0,7.480779,0.1272317
-7.3634396,1,0.77685716,2,3,0,7.4799796,0.13083627
-6.8369209,0.98571837,0.77685716,1,3,0,7.3615365,0.19991602
-7.1315339,0.91418098,0.77685716,1,3,0,7.616818,0.36844667
-6.8666029,1,0.77685716,2,7,0,7.0954713,0.19265447
-6.8746323,0.99865435,0.77685716,1,1,0,6.8934333,0.1908737
-7.0232358,0.93286034,0.77685716,1,3,0,7.5349468,0.34937709
-6.9273745,0.86978776,0.77685716,2,3,0,8.0491917,0.18054381
-7.3328169,0.85007736,0.77685716,2,3,0,8.3773986,0.13331681
-7.3432662,0.99869811,0.77685716,1,1,0,7.4277842,0.13246003
-7.031345,0.99022516,0.77685716,2,3,0,7.5393951,0.16459565
-6.7486237,0.98818416,0.77685716,1,3,0,7.1521217,0.25435392
-6.7783559,0.98554515,0.77685716,2,3,0,6.8499394,0.22008569
-6.7927843,0.98598713,0.77685716,1,3,0,6.9010143,0.28858208
-6.8356153,0.96637367,0.77685716,1,3,0,7.0303091,0.20026494
-6.824708,0.97797936,0.77685716,1,3,0,7.0829587,0.30094225
-7.0142927,0.90074883,0.77685716,1,3,0,7.4887348,0.16692831
-7.5207933,0.95998923,0.77685716,2,7,0,7.5613209,0.42187123
-7.3526027,0.67136196,0.77685716,1,3,0,9.7496847,0.13170365
-6.7966634,0.95419766,0.77685716,1,3,0,7.931577,0.29026835
-6.9043868,0.94101019,0.77685716,1,3,0,7.183934,0.18479089
-8.0818256,0.88058535,0.77685716,2,3,0,8.1765268,0.089609123
-7.8451684,1,0.77685716,1,1,0,8.1266942,0.10054387
-7.6925373,1,0.77685716,1,1,0,7.9068301,0.1087355
-7.4982208,1,0.77685716,2,3,0,7.719021,0.12089062
-6.7647482,0.95640339,0.77685716,1,3,0,8.0310474,0.27331329
-6.9226953,0.9441431,0.77685716,1,3,0,7.1235908,0.18138094
-6.7509808,0.9688575,0.77685716,2,3,0,7.2318821,0.24046704
-7.2046552,0.90488502,0.77685716,1,3,0,7.4039481,0.37993669
-6.8977534,1,0.77685716,2,3,0,7.1310003,0.3221692
-6.8386558,0.96204552,0.77685716,1,3,0,7.2377166,0.19945681
-6.778538,0.95809989,0.77685716,2,3,0,7.2208101,0.21999875
-6.7936456,0.99517109,0.77685716,2,3,0,6.8344332,0.21356628
-6.9262525,0.95405291,0.77685716,1,3,0,7.1708884,0.32906625
-6.7547573,0.99900977,0.77685716,1,3,0,6.9160689,0.26469169
-6.7485431,0.99544881,0.77685716,2,3,0,6.789537,0.24597823
-7.0891794,0.9609932,0.77685716,2,3,0,7.130609,0.3613269
-7.1422351,0.89146747,0.77685716,2,3,0,7.9656982,0.3701875
-7.1419634,1,0.77685716,2,7,0,7.1491038,0.15129504
-6.9620607,0.92463163,0.77685716,1,3,0,7.9865994,0.3370473
-6.7636215,0.99360478,0.77685716,2,3,0,7.0126886,0.27249996
-9.372582,0.69210558,0.77685716,3,7,0,9.3773563,0.051536925
-8.6809476,1,0.77685716,1,1,0,9.3515827,0.06851315
-7.899836,1,0.77685716,1,1,0,8.6137587,0.097844828
-7.4691701,1,0.77685716,2,3,0,7.860491,0.12291351
-6.7716156,0.95940382,0.77685716,1,3,0,8.0216108,0.2777853
-6.7716156,0.84763964,0.77685716,1,3,0,7.6413638,0.2777853
-6.7716156,0.52852354,0.77685716,1,3,0,9.8638962,0.2777853
-6.7722729,0.99619196,0.77685716,2,3,0,6.8118783,0.27817817
-7.6377068,0.86011251,0.77685716,2,3,0,8.0093271,0.43523381
-7.2910967,1,0.77685716,1,1,0,7.6167987,0.39247386
-7.1887019,1,0.77685716,1,1,0,7.348148,0.37750659
-6.9980484,1,0.77685716,1,1,0,7.1656693,0.34447054
-7.00013,0.99983048,0.77685716,2,3,0,7.0575354,0.34488438
-6.9377502,0.91875847,0.77685716,1,3,0,7.6748346,0.17873291
-6.7545279,1,0.77685716,2,3,0,6.9016301,0.26443638
-6.7889006,0.98788122,0.77685716,1,3,0,6.841408,0.21544323
-6.9175094,0.91978424,0.77685716,2,3,0,7.4442166,0.18232444
-6.8232569,0.99467979,0.77685716,2,3,0,6.9934921,0.20372263
-6.751166,0.98986808,0.77685716,2,3,0,6.9247026,0.25999871
-6.8513962,0.96278949,0.77685716,2,3,0,7.0075958,0.19622669
-6.8282015,0.97121394,0.77685716,1,3,0,7.1216622,0.30213198
-6.7494896,0.99893609,0.77685716,1,3,0,6.8294635,0.25681332
-6.839067,0.98777192,0.77685716,2,3,0,6.8588155,0.30568529
-7.1105648,0.8666754,0.77685716,2,7,0,7.7349917,0.15479279
-6.8270404,0.95575072,0.77685716,1,3,0,7.599656,0.30173932
-6.9285163,0.92755908,0.77685716,2,7,0,7.3095931,0.18034152
-6.8449378,1,0.77685716,1,1,0,6.9163962,0.19783413
-7.0304317,0.93319563,0.77685716,1,3,0,7.4747557,0.35074061
-6.7555747,0.99647315,0.77685716,2,3,0,7.0609728,0.26556889
-6.7481825,0.99072247,0.77685716,2,3,0,6.8245811,0.24776314
-6.7597215,0.97403385,0.77685716,2,3,0,6.9507391,0.269438
-6.9548925,0.97171067,0.77685716,2,7,0,6.9779845,0.33550193
-7.0612915,0.97433519,0.77685716,1,1,0,7.0876254,0.35641545
-6.9659578,0.90668373,0.77685716,1,3,0,7.8570091,0.17409254
-6.7601263,0.98746431,0.77685716,1,3,0,7.1326325,0.26977681
-7.2298191,0.9372296,0.77685716,2,7,0,7.229822,0.14240796
-6.7901319,0.96193089,0.77685716,1,3,0,7.6917563,0.28738892
-6.7885245,1,0.77685716,1,1,0,6.7980572,0.28664845
-6.7696831,0.98878351,0.77685716,1,3,0,6.872532,0.22460339
-6.9499354,0.9502601,0.77685716,1,3,0,7.1377935,0.33441883
-6.9298816,1,0.77685716,1,1,0,6.9816563,0.32990681
-6.8115135,1,0.77685716,1,1,0,6.9029566,0.29620107
-6.8221925,0.96659561,0.77685716,1,3,0,7.0399877,0.20403479
-7.2208256,0.94740882,0.77685716,1,3,0,7.2742022,0.1432642
-6.7629799,1,0.77685716,2,7,0,7.1318331,0.27202413
-7.0030268,0.96797776,0.77685716,2,7,0,7.0033386,0.16852116
-7.4523614,0.86883397,0.77685716,1,3,0,8.5580532,0.41360189
-6.9588082,1,0.77685716,1,1,0,7.3298958,0.33634909
-6.7546492,1,0.77685716,2,3,0,6.9236482,0.23579616
-6.7610666,0.99875765,0.77685716,1,1,0,6.7612488,0.23018105
-6.7875598,0.90331518,0.77685716,2,3,0,7.6197357,0.28619736
-6.7630335,0.86617508,0.77685716,2,3,0,7.7936379,0.22876908
-6.8193607,0.98002308,0.77685716,1,3,0,6.9111933,0.2990709
-6.8015316,1,0.77685716,1,1,0,6.8228672,0.29229706
-6.8015316,0.71460346,0.77685716,1,3,0,8.5022946,0.29229706
-6.748554,0.99740481,0.77685716,1,3,0,6.8202192,0.24593651
-7.0358814,0.96725196,0.77685716,2,3,0,7.0683603,0.35176268
-6.844446,0.96937628,0.77685716,2,3,0,7.293433,0.30737087
-8.4718276,0.77543495,0.77685716,2,7,0,8.5299789,0.075020744
-6.7624296,0.94319494,0.77685716,1,3,0,9.2673278,0.22919175
-6.8850009,0.96498593,0.77685716,1,3,0,7.0139123,0.31888753
-7.2277044,0.92023017,0.77685716,1,1,0,7.2277384,0.38337964
-7.2277044,0.77568429,0.77685716,1,3,0,8.8139527,0.38337964
-6.8936763,1,0.77685716,1,1,0,7.1467676,0.32113458
-7.2227865,0.80623734,0.77685716,1,3,0,8.1325019,0.14307656
-7.1953309,0.99909141,0.77685716,2,7,0,7.2319399,0.3785212
-7.2454338,0.74517618,0.77685716,1,3,0,8.849521,0.1409472
-7.1554816,1,0.77685716,1,1,0,7.2707594,0.14984599
-7.2935301,0.87538494,0.77685716,2,3,0,9.1400928,0.39281288
-7.9240428,0.84695413,0.77685716,1,1,0,7.9643005,0.46475808
-7.4920947,1,0.77685716,2,3,0,7.9152216,0.41844713
-7.4038746,1,0.77685716,2,7,0,7.4557299,0.12769521
-7.5631895,0.96884212,0.77685716,2,3,0,8.036554,0.11657575
-7.157696,1,0.77685716,1,1,0,7.5110426,0.14961169
-7.3617144,0.97348962,0.77685716,1,1,0,7.3763738,0.13097361
-7.4789484,0.98604236,0.77685716,1,1,0,7.5329414,0.1222258
-6.8265147,0.98090559,0.77685716,1,3,0,7.5150037,0.20278216
-6.7720152,0.99776744,0.77685716,2,3,0,6.8535981,0.22330656
-6.8442345,0.98883184,0.77685716,2,3,0,6.8830929,0.19801279
-7.7208276,0.94227766,0.77685716,2,3,0,7.7282002,0.44422814
-6.7589778,1,0.77685716,2,3,0,7.6306621,0.23180793
-7.2867473,0.9483085,0.77685716,2,3,0,7.3223756,0.39186615
-6.7515446,0.99588802,0.77685716,1,3,0,7.2954521,0.26058886
-6.7550523,0.9992659,0.77685716,1,1,0,6.7551813,0.26501396
-7.1377859,0.9279944,0.77685716,1,3,0,7.2092607,0.36946639
-7.065498,1,0.77685716,1,1,0,7.1781607,0.35716874
-6.8758265,1,0.77685716,1,1,0,7.0234199,0.31643837
-6.9685975,0.97820107,0.77685716,1,1,0,6.9801913,0.33843595
-6.9383385,1,0.77685716,1,1,0,6.9975739,0.33183615
-6.7658187,0.97930896,0.77685716,1,3,0,7.0798553,0.22692585
-6.7609319,0.69299478,0.77685716,2,3,0,9.9112034,0.27043506
-7.4440908,0.80705028,0.77685716,1,3,0,8.0947028,0.12471015
-6.7832814,0.95497649,0.77685716,1,3,0,8.0362209,0.28413046
-7.5865408,0.86073036,0.77685716,2,3,0,7.9837664,0.42949558
-7.2113984,1,0.77685716,2,7,0,7.6569594,0.14417385
-6.7671115,0.96912358,0.77685716,1,3,0,7.5623778,0.27493767
-7.4319738,0.79921221,0.77685716,1,3,0,8.114366,0.12559569
-7.3812476,0.89708178,0.77685716,2,3,0,9.0350167,0.1294348
-7.110141,0.91326701,0.77685716,2,3,0,8.6334073,0.15484134
-6.8183658,0.96214185,0.77685716,1,3,0,7.5740586,0.29871557
-6.8937501,0.98278417,0.77685716,1,1,0,6.8970816,0.32115341
-6.8686217,0.70524131,0.77685716,2,3,0,9.1215759,0.19220037
-7.5040852,0.85624647,0.77685716,1,3,0,8.2734238,0.4198852
-6.927732,1,0.77685716,2,7,0,7.4014783,0.1804804
-6.7502409,1,0.77685716,2,3,0,6.9073425,0.24173476
-7.1890104,0.90311507,0.77685716,1,3,0,7.4062406,0.14638602
-7.0132022,1,0.77685716,1,1,0,7.1699066,0.16708064
-7.7267083,0.93024509,0.77685716,2,3,0,7.9205771,0.10681036
-7.4944704,1,0.77685716,1,1,0,7.7401535,0.12114838
-6.9718011,0.90037899,0.77685716,2,7,0,8.7156289,0.33910959
-7.0327331,0.98521943,0.77685716,1,1,0,7.0707282,0.35117334
-7.2605727,0.98146188,0.77685716,2,3,0,7.2877953,0.38815993
-6.9355432,1,0.77685716,2,3,0,7.1840911,0.33120289
-6.8719391,0.97027426,0.77685716,2,3,0,7.20844,0.31537613
-7.0694633,0.95380856,0.77685716,1,1,0,7.0720175,0.35787468
-6.9765394,0.88037525,0.77685716,2,7,0,7.8996298,0.17244635
-7.0353062,0.98164557,0.77685716,2,3,0,7.2586291,0.16406651
-8.7536793,0.80793531,0.77685716,1,3,0,9.2822463,0.066424208
-8.9436433,0.97954751,0.77685716,2,7,0,9.0213734,0.54748315
-8.1149888,1,0.77685716,2,3,0,8.9234691,0.48249588
-6.9071757,1,0.77685716,2,3,0,7.8844011,0.18425679
-6.8075853,0.97265139,0.77685716,1,3,0,7.1801464,0.29470188
-7.3290961,0.80407265,0.77685716,1,3,0,8.0981959,0.13362455
-7.0609391,0.86820957,0.77685716,3,7,0,8.7089883,0.35635213
-7.0609391,0.86904881,0.77685716,1,1,0,7.4777813,0.35635213
-7.2953737,0.98083201,0.77685716,2,3,0,7.3277339,0.39306926
-6.7934352,0.9487395,0.77685716,1,3,0,7.6586713,0.21364724
-7.2910903,0.96224486,0.77685716,2,3,0,7.295876,0.39247297
-7.1577021,1,0.77685716,1,1,0,7.3268587,0.37266574
-6.8029262,0.97501501,0.77685716,2,3,0,7.3519205,0.29286198
-7.3230284,0.81679368,0.77685716,2,7,0,8.0672811,0.13412945
-6.7726811,0.98453366,0.77685716,1,3,0,7.4041794,0.22294859
-6.7813338,0.80416216,0.77685716,2,3,0,8.6775303,0.28315017
-7.4977956,0.87579753,0.77685716,2,3,0,7.8502496,0.41913221
-8.5600865,0.75237166,0.77685716,1,1,0,8.6044663,0.5194281
-7.6363843,1,0.77685716,1,1,0,8.3943085,0.43508751
-7.516977,1,0.77685716,1,1,0,7.7694674,0.42141941
-9.7116181,0.65772405,0.77685716,2,7,0,10.299359,0.045105936
-8.8185833,1,0.77685716,1,1,0,9.6651583,0.064629032
-8.2469452,1,0.77685716,2,3,0,8.7993495,0.082985915
-8.1641171,0.99307553,0.77685716,2,7,0,8.3148564,0.48685314
-7.2099295,1,0.77685716,2,3,0,7.9221314,0.38073148
-7.3556532,0.98772805,0.77685716,2,3,0,7.4362533,0.40124221
-7.1763825,1,0.77685716,2,3,0,7.3763176,0.3756022
-6.7601626,0.9996218,0.77685716,2,7,0,7.1499077,0.26980685
-6.793631,0.99603655,0.77685716,2,7,0,6.7960277,0.21357191
-6.793631,0.855411,0.77685716,1,3,0,7.7831557,0.21357191
-7.749144,0.92122143,0.77685716,2,3,0,7.792071,0.44720678
-7.6233433,1,0.77685716,2,7,0,7.696561,0.11281441
-7.6233433,0.70297214,0.77685716,1,3,0,12.977189,0.11281441
-6.7639701,0.96645829,0.77685716,2,3,0,8.1708376,0.22813067
-6.7481463,0.9946075,0.77685716,2,3,0,6.808852,0.25197664
-6.7903399,0.99463386,0.77685716,2,3,0,6.7961564,0.28748375
-6.8426369,0.98306283,0.77685716,2,3,0,6.9424158,0.30680898
-7.1434867,0.9606621,0.77685716,2,7,0,7.1696217,0.15113011
-7.1434867,0.96231155,0.77685716,1,1,0,7.4017296,0.15113011
-6.9116447,0.99247747,0.77685716,2,3,0,7.2714605,0.18341228
-6.9970165,0.9866058,0.77685716,1,1,0,7.005422,0.16938888
-6.7608192,0.98149956,0.77685716,1,3,0,7.1848982,0.27034419
-6.9807528,0.93316414,0.77685716,1,3,0,7.2147361,0.17180386
-7.0499261,0.93537375,0.77685716,1,3,0,7.8238493,0.35435661
-7.0487786,0.84329611,0.77685716,1,3,0,8.0539944,0.16230064
-7.0487786,0.81748903,0.77685716,1,3,0,8.9147401,0.16230064
-7.2652249,0.96661464,0.77685716,2,3,0,7.5295226,0.13914086
-7.1954934,1,0.77685716,1,1,0,7.3038955,0.14573771
-7.1448115,1,0.77685716,2,7,0,7.1953162,0.37060338
-7.2939417,0.73278102,0.77685716,1,3,0,8.8776447,0.13660416
-7.6079842,0.96292644,0.77685716,1,1,0,7.6181554,0.11375482
-7.8716214,0.97302815,0.77685716,1,1,0,7.9132717,0.099223636
-7.5875439,1,0.77685716,2,3,0,7.8777985,0.11502729
-7.4641763,1,0.77685716,2,7,0,7.5859641,0.4150558
-6.7756242,0.9575699,0.77685716,1,3,0,7.7830844,0.22142471
-7.0904348,0.92184934,0.77685716,1,3,0,7.3678847,0.36154357
-6.7517543,0.98605634,0.77685716,1,3,0,7.193832,0.239305
-6.9908518,0.94530555,0.77685716,1,3,0,7.1201311,0.34302744
-6.9485197,0.8930801,0.77685716,1,3,0,7.6861524,0.17691503
-9.4956371,0.74971665,0.77685716,2,3,0,9.5154325,0.04908391
-7.459226,0.77278831,0.77685716,1,3,0,14.555814,0.41444802
-7.459226,0.60681368,0.77685716,1,3,0,10.251232,0.41444802
-7.6320836,0.95535964,0.77685716,1,1,0,7.7713384,0.43461104
-7.5779427,1,0.77685716,2,7,0,7.6134822,0.11563346
-8.1745301,0.98045045,0.77685716,2,3,0,8.1753111,0.085801272
-7.8723459,1,0.77685716,1,1,0,8.1999039,0.099187856
-7.9307223,0.99444202,0.77685716,1,1,0,8.0558981,0.096368883
-7.5170273,1,0.77685716,1,1,0,7.8981031,0.11961281
-6.9194712,0.91624506,0.77685716,1,3,0,8.6240672,0.32747418
-6.8083697,0.96164492,0.77685716,1,3,0,7.1907829,0.20833721
-6.790576,0.98557841,0.77685716,1,3,0,6.9570549,0.28759116
-6.8434489,0.96385487,0.77685716,1,3,0,7.0418895,0.19821325
-7.8108269,0.80965526,0.77685716,1,3,0,8.6343745,0.45355664
-8.8780392,0.9166226,0.77685716,2,3,0,8.9832504,0.54289089
-8.6510621,1,0.77685716,1,1,0,9.2631622,0.52635871
-8.6510621,0.62031089,0.77685716,1,1,0,10.187045,0.52635871
-8.2892022,1,0.77685716,1,1,0,8.8765639,0.49760825
-6.7537116,1,0.77685716,2,3,0,8.239576,0.2368262
-8.8977873,0.76685619,0.77685716,2,7,0,8.898528,0.062521504
-9.233955,0.98005606,0.77685716,1,1,0,9.3402223,0.054479825
-6.790874,0.87488091,0.77685716,3,7,0,11.753601,0.21464906
-6.7510482,0.99931111,0.77685716,1,3,0,6.7898433,0.24036008
-6.8451366,0.98169179,0.77685716,1,3,0,6.8709722,0.19778376
-6.8950499,0.88234602,0.77685716,2,3,0,8.1650605,0.32148462
-6.7838409,0.97343621,0.77685716,1,3,0,7.0806853,0.21757893
-6.7581279,0.99310455,0.77685716,2,7,0,6.8354908,0.26804544
-6.9011123,0.9810669,0.77685716,2,7,0,6.901231,0.1854252
-6.7965751,0.97070213,0.77685716,2,7,0,7.1413754,0.2902307
-6.7729962,0.98959278,0.77685716,1,3,0,6.8947732,0.22278098
-6.7692642,0.99283437,0.77685716,1,3,0,6.842499,0.27633485
-7.7312271,0.74424074,0.77685716,2,7,0,8.7406407,0.10655994
-7.6485463,1,0.77685716,1,1,0,7.817378,0.11129951
-6.7564958,0.97662699,0.77685716,1,3,0,7.945785,0.23396709
-6.8609514,0.97123698,0.77685716,1,3,0,6.9559869,0.31228711
-7.0919326,0.94633272,0.77685716,1,1,0,7.0924886,0.36180161
-6.7512602,0.99930272,0.77685716,2,3,0,7.1059599,0.26014868
-6.8256361,0.97163936,0.77685716,2,3,0,6.9474873,0.20303363
-9.2535124,0.57840717,0.77685716,1,3,0,10.84316,0.054052499
-9.5779782,0.99438016,0.77685716,2,3,0,9.7048054,0.047520207
-10.290437,0.96896285,0.77685716,1,1,0,10.334275,0.036165946
-10.711455,0.95613707,0.77685716,3,7,0,10.713524,0.030923128
-10.201216,1,0.77685716,1,1,0,10.799554,0.037401318
-6.9613902,0.89742973,0.77685716,1,3,0,11.751418,0.17481818
-6.8531511,1,0.77685716,1,1,0,6.9442833,0.19579978
-6.8130634,0.96998681,0.77685716,2,7,0,7.0923837,0.29678058
-6.7484557,1,0.77685716,2,3,0,6.8036863,0.24632945
-7.7307779,0.77873333,0.77685716,1,3,0,8.4052689,0.1065848
-7.9220578,0.98120729,0.77685716,1,1,0,7.9917006,0.096779481
-6.9664197,0.97857481,0.77685716,2,7,0,7.8112656,0.33797543
-6.8154404,0.95482002,0.77685716,1,3,0,7.2840369,0.20607544
-6.840755,0.99558029,0.77685716,1,1,0,6.8468249,0.19890773
-8.1594174,0.79449944,0.77685716,1,3,0,8.6773363,0.086405928
-7.6073961,1,0.77685716,1,1,0,8.1073009,0.1137911
-8.1519482,0.94683344,0.77685716,1,1,0,8.1556123,0.086707023
-7.850695,1,0.77685716,1,1,0,8.1758067,0.1002658
-6.7486704,0.97209043,0.77685716,1,3,0,8.3696942,0.2455157
-6.8010187,0.98719734,0.77685716,1,3,0,6.8307075,0.29208755
-6.7484643,0.99905473,0.77685716,1,3,0,6.8048213,0.25373133
-7.0266547,0.92954631,0.77685716,1,3,0,7.2039336,0.16522826
-6.832547,0.96434461,0.77685716,1,3,0,7.4615766,0.3035785
-6.8262739,1,0.77685716,1,1,0,6.846688,0.3014786
-8.6968256,0.43009861,0.77685716,1,3,0,11.348827,0.068049916
-8.2930762,1,0.77685716,1,1,0,8.7229259,0.081259889
-8.7627337,0.96544211,0.77685716,1,1,0,8.8057106,0.066169956
-9.1335255,0.99232176,0.77685716,2,3,0,9.2232535,0.056740507
-6.7668238,0.99034397,0.77685716,2,7,0,8.760788,0.22629822
-7.0707187,0.94652152,0.77685716,1,3,0,7.1483521,0.15952967
-8.1949406,0.91213877,0.77685716,2,7,0,8.2064031,0.4895475
-8.6201579,0.96380261,0.77685716,2,3,0,8.9071298,0.52402506
-7.3802453,1,0.77685716,1,1,0,8.306351,0.40446747
-6.8236357,1,0.77685716,2,3,0,7.268836,0.20361214
-7.1479466,0.9108057,0.77685716,1,3,0,7.6052824,0.37110776
-7.4397523,0.92777254,0.77685716,1,1,0,7.484029,0.41203757
-7.9851754,0.86499567,0.77685716,1,1,0,8.0647417,0.47058458
-8.1897974,0.94625121,0.77685716,1,1,0,8.4621094,0.48909999
-8.1277192,1,0.77685716,1,1,0,8.5133999,0.48363253
-8.1277192,0.56838306,0.77685716,1,1,0,9.7536425,0.48363253
-7.3955206,1,0.77685716,1,1,0,7.9843838,0.40644141
-6.9683963,0.85991103,0.77685716,1,3,0,8.3989324,0.17370892
-6.8888689,1,0.77685716,1,1,0,6.9622716,0.18786997
-7.1802482,0.9741201,0.77685716,2,7,0,7.2008048,0.37620245
-7.2883556,0.97272311,0.77685716,1,1,0,7.3684107,0.39209113
-7.3245761,0.99068261,0.77685716,1,1,0,7.4471829,0.39707819
-7.4909374,0.95749577,0.77685716,1,1,0,7.5967505,0.41830776
-6.8237384,1,0.77685716,2,7,0,7.3639033,0.30060759
-7.0647249,0.88252615,0.77685716,2,7,0,7.5935938,0.16027439
-7.3305516,0.98798689,0.77685716,2,3,0,7.3325475,0.133504
-7.436532,0.98714247,0.77685716,1,1,0,7.4901837,0.12526119
-7.6799782,0.9728768,0.77685716,1,1,0,7.7117335,0.10945742
-9.0777233,0.90064865,0.77685716,2,7,0,9.2699771,0.55663026
-8.1776769,1,0.77685716,2,3,0,9.0438726,0.48804212
-7.8948766,0.983387,0.77685716,2,7,0,8.6410337,0.098085043
-7.3865357,1,0.77685716,1,1,0,7.8383186,0.1290242
-7.339104,1,0.77685716,1,1,0,7.4531366,0.13279999
-7.546913,0.96570974,0.77685716,2,3,0,7.9795165,0.11763097
-8.1225992,0.95537427,0.77685716,2,7,0,8.3771305,0.48317603
-8.5776839,0.8842331,0.77685716,1,1,0,8.8405512,0.5207832
-6.8045194,1,0.77685716,2,3,0,8.3735624,0.20963036
-6.7642845,0.99109307,0.77685716,1,3,0,6.8873043,0.2729819
-6.7494145,0.99828319,0.77685716,1,3,0,6.7766525,0.24344163
-6.7480243,0.99996451,0.77685716,1,3,0,6.7496645,0.24971813
-6.7584902,0.95672394,0.77685716,2,3,0,7.0875393,0.2683709
-6.9117433,0.94991748,0.77685716,1,3,0,7.0781911,0.18339382
-6.7561752,0.96469725,0.77685716,2,3,0,7.2560078,0.23426864
-7.1221613,0.96392768,0.77685716,2,3,0,7.1427296,0.36690354
-6.9971122,0.88245124,0.77685716,2,3,0,8.1221039,0.16937495
-7.0953458,0.98554892,0.77685716,1,1,0,7.1115784,0.15656008
-6.9436679,1,0.77685716,1,1,0,7.0757112,0.17772656
-6.7482752,1,0.77685716,2,3,0,6.910015,0.25282162
-6.8374731,0.98127408,0.77685716,1,3,0,6.8652163,0.30517693
-6.7842887,1,0.77685716,2,3,0,6.8261605,0.28462738
-7.2870692,0.82979556,0.77685716,1,3,0,7.9150579,0.13720252
-7.1985385,1,0.77685716,1,1,0,7.3184761,0.1454354
-7.5632284,0.95507108,0.77685716,1,1,0,7.5648583,0.11657326
-7.3008178,1,0.77685716,1,1,0,7.5490268,0.13601082
-6.8830251,0.9323945,0.77685716,1,3,0,8.1070248,0.31836666
-7.1444319,0.83594218,0.77685716,1,3,0,7.9266045,0.15102798
-7.4109677,0.96555048,0.77685716,1,1,0,7.4170171,0.12715901
-7.7838053,0.95895108,0.77685716,1,1,0,7.7941163,0.10371457
-7.6541088,1,0.77685716,1,1,0,7.850724,0.11096977
-6.7524935,0.97559857,0.77685716,1,3,0,7.98846,0.23830477
-7.5806356,0.83985586,0.77685716,1,3,0,7.9113351,0.4288227
-7.1037012,1,0.77685716,2,3,0,7.4763915,0.36381143
-6.7480361,1,0.77685716,2,3,0,7.0827759,0.24933136
-6.7508861,0.99938314,0.77685716,1,3,0,6.7518824,0.2406194
-6.7508861,0.57523437,0.77685716,1,3,0,9.7325274,0.2406194
-6.7741547,0.9966497,0.77685716,2,3,0,6.7816431,0.22217421
-6.8165003,0.98007521,0.77685716,1,3,0,6.9350746,0.29804286
-6.9799512,0.91371614,0.77685716,1,3,0,7.3939677,0.17192555
-6.99915,0.99706595,0.77685716,1,1,0,7.0324483,0.16907938
-7.0278313,0.92210036,0.77685716,1,3,0,7.8229419,0.35024973
-7.0278313,0.89809005,0.77685716,1,1,0,7.3551467,0.35024973
-6.9234126,0.90293761,0.77685716,2,3,0,7.8328732,0.18125176
-7.0328301,0.97827548,0.77685716,2,3,0,7.2130908,0.16439673
-8.6801229,0.81490489,0.77685716,1,3,0,9.1641217,0.068537321
-8.417715,0.98582131,0.77685716,2,7,0,8.722655,0.50819404
-8.494299,1,0.77685716,2,7,0,8.5309574,0.074283027
-6.7736897,0.95213333,0.77685716,1,3,0,9.2288185,0.222416
-6.8423759,0.94305554,0.77685716,2,3,0,7.2274102,0.19848851
-6.8243662,0.97283014,0.77685716,1,3,0,7.0957325,0.3008245
-6.7487334,1,0.77685716,2,3,0,6.8129895,0.24530405
-7.1441269,0.90938969,0.77685716,1,3,0,7.3532719,0.15106091
-7.0328081,1,0.77685716,1,1,0,7.1459584,0.16439967
-8.7299252,0.8098418,0.77685716,1,3,0,9.2467122,0.06709726
-8.5981767,1,0.77685716,1,1,0,8.8764435,0.07099596
-8.0989525,1,0.77685716,1,1,0,8.5861859,0.088887453
-7.1165676,0.86508552,0.77685716,1,3,0,10.348538,0.36597413
-7.5148285,0.90281016,0.77685716,1,1,0,7.5415548,0.42116457
-6.7753382,0.9572549,0.77685716,1,3,0,7.8417473,0.22156889
-6.7604853,1,0.77685716,1,1,0,6.7726488,0.23061932
-7.2866907,0.88765105,0.77685716,1,3,0,7.5779541,0.39185822
-7.0809493,1,0.77685716,1,1,0,7.2749832,0.35989727
-8.8031265,0.74256364,0.77685716,2,7,0,9.015842,0.065050843
-9.656724,0.95110252,0.77685716,1,1,0,9.66481,0.046079712
-6.7480901,0.92852285,0.77685716,1,3,0,11.896055,0.2485402
-6.8604173,0.98574701,0.77685716,2,3,0,6.866022,0.19407402
-6.8960251,0.99407358,0.77685716,1,1,0,6.9067413,0.18642662
-9.747279,0.56093334,0.77685716,1,3,0,11.577525,0.044486277
-9.6510443,1,0.77685716,1,1,0,9.970761,0.046181871
-9.2675868,1,0.77685716,1,1,0,9.740975,0.053747501
-6.7566116,0.86605106,0.77685716,1,3,0,10.841474,0.23385957
-6.7581218,0.99970784,0.77685716,1,1,0,6.7593976,0.23252089
-7.0333027,0.89689852,0.77685716,2,3,0,7.5290174,0.16433356
-7.2656625,0.96765955,0.77685716,1,1,0,7.2682892,0.13910147
-7.3534156,0.99145388,0.77685716,2,7,0,7.3534172,0.40094577
-7.9901605,0.84487589,0.77685716,1,1,0,8.041652,0.47105329
-7.2137784,1,0.77685716,1,1,0,7.8035347,0.38130883
-7.451024,0.94049113,0.77685716,1,1,0,7.517781,0.4134366
-8.4057685,0.77487596,0.77685716,1,1,0,8.4496524,0.50722851
-7.2771515,1,0.77685716,2,3,0,8.1165708,0.39051731
-6.9079541,1,0.77685716,2,7,0,7.2246664,0.18410869
-6.9881573,0.90905168,0.77685716,2,3,0,8.1064499,0.34248211
-6.7597453,0.99479359,0.77685716,2,3,0,7.029869,0.26945808
-6.8846719,0.9571465,0.77685716,1,3,0,7.034103,0.18873644
-6.8926228,0.99946118,0.77685716,2,7,0,6.8942499,0.32086507
-6.9109018,0.99856146,0.77685716,2,3,0,6.9390041,0.32542022
-6.7539532,0.98835984,0.77685716,1,3,0,6.9911219,0.23655299
-6.9667062,0.95815256,0.77685716,1,3,0,7.0347497,0.17397453
-6.8566326,1,0.77685716,1,1,0,6.9494463,0.19496472
-7.0199131,0.93523677,0.77685716,1,3,0,7.4860308,0.34874196
-7.4632637,0.89397124,0.77685716,1,1,0,7.4712516,0.41494389
-7.0225811,1,0.77685716,2,7,0,7.4302445,0.16578316
-7.2274817,0.97112243,0.77685716,1,1,0,7.2316037,0.14262943
-6.752919,0.98732274,0.77685716,1,3,0,7.3479626,0.23776719
-7.3835918,0.93324542,0.77685716,2,3,0,7.4520538,0.40490181
-6.7480823,1,0.77685716,2,3,0,7.3619936,0.24862598
-7.1022895,0.92688436,0.77685716,1,3,0,7.2273221,0.36357197
-6.7777141,0.96488889,0.77685716,1,3,0,7.3445492,0.22039436
-7.6011328,0.83487077,0.77685716,1,3,0,8.0906796,0.43114872
-7.1481403,0.75922709,0.77685716,1,3,0,9.2712594,0.15062887
-7.231495,0.98877064,0.77685716,1,1,0,7.2697467,0.14224963
-7.1376186,1,0.77685716,1,1,0,7.2530026,0.15176778
-7.2322062,0.84619779,0.77685716,2,3,0,9.9333066,0.38404313
-6.8939972,1,0.77685716,2,7,0,7.1840637,0.18683142
-7.8681923,0.94161142,0.77685716,2,3,0,7.8697582,0.45930209
-6.8012598,0.95303421,0.77685716,2,3,0,8.2241998,0.29218615
-7.1882913,0.85097466,0.77685716,1,3,0,7.7809467,0.14645832
-6.7698283,0.96923761,0.77685716,1,3,0,7.5371739,0.27668954
-7.2363048,0.86305131,0.77685716,2,7,0,7.744379,0.1417973
-6.7681203,1,0.77685716,2,3,0,7.1909763,0.22551403
-6.7652434,0.99366703,0.77685716,1,3,0,6.8243608,0.27366243
-6.8059518,0.98012439,0.77685716,1,3,0,6.9037305,0.20914378
-6.8511252,0.89596212,0.77685716,2,3,0,7.8681666,0.30940412
-6.926459,0.9212978,0.77685716,1,3,0,7.3592541,0.18070656
-7.076222,0.99238576,0.77685716,2,3,0,7.0786691,0.1588537
-6.7670274,0.97168495,0.77685716,2,7,0,7.3401456,0.27488161
-6.9595792,0.93241614,0.77685716,1,3,0,7.2015844,0.1751085
-6.8326426,0.96273237,0.77685716,1,3,0,7.3378863,0.30360994
-6.8087184,1,0.77685716,2,3,0,6.8351451,0.29513897
-6.8469672,0.99133657,0.77685716,1,1,0,6.8526578,0.30814586
-7.6571218,0.82006995,0.77685716,2,3,0,8.2990744,0.43736967
-7.8290583,0.99936626,0.77685716,2,7,0,7.8296838,0.10136137
-6.7510823,0.94843391,0.77685716,1,3,0,8.4721366,0.25986359
-6.8242619,0.98635039,0.77685716,1,3,0,6.8363132,0.30078854
-7.1474474,0.8570951,0.77685716,1,3,0,7.7710854,0.15070325
-7.2300874,0.99628673,0.77685716,2,3,0,7.2684407,0.14238259
-7.6841182,0.98192258,0.77685716,2,3,0,7.6841215,0.10921857
-6.8370619,0.97397497,0.77685716,1,3,0,7.769628,0.19987851
-6.8705705,0.8511834,0.77685716,2,3,0,8.4779111,0.31499851
-7.1742656,0.90775727,0.77685716,2,3,0,7.6074227,0.37527243
-6.8694387,1,0.77685716,2,7,0,7.1278291,0.19201784
-6.7498084,0.99698658,0.77685716,1,3,0,6.8868645,0.24257801
-6.763145,0.89504985,0.77685716,2,3,0,7.635801,0.27214752
-6.8722043,0.9859037,0.77685716,2,7,0,6.8734593,0.19140515
-6.8101169,1,0.77685716,1,1,0,6.8622136,0.20776531
-7.0724836,0.97375982,0.77685716,2,7,0,7.074631,0.35840969
-6.9591184,0.88072394,0.77685716,1,3,0,7.8579204,0.17518262
-6.876377,0.99198089,0.77685716,2,3,0,7.0857734,0.19049543
-6.8147748,1,0.77685716,1,1,0,6.8669066,0.2062826
-6.791515,1,0.77685716,1,1,0,6.813488,0.21439535
-6.8450979,0.97606979,0.77685716,2,3,0,7.0574798,0.30757216
-6.7742451,0.99318296,0.77685716,2,3,0,6.9042612,0.27932736
-6.7800158,0.99873991,0.77685716,1,1,0,6.7841639,0.28247122
-6.7602973,0.99276447,0.77685716,1,3,0,6.8337309,0.23076328
-6.8003734,0.98493749,0.77685716,1,3,0,6.8717886,0.29182258
-6.87817,0.97615514,0.77685716,2,3,0,7.0115559,0.31707153
-8.80595,0.73130377,0.77685716,2,7,0,8.9042564,0.064973527
-9.0173952,0.99556865,0.77685716,2,3,0,9.1579365,0.059500841
-9.4007359,0.97844197,0.77685716,1,1,0,9.4993934,0.050962954
-8.5782724,0.9894562,0.77685716,2,3,0,10.029901,0.071610611
-8.4984786,1,0.77685716,2,3,0,8.7407893,0.074146891
-7.8117151,1,0.77685716,1,1,0,8.4376745,0.10225317
-6.9094489,0.90905465,0.77685716,1,3,0,9.1788949,0.32506708
-7.0440676,0.86620432,0.77685716,1,3,0,7.7581806,0.16291232
-6.8074088,0.96740461,0.77685716,1,3,0,7.4244885,0.29463342
-6.8157727,0.9673164,0.77685716,2,7,0,7.0171539,0.20597243
-7.7752145,0.85589609,0.77685716,2,3,0,8.103741,0.10417109
-7.7851274,0.99900187,0.77685716,1,1,0,7.919255,0.10364459
-7.0056121,0.99727815,0.77685716,2,3,0,7.854062,0.16815182
-7.1374527,0.90565542,0.77685716,1,3,0,8.0373423,0.36941223
-6.9468895,0.88196822,0.77685716,1,3,0,7.9326826,0.17718637
-6.7539035,0.96515199,0.77685716,2,3,0,7.2990135,0.23660868
-7.0104632,0.96786608,0.77685716,2,3,0,7.031905,0.16746495
-6.7532565,0.98460086,0.77685716,1,3,0,7.1649609,0.26293305
-6.7788855,0.99089735,0.77685716,1,3,0,6.8192274,0.21983363
-6.8000973,0.99870583,0.77685716,2,3,0,6.8015885,0.21117646
-7.6665925,0.85440805,0.77685716,1,3,0,7.9703262,0.11023564
-7.5060591,1,0.77685716,1,1,0,7.7060438,0.12035509
-6.8439477,0.99535317,0.77685716,2,7,0,7.398072,0.30721662
-6.8947502,0.97093995,0.77685716,2,3,0,7.10907,0.32140836
-7.2596433,0.91491813,0.77685716,1,1,0,7.2597108,0.38802674
-7.4069517,0.96256076,0.77685716,1,1,0,7.4997406,0.40790437
-7.3361722,1,0.77685716,1,1,0,7.5159784,0.39864388
-7.9139741,0.85845466,0.77685716,1,1,0,7.9675593,0.46378411
-7.2458923,1,0.77685716,2,7,0,7.8988059,0.1409048
-6.7508285,0.98292379,0.77685716,2,3,0,7.5069435,0.25944238
-7.2136469,0.87629972,0.77685716,1,3,0,7.5664939,0.14395575
-7.4278437,0.86994866,0.77685716,2,3,0,8.8646566,0.1259002
-6.8055899,0.94863806,0.77685716,1,3,0,8.1000125,0.29392248
-6.7802447,1,0.77685716,1,1,0,6.8021721,0.28259007
-6.7541903,0.96434856,0.77685716,2,3,0,7.0495432,0.2362902
-9.859915,0.68037961,0.77685716,2,7,0,9.8873274,0.042593349
-6.7671626,0.94349836,0.77685716,3,7,0,9.7575018,0.27497173
-6.8060351,0.97923184,0.77685716,1,3,0,6.9087992,0.20911572
-6.7874405,0.98632339,0.77685716,1,3,0,6.9456987,0.28614119
-6.807533,0.9753573,0.77685716,1,3,0,6.9580984,0.20861429
-7.3051964,0.9258785,0.77685716,1,3,0,7.4072083,0.13563571
-6.7532579,1,0.77685716,2,3,0,7.2008478,0.26293486
-6.7482099,0.98378921,0.77685716,2,3,0,6.872987,0.25243001
-6.8259629,0.99013615,0.77685716,2,3,0,6.8373128,0.30137249
-6.7600905,0.99668715,0.77685716,2,3,0,6.8539644,0.26974703
-6.7616092,0.99967594,0.77685716,1,1,0,6.763736,0.27097325
-6.7616092,0.9326399,0.77685716,1,3,0,7.1624942,0.27097325
-6.7605952,1,0.77685716,1,1,0,6.7637546,0.2701624
-6.78181,0.99543681,0.77685716,1,1,0,6.7818625,0.28339236
-6.7487055,0.99949549,0.77685716,1,3,0,6.7825995,0.25464151
-6.7492996,0.99408371,0.77685716,2,3,0,6.7924161,0.25635458
-6.7613121,0.9980985,0.77685716,2,3,0,6.7660646,0.27073879
-7.5147925,0.80424305,0.77685716,2,7,0,8.2374729,0.11976339
-7.5715568,0.99468922,0.77685716,2,7,0,7.5881683,0.42778371
-8.3927786,0.80226635,0.77685716,1,1,0,8.4717904,0.50617447
-7.8483171,0.9445183,0.77685716,3,7,0,9.1517854,0.10038529
-7.5421684,1,0.77685716,2,3,0,7.8440619,0.11794172
-6.7581039,1,0.77685716,2,3,0,7.4253864,0.23253608
-7.1881874,0.86545572,0.77685716,2,3,0,7.7699786,0.14646877
-7.7003877,0.95773828,0.77685716,2,7,0,7.805443,0.44205187
-7.7317393,1,0.77685716,2,7,0,7.7462428,0.10653162
-7.1162461,0.86852693,0.77685716,2,7,0,9.5542255,0.36592052
-7.0250316,1,0.77685716,1,1,0,7.1386681,0.34971888
-6.7484837,1,0.77685716,2,3,0,7.0172794,0.2538121
-6.7480218,0.9995399,0.77685716,2,3,0,6.7519327,0.25004376
-7.5401067,0.84991165,0.77685716,1,3,0,7.7797664,0.42414179
-7.0266342,1,0.77685716,1,1,0,7.4154605,0.35002306
-6.9241046,1,0.77685716,1,1,0,7.0220158,0.32856506
-6.8048217,1,0.77685716,2,7,0,6.9095089,0.20952711
-6.8452964,0.97839577,0.77685716,1,3,0,7.0581875,0.30763332
-7.646557,0.8225902,0.77685716,2,3,0,8.2780831,0.43621017
-6.7499069,0.99460034,0.77685716,1,3,0,7.6775416,0.25772718
-6.7489789,0.99959283,0.77685716,1,3,0,6.7536848,0.24455765
-6.798075,0.99001491,0.77685716,1,3,0,6.812837,0.21190733
-6.8224518,0.84609552,0.77685716,2,3,0,8.3566905,0.30016038
-7.4176497,0.65882418,0.77685716,3,7,0,9.1649951,0.40926281
-6.7592705,0.98967003,0.77685716,2,3,0,7.5053364,0.26905376
-6.7590671,1,0.77685716,2,7,0,6.7593861,0.23173524
-6.8832564,0.96585233,0.77685716,1,3,0,6.9994239,0.31842781
-7.4501752,0.64692021,0.77685716,3,7,0,9.4939361,0.12426984
-8.5166822,0.91900567,0.77685716,2,3,0,8.8471939,0.073557855
-9.4217329,0.94234007,0.77685716,1,1,0,9.4231306,0.050539891
-9.4217329,0.95151151,0.77685716,1,1,0,10.466538,0.050539891
-7.2268869,1,0.77685716,2,3,0,9.2784384,0.1426859
-9.1148596,0.84797435,0.77685716,2,3,0,9.2546363,0.057173307
-9.5693869,0.97563984,0.77685716,1,1,0,9.6534295,0.047680568
-6.7739824,0.94227817,0.77685716,1,3,0,11.275308,0.22226356
-7.1428681,0.87188066,0.77685716,2,3,0,7.7755996,0.15119703
-7.472337,0.9859527,0.77685716,2,3,0,7.4738952,0.12269001
-7.3419363,1,0.77685716,1,1,0,7.5049201,0.13256847
-7.6673788,0.98753232,0.77685716,2,3,0,7.6791546,0.11018968
-8.1450027,0.95419312,0.77685716,1,1,0,8.1563739,0.086988363
-6.7545407,0.95793103,0.77685716,3,7,0,8.7705455,0.26445072
-6.9585997,0.96968276,0.77685716,2,3,0,7.0234202,0.33630418
-6.9585997,0.77264385,0.77685716,2,7,0,8.3177789,0.33630418
-7.1323045,0.84293316,0.77685716,1,3,0,8.0763332,0.15235077
-9.2567137,0.77856182,0.77685716,1,3,0,9.9817517,0.05398294
-8.3655479,1,0.77685716,1,1,0,9.1950624,0.078647628
-6.9935975,0.96846389,0.77685716,2,7,0,8.2030269,0.34358031
-7.2023668,0.94939917,0.77685716,1,1,0,7.2237952,0.37959054
-7.7898446,0.85789854,0.77685716,1,1,0,7.8168234,0.45141732
-7.1612251,1,0.77685716,1,1,0,7.6440049,0.37322417
-7.2106095,0.98753056,0.77685716,1,1,0,7.2977509,0.38083365
-8.5691322,0.79219997,0.77685716,3,7,0,8.7281131,0.071895222
-8.5816497,0.99769076,0.77685716,3,7,0,8.5817067,0.071505822
-9.0384296,0.96997458,0.77685716,1,1,0,9.0981214,0.058988693
-6.7635826,0.97633889,0.77685716,2,7,0,8.6629872,0.2724714
-6.9919358,0.96957786,0.77685716,2,7,0,6.9923591,0.17013257
-6.7543924,0.98352258,0.77685716,2,3,0,7.1970746,0.2642834
-6.8335504,0.97390824,0.77685716,1,3,0,6.9208435,0.20082277
-7.5094104,0.90372406,0.77685716,1,3,0,7.6595128,0.12012742
-8.8399052,0.8833882,0.77685716,3,7,0,9.1431006,0.064052889
-6.7548891,0.90469999,0.77685716,1,3,0,10.025286,0.2355449
-6.9888105,0.90833327,0.77685716,2,3,0,7.4315762,0.17059481
-7.0006269,0.998908,0.77685716,2,7,0,7.004901,0.34498294
-7.4894287,0.88404286,0.77685716,1,1,0,7.4933386,0.4181259
-7.6050201,0.96990941,0.77685716,1,1,0,7.7632558,0.43158683
-7.0615091,1,0.77685716,1,1,0,7.4744557,0.35645452
-6.98651,0.74874143,0.77685716,2,3,0,8.9743993,0.17093742
-6.91024,0.93636437,0.77685716,2,7,0,7.5635241,0.32525955
-6.9304734,0.99518975,0.77685716,1,1,0,6.9622893,0.33004316
-7.2236109,0.93048948,0.77685716,1,1,0,7.2281319,0.38277385
-7.8764148,0.94763059,0.77685716,2,3,0,7.9023413,0.46011364
-8.1418709,0.99773894,0.77685716,2,7,0,8.1425691,0.087115649
-6.7593327,0.83496496,0.77685716,3,7,0,10.691228,0.23152083
-6.7591343,0.9999986,0.77685716,2,7,0,6.7595123,0.26893629
-6.7732151,0.99089594,0.77685716,1,3,0,6.8238073,0.22266522
-6.7732151,0.83157231,0.77685716,1,3,0,7.8826531,0.22266522
-6.8172946,0.95851946,0.77685716,2,3,0,7.1651092,0.29833033
-6.8470666,0.98144092,0.77685716,2,3,0,6.9911148,0.30817622
-6.7481984,1,0.77685716,2,3,0,6.8410564,0.25235442
-7.7028784,0.88322136,0.77685716,2,3,0,7.916521,0.44231826
-7.0764008,1,0.77685716,2,7,0,7.633055,0.15883186
-6.7509196,0.99132722,0.77685716,1,3,0,7.1518779,0.24056529
-6.7481382,1,0.77685716,2,3,0,6.7503746,0.25191062
-6.7536197,0.98371284,0.77685716,2,3,0,6.8709463,0.26337918
-6.8836237,0.96034954,0.77685716,1,3,0,7.0052951,0.18895524
-7.0520342,0.97379397,0.77685716,2,3,0,7.1988166,0.16188149
-7.046746,1,0.77685716,2,3,0,7.0990433,0.1625638
-7.0806493,0.99805246,0.77685716,2,7,0,7.0815853,0.35984485
-6.9589734,0.94295418,0.77685716,2,3,0,7.5962478,0.33638467
-6.8637502,1,0.77685716,1,1,0,6.9454759,0.3130867
-6.7495226,1,0.77685716,2,3,0,6.8646407,0.25688975
-6.7481035,1,0.77685716,2,3,0,6.7492401,0.24840423
-8.3335581,0.64138749,0.77685716,1,3,0,9.6374895,0.079786173
-6.7888988,0.89153904,0.77685716,1,3,0,9.7228025,0.28682211
-6.8222064,0.99257438,0.77685716,1,1,0,6.8249429,0.30007465
-7.6200166,0.83627448,0.77685716,2,3,0,8.1677746,0.43326816
-6.7501495,0.98564359,0.77685716,1,3,0,7.7665391,0.24190548
-7.1008867,0.96184954,0.77685716,2,3,0,7.1343787,0.36333359
-7.0880383,1,0.77685716,2,7,0,7.0984987,0.15742661
-6.7600971,0.9745785,0.77685716,2,7,0,7.3259893,0.26975254
-6.7741493,0.99049767,0.77685716,1,3,0,6.8279226,0.222177
-6.7741493,0.83894682,0.77685716,1,3,0,7.8331555,0.222177
-6.7741493,0.91905401,0.77685716,1,3,0,7.333985,0.222177
-6.9216268,0.92021376,0.77685716,2,3,0,7.4015067,0.18157397
-6.9893726,0.9893927,0.77685716,1,1,0,7.0020739,0.1705114
-6.7489364,0.99358181,0.77685716,1,3,0,7.0504268,0.24467936
-6.7566151,0.99373219,0.77685716,2,3,0,6.797507,0.26662085
-7.8949351,0.84000556,0.77685716,2,3,0,8.2718287,0.46193095
-7.3386187,1,0.77685716,1,1,0,7.804256,0.39897237
-7.299681,1,0.77685716,1,1,0,7.4534656,0.39366671
-7.1878335,1,0.77685716,2,3,0,7.3522824,0.37737315
-7.3446352,0.96053568,0.77685716,1,1,0,7.4178338,0.39977751
-8.3477903,0.92202727,0.77685716,2,3,0,8.3712207,0.5024896
-6.8462477,0.91996226,0.77685716,2,3,0,8.9768005,0.30792565
-6.7708254,0.99386491,0.77685716,2,3,0,6.898841,0.27730593
-6.7531073,0.98999367,0.77685716,2,3,0,6.8511489,0.23753695
-7.163458,0.94839891,0.77685716,2,3,0,7.1838947,0.14900599
-6.7628053,1,0.77685716,2,3,0,7.1240077,0.22892776
-6.7555942,0.99597371,0.77685716,2,7,0,6.7926676,0.26558925
-6.7555942,0.96016673,0.77685716,1,3,0,6.979163,0.26558925
-7.0459925,0.91437791,0.77685716,2,3,0,7.340902,0.16266164
-7.0711385,0.99632957,0.77685716,1,1,0,7.1123043,0.15947785
-7.5371257,0.8570036,0.77685716,1,3,0,8.865472,0.42379306
-7.8212926,0.92713445,0.77685716,1,1,0,7.9611176,0.45461598
-7.280647,1,0.77685716,1,1,0,7.7250395,0.39100996
-6.7481137,1,0.77685716,2,3,0,7.2689952,0.25169781
-8.1522619,0.67238306,0.77685716,1,3,0,9.3047336,0.086694346
-7.6715137,1,0.77685716,1,1,0,8.1163909,0.10994847
-6.754787,0.9622434,0.77685716,1,3,0,8.2481401,0.26472441
-7.0323508,0.9636688,0.77685716,2,3,0,7.0326482,0.16446086
-6.7604686,0.99303251,0.77685716,1,3,0,7.0571189,0.23063202
-7.3702971,0.87836106,0.77685716,1,3,0,7.6321537,0.13029313
-7.7327453,0.9592048,0.77685716,1,1,0,7.7419951,0.10647603
-7.3425813,1,0.77685716,1,1,0,7.692767,0.13251586
-7.2704167,1,0.77685716,2,3,0,7.3898028,0.13867503
-7.3303429,0.99240044,0.77685716,1,1,0,7.3904429,0.13352127
-7.3192484,0.99793013,0.77685716,2,7,0,7.3531217,0.39635396
-7.2887659,1,0.77685716,1,1,0,7.4353848,0.39214847
-7.1587418,1,0.77685716,1,1,0,7.3262463,0.37283076
-7.6002191,0.76931565,0.77685716,2,3,0,8.9212841,0.4310456
-7.3416047,1,0.77685716,2,3,0,7.6270076,0.39937244
-7.4154362,0.72216153,0.77685716,1,3,0,9.5981195,0.1268234
-6.8922985,0.9904833,0.77685716,2,7,0,7.352111,0.32078193
-6.7499484,1,0.77685716,2,3,0,6.8707344,0.24229468
-6.923307,0.97802822,0.77685716,2,3,0,6.9362494,0.18127077
-6.8277175,0.96627127,0.77685716,1,3,0,7.2584201,0.30196861
-6.7814476,0.91887749,0.77685716,2,3,0,7.4327482,0.21864555
-7.7399106,0.82420212,0.77685716,1,3,0,8.1538473,0.10608141
-6.7577936,1,0.77685716,2,7,0,7.5570474,0.26774012
-6.8356518,0.97328225,0.77685716,2,7,0,6.9374273,0.20025514
-6.8545234,0.97420069,0.77685716,1,3,0,7.1425454,0.31041503
-6.7976314,0.92815273,0.77685716,2,3,0,7.4030325,0.21206981
-7.3018671,0.94256158,0.77685716,2,3,0,7.3675455,0.13592074
-7.1306247,1,0.77685716,1,1,0,7.296259,0.15253617
-7.0237797,1,0.77685716,1,1,0,7.1328136,0.16561934
-7.0590044,0.90441072,0.77685716,2,7,0,7.9349665,0.35600393
-7.2953823,0.94204819,0.77685716,1,1,0,7.3271014,0.39307045
-6.9444078,0.93115764,0.77685716,2,3,0,7.8844092,0.33319656
-6.8632553,0.9021795,0.77685716,2,3,0,7.709475,0.1934173
-6.849045,0.97251207,0.77685716,1,3,0,7.1886554,0.30877764
-6.8230815,0.75975614,0.77685716,2,3,0,8.6556459,0.2037739
-7.5857647,0.88453587,0.77685716,1,3,0,7.7908365,0.1151392
-8.0195443,0.95651322,0.77685716,1,1,0,8.0319852,0.092307141
-6.7653826,0.96627472,0.77685716,1,3,0,8.4764935,0.22720391
-6.8011571,0.95962214,0.77685716,2,3,0,7.0827506,0.21079959
-6.9255366,0.95407812,0.77685716,1,3,0,7.1893532,0.32889952
-8.8756245,0.69661499,0.77685716,3,7,0,9.2100625,0.063102307
-9.4893903,0.96480253,0.77685716,1,1,0,9.5299328,0.049205021
-7.3126349,0.92459554,0.77685716,1,3,0,9.8495392,0.13500326
-7.6660386,0.95897083,0.77685716,1,1,0,7.673182,0.11026805
-7.2907413,1,0.77685716,1,1,0,7.6254503,0.13688214
-7.0759451,0.871465,0.77685716,3,7,0,8.6251095,0.35902006
-6.8803562,1,0.77685716,1,1,0,7.0325647,0.31765743
-6.772314,0.97953354,0.77685716,1,3,0,7.0224553,0.22314528
-6.7489879,1,0.77685716,2,3,0,6.7677133,0.25552154
-7.1834832,0.94294623,0.77685716,2,3,0,7.1872453,0.14694387
-7.2784397,0.98750197,0.77685716,1,1,0,7.317983,0.13796153
-7.1186985,1,0.77685716,1,1,0,7.2749968,0.15386813
-7.0269756,0.9116974,0.77685716,2,3,0,8.2106508,0.16518477
-6.7480551,0.99009533,0.77685716,1,3,0,7.1298469,0.25102259
-9.0881471,0.73689919,0.77685716,3,7,0,9.1011431,0.057799807
-9.5910977,0.97297042,0.77685716,1,1,0,9.6622781,0.047276557
-8.084164,0.94335641,0.77685716,3,7,0,9.8786691,0.089510088
-7.5163937,1,0.77685716,1,1,0,8.0255037,0.11965547
-7.3943404,0.90030659,0.77685716,2,3,0,9.1313331,0.12842273
-7.3943404,0.77274407,0.77685716,1,3,0,10.332195,0.12842273
-6.7514728,0.970212,0.77685716,2,7,0,7.7503862,0.26047952
-7.571594,0.7835318,0.77685716,1,3,0,8.2454159,0.11603733
-6.7820807,0.99806432,0.77685716,2,7,0,7.4234178,0.28352929
-6.8025709,0.99848988,0.77685716,2,3,0,6.8057163,0.29271868
-6.7491767,0.99925818,0.77685716,1,3,0,6.8032601,0.25603952
-6.7603541,0.99866035,0.77685716,2,7,0,6.7603632,0.23071969
-6.7509251,0.9980878,0.77685716,1,3,0,6.7763596,0.25960497
-7.2633956,0.9313132,0.77685716,2,3,0,7.3923448,0.38856379
-7.1708947,1,0.77685716,2,3,0,7.3204958,0.37474576
-7.0343181,1,0.77685716,2,3,0,7.1764989,0.35147042
-6.7519911,1,0.77685716,2,3,0,6.9945965,0.23897434
-6.748044,0.99981703,0.77685716,1,3,0,6.7534314,0.25083397
-7.3366485,0.85633802,0.77685716,1,3,0,7.722194,0.13300137
-7.507381,0.97968355,0.77685716,1,1,0,7.5453479,0.1202652
-6.8373476,0.98030362,0.77685716,1,3,0,7.5382344,0.19980262
-6.7481476,0.99757778,0.77685716,1,3,0,6.8588804,0.24802
-6.7509795,0.99745216,0.77685716,2,3,0,6.7671995,0.25969521
-6.9594094,0.97314745,0.77685716,2,3,0,6.9606439,0.1751358
-6.7996648,0.94580314,0.77685716,2,3,0,7.5166918,0.21133146
-6.8008885,0.9548588,0.77685716,2,3,0,7.1995592,0.21089471
-6.7876852,0.99641993,0.77685716,2,3,0,6.8492052,0.21594268
-7.2733695,0.96196859,0.77685716,2,3,0,7.2795681,0.38998258
-7.3808182,0.70337487,0.77685716,2,7,0,9.3688467,0.12946825
-7.7009247,0.96388941,0.77685716,1,1,0,7.7158383,0.10825773
-9.5269781,0.77030119,0.77685716,2,3,0,11.223337,0.04848162
-8.7066149,1,0.77685716,2,3,0,9.4858153,0.067766346
-8.8555963,0.99014257,0.77685716,1,1,0,9.0120375,0.063633081
-8.8978567,0.97882905,0.77685716,2,3,0,9.8956324,0.062519695
-6.8505387,0.93739768,0.77685716,1,3,0,9.6260688,0.19643677
-6.748034,0.99693045,0.77685716,1,3,0,6.879676,0.2493821
-7.139328,0.94937264,0.77685716,2,3,0,7.1472747,0.15158137
-6.8760295,0.94191006,0.77685716,1,3,0,7.7821467,0.31649343
-6.9149427,0.99695502,0.77685716,2,3,0,6.9348771,0.32639482
-6.7559287,0.98668276,0.77685716,1,3,0,7.0063276,0.23450482
-6.783151,0.97249939,0.77685716,2,3,0,6.9927782,0.28406565
-8.3884849,0.79010691,0.77685716,2,7,0,8.4097512,0.077844982
-6.8051669,0.88223195,0.77685716,1,3,0,9.9250171,0.29375563
-7.0815535,0.8830216,0.77685716,1,3,0,7.5736946,0.15820575
-7.181287,0.98609478,0.77685716,1,1,0,7.2073688,0.14716686
-7.3054546,0.98376698,0.77685716,1,1,0,7.337614,0.13561366
-7.5308828,0.9730766,0.77685716,1,1,0,7.5548303,0.11868671
-6.9366716,0.9154189,0.77685716,1,3,0,8.6978069,0.33145903
-6.930283,1,0.77685716,2,7,0,6.9358928,0.18003001
-8.6268294,0.82934843,0.77685716,2,3,0,8.692802,0.070123318
-7.9895767,1,0.77685716,2,3,0,8.5811879,0.093648349
-7.8952686,1,0.77685716,1,1,0,8.0951964,0.098066023
-7.3655645,1,0.77685716,1,1,0,7.8352552,0.1306675
-6.748859,0.98162494,0.77685716,1,3,0,7.5926398,0.24490831
-6.9966223,0.94598017,0.77685716,1,3,0,7.103351,0.34418611
-7.2646124,0.93526624,0.77685716,1,1,0,7.280824,0.38873755
-7.0585421,0.90298569,0.77685716,2,3,0,8.0880529,0.35592058
-6.8549773,0.93191896,0.77685716,1,3,0,7.5425057,0.19535983
-6.9543218,0.91096153,0.77685716,2,3,0,7.6788019,0.17595996
-6.8145286,0.99862672,0.77685716,2,7,0,6.9436756,0.29732244
-6.8229114,0.99810169,0.77685716,1,1,0,6.8353127,0.30032054
-6.8296322,0.96674119,0.77685716,1,3,0,7.0795805,0.20190237
-7.1536067,0.96841503,0.77685716,2,7,0,7.1567747,0.37201378
-7.2441759,0.9772137,0.77685716,1,1,0,7.3209226,0.38579351
-8.5034213,0.7170185,0.77685716,1,1,0,8.5066618,0.51501561
-8.2101548,1,0.77685716,2,3,0,8.739349,0.49086654
-8.7983822,0.95102784,0.77685716,2,3,0,9.0617336,0.53720615
-8.7983822,0.69495498,0.77685716,1,1,0,10.102587,0.53720615
-7.1489527,0.84122978,0.77685716,2,3,0,10.35173,0.37126924
-7.4706594,0.9205745,0.77685716,1,1,0,7.5116442,0.41584879
-7.3820077,1,0.77685716,1,1,0,7.5830887,0.40469635
-8.0951942,0.82748207,0.77685716,1,1,0,8.1454928,0.48071774
-7.4692378,1,0.77685716,1,1,0,8.0054169,0.41567519
-9.6235732,0.66480502,0.77685716,2,7,0,10.167964,0.046679764
-7.0954799,0.91930999,0.77685716,1,3,0,10.360893,0.15654429
-6.8101313,0.99779026,0.77685716,2,3,0,7.1268951,0.20776063
-6.7727404,1,0.77685716,1,1,0,6.8032452,0.22291699
-6.8103279,0.98347236,0.77685716,2,3,0,6.9394491,0.2957533
-6.7480476,1,0.77685716,2,3,0,6.8049537,0.25090019
-7.0259627,0.93216803,0.77685716,1,3,0,7.1882203,0.16532217
-6.8614283,0.93207654,0.77685716,2,3,0,7.777688,0.19383901
-7.0268006,0.95023557,0.77685716,2,3,0,7.5093345,0.35005459
-6.7857243,0.96395254,0.77685716,1,3,0,7.2747368,0.21676609
-7.0982666,0.91987552,0.77685716,1,3,0,7.41436,0.36288718
-6.754413,1,0.77685716,2,3,0,7.0482938,0.23604821
-6.7721919,0.8863563,0.77685716,2,3,0,7.7453082,0.27813003
-6.844912,0.97330526,0.76661171,1,3,0,7.1081954,0.30751483
-7.1050867,0.85663566,0.76661171,1,3,0,7.9153531,0.15542325
-8.8417161,0.86149226,0.76661171,2,3,0,8.889485,0.064004259
-8.5645605,1,0.76661171,1,1,0,8.9016364,0.072038142
-9.3880292,0.95517798,0.76661171,1,1,0,9.3880536,0.051221047
-9.5772536,0.997272,0.76661171,2,3,0,9.71893,0.047533708
-9.2054446,0.98482867,0.76661171,3,7,0,9.9130967,0.56506324
-9.1298568,1,0.76661171,3,7,0,9.1389675,0.056825251
-7.7004594,0.99973284,0.76661171,2,3,0,9.2276504,0.10828414
-9.1248897,0.93012998,0.76661171,3,7,0,9.2888187,0.056940237
-8.4093336,1,0.76661171,2,3,0,9.0837302,0.077125108
-8.1998702,0.9985007,0.76661171,3,7,0,8.4984687,0.48997567
-7.6573541,1,0.76661171,2,3,0,8.1626344,0.4373951
-6.7651029,1,0.76661171,2,3,0,7.511873,0.22738425
-6.8079135,0.98238506,0.76661171,1,3,0,6.9248533,0.29482888
-7.525509,0.89115408,0.76661171,3,7,0,7.7718252,0.42242808
-9.0669465,0.90088361,0.76661171,2,3,0,9.068181,0.55590647
-6.7542957,1,0.76661171,3,7,0,8.7777636,0.26417328
-6.7876497,0.94551438,0.76661171,2,3,0,7.2315499,0.28623962
-6.7528382,0.99543853,0.76661171,1,3,0,6.8374926,0.2378674
-6.7697001,0.99407971,0.76661171,1,3,0,6.8081862,0.27660931
-6.7619936,1,0.76661171,1,1,0,6.7690948,0.27127292
-6.829665,0.99336513,0.76661171,3,7,0,6.8298121,0.30262314
-6.8205744,0.96156561,0.76661171,1,3,0,7.1343161,0.20451412
-6.7601204,0.98949232,0.76661171,1,3,0,6.9327815,0.26977184
-7.4889743,0.79132565,0.76661171,1,3,0,8.3905739,0.12152791
-6.9290244,0.99964931,0.76661171,2,3,0,7.5121316,0.18025174
-6.7530244,0.98673516,0.76661171,1,3,0,7.095274,0.26264006
-6.9647096,0.9720744,0.76661171,2,3,0,7.0274564,0.33761232
-6.8701142,0.9827824,0.76661171,2,3,0,7.1494347,0.31487218
-8.1303902,0.82179729,0.76661171,2,3,0,8.6619618,0.48387033
-7.8437722,1,0.76661171,3,7,0,8.0827082,0.45687439
-6.8543119,1,0.76661171,2,7,0,7.6781203,0.19551963
-6.7486468,0.99589251,0.76661171,1,3,0,6.8952704,0.24559769
-6.7987355,0.99038355,0.76661171,1,3,0,6.8228672,0.21166688
-6.7662817,0.98872734,0.76661171,2,7,0,6.9099257,0.27437901
-7.2637946,0.84900378,0.76661171,1,3,0,7.9382505,0.13926977
-7.2033016,1,0.76661171,2,3,0,7.2974142,0.14496531
-7.2969299,0.98957942,0.76661171,1,1,0,7.3281192,0.13634566
-6.7532762,0.96264158,0.76661171,1,3,0,7.7706766,0.2629577
-6.7586082,0.99904154,0.76661171,1,1,0,6.7586636,0.26847575
-6.9543182,0.9740248,0.76661171,3,7,0,6.9933836,0.33537708
-7.3236059,0.97496245,0.76661171,2,3,0,7.3236572,0.39694654
-7.7367169,0.5520705,0.76661171,1,3,0,11.132762,0.106257
-6.7570628,0.97020123,0.76661171,1,3,0,8.2892213,0.23344767
-7.5408285,0.91215249,0.76661171,2,3,0,7.5425188,0.11802974
-6.798108,0.92243173,0.76661171,1,3,0,8.5707135,0.29087997
-6.9131886,0.93473967,0.76661171,1,3,0,7.2885592,0.18312371
-6.8674691,1,0.76661171,1,1,0,6.9130348,0.19245908
-6.7481125,1,0.76661171,2,3,0,6.8478139,0.25168693
-6.7836618,0.99308063,0.76661171,1,3,0,6.8009347,0.28431889
-6.7727054,1,0.76661171,1,1,0,6.7835262,0.2784339
-6.7520647,0.99601203,0.76661171,2,7,0,6.808308,0.23887367
-6.7612851,0.9960763,0.76661171,1,3,0,6.7885769,0.27071734
-6.7485897,0.99306868,0.76661171,2,3,0,6.8206931,0.25422867
-7.0683432,0.92120677,0.76661171,1,3,0,7.350569,0.15982375
-6.832852,0.98589615,0.76661171,3,7,0,7.2524017,0.30367873
-6.8390526,0.99878782,0.76661171,1,1,0,6.8532176,0.3056807
-6.9905431,0.97012962,0.76661171,1,1,0,6.9905463,0.34296512
-7.0732942,0.98276847,0.76661171,1,1,0,7.1016057,0.35855289
-6.7502333,0.98372991,0.76661171,1,3,0,7.2349067,0.24174876
-7.8395635,0.90598586,0.76661171,2,3,0,7.9000648,0.4564533
-7.6613889,1,0.76661171,1,1,0,7.9509685,0.43783615
-7.5818248,1,0.76661171,2,3,0,7.8002047,0.42895838
-9.2544956,0.64186093,0.76661171,3,7,0,10.992946,0.054031124
-7.8388036,0.94400106,0.76661171,2,5,0,9.9411603,0.45637719
-8.0783366,0.98214684,0.76661171,2,3,0,8.2569706,0.47919294
-8.0878845,0.99926732,0.76661171,2,3,0,8.3763543,0.48005776
-7.9327023,1,0.76661171,2,3,0,8.270765,0.46559243
-7.3141842,1,0.76661171,1,1,0,7.8140671,0.39566262
-8.1089528,0.77574201,0.76661171,3,7,0,9.260869,0.48195506
-8.5836729,0.96049127,0.76661171,3,7,0,8.8329921,0.071443148
-6.7700438,0.98118296,0.76661171,3,7,0,8.6521205,0.22439812
-6.9212992,0.95676914,0.76661171,2,3,0,7.2335359,0.32790616
-6.7483139,0.99527428,0.76661171,1,3,0,6.971232,0.25302985
-7.1840365,0.8224206,0.76661171,3,7,0,8.3364069,0.37678831
-7.2331364,0.98937146,0.76661171,1,1,0,7.3092379,0.38417986
-6.7480218,0.88113792,0.76661171,3,7,0,8.1468563,0.24997843
-6.7504731,0.99902816,0.76661171,2,3,0,6.7561256,0.25881981
-6.9058289,0.98282669,0.76661171,2,3,0,6.9222788,0.3241808
-6.7582887,0.98253882,0.76661171,1,3,0,7.0555237,0.23237945
-6.8088523,0.99521675,0.76661171,2,7,0,6.8117892,0.29519039
-6.7777789,1,0.76661171,1,1,0,6.803388,0.28128759
-7.2526969,0.83923965,0.76661171,1,3,0,7.9868386,0.14027857
-6.8168819,1,0.76661171,2,3,0,7.2346633,0.20563062
-6.7481286,1,0.76661171,2,3,0,6.8063609,0.2481759
-6.8298901,0.99081874,0.76661171,2,3,0,6.8309365,0.20183041
-7.7264077,0.9110071,0.76661171,2,3,0,7.7536078,0.10682705
-8.3118528,0.95357566,0.76661171,1,1,0,8.3118584,0.080571685
-6.8751422,0.94622744,0.76661171,1,3,0,8.8369343,0.19076283
-6.8530027,0.98646349,0.76661171,3,7,0,7.0437992,0.19583573
-6.7983304,0.97510969,0.76661171,1,3,0,7.1217421,0.29097338
-6.9822383,0.91238487,0.76661171,1,3,0,7.454152,0.17157905
-7.0176519,0.99541403,0.76661171,1,1,0,7.0402092,0.16646154
-7.1619357,0.98228998,0.76661171,1,1,0,7.1670253,0.14916546
-6.7660504,1,0.76661171,2,3,0,7.1153044,0.22677955
-6.7600741,0.99038466,0.76661171,2,3,0,6.8579105,0.23093573
-6.8982867,0.96404961,0.76661171,1,3,0,7.071243,0.32230355
-6.8828422,1,0.76661171,1,1,0,6.9167493,0.31831827
-6.7518552,0.98890769,0.76661171,1,3,0,6.9812057,0.23916287
-6.9544657,0.9811647,0.76661171,2,3,0,6.9555272,0.33540915
-6.9879543,0.9967874,0.76661171,3,7,0,7.0194912,0.34244091
-6.8032087,1,0.76661171,3,7,0,6.9562972,0.21008151
-7.0538941,0.93758381,0.76661171,2,3,0,7.5822358,0.35507939
-7.3372259,0.98024327,0.76661171,2,3,0,7.3499542,0.39878545
-6.7576488,0.96624875,0.76661171,1,3,0,7.6708917,0.2329283
-6.9649107,0.82316299,0.76661171,3,7,0,8.5490598,0.17425805
-7.8794624,0.92222157,0.76661171,2,3,0,7.9590675,0.098837464
-6.9035038,0.90142154,0.76661171,1,3,0,9.8074131,0.32360657
-7.041369,0.97204577,0.76661171,1,1,0,7.0471008,0.35278296
-7.0247604,1,0.76661171,2,7,0,7.0509675,0.16548565
-6.9650369,1,0.76661171,1,1,0,7.0313192,0.17423809
-6.7583561,0.99356378,0.76661171,1,3,0,7.0096169,0.23232275
-6.7734464,0.99768739,0.76661171,2,3,0,6.7849567,0.22254345
-6.7626376,1,0.76661171,1,1,0,6.7719942,0.22904516
-6.8048698,0.99475721,0.76661171,2,3,0,6.8211728,0.2095107
-7.6179433,0.87897189,0.76661171,1,3,0,7.9897276,0.11314353
-6.7788002,0.93345066,0.76661171,3,7,0,8.7319543,0.28183309
-6.7995537,0.99609666,0.76661171,1,1,0,6.8009591,0.2914838
-6.8340782,0.99337143,0.76661171,1,1,0,6.8366295,0.30407992
-6.8814322,0.99069248,0.76661171,1,1,0,6.8874313,0.31794415
-6.8111271,0.96451171,0.76661171,1,3,0,7.2149597,0.20743868
-6.7499724,0.99433869,0.76661171,1,3,0,6.8673449,0.25786124
-7.4845981,0.92598033,0.76661171,2,3,0,7.5592664,0.41754247
-7.0565688,1,0.76661171,2,3,0,7.3954669,0.35556416
-7.0294009,1,0.76661171,3,7,0,7.0467165,0.16485706
-7.0716584,0.99470848,0.76661171,1,1,0,7.0979504,0.15941372
-6.7567039,0.97308379,0.76661171,1,3,0,7.3818431,0.26670773
-7.1880006,0.87903021,0.76661171,1,3,0,7.6971741,0.14648758
-7.1044068,0.99807406,0.76661171,2,7,0,7.1870335,0.36393096
-7.183847,0.93761044,0.76661171,2,3,0,7.786598,0.37675906
-7.1753957,1,0.76661171,1,1,0,7.2668409,0.37544856
-6.902223,1,0.76661171,1,1,0,7.1188002,0.32328858
-7.7037815,0.85132493,0.76661171,3,7,0,8.1834047,0.44241477
-8.683622,0.7983476,0.76661171,1,1,0,8.7295802,0.52879503
-10.060855,0.73222626,0.76661171,1,1,0,10.226665,0.61563976
-9.8125715,1,0.76661171,2,3,0,10.625844,0.60190631
-10.734435,0.81911801,0.76661171,1,1,0,11.197402,0.64970064
-10.577884,1,0.76661171,3,7,0,10.727873,0.032488197
-10.043398,1,0.76661171,1,1,0,10.621362,0.039706046
-7.6420686,1,0.76661171,2,3,0,9.9267828,0.11168559
-8.5202659,0.9452081,0.76661171,2,3,0,8.8269052,0.073442632
-7.0188756,0.98856807,0.76661171,3,7,0,8.3379117,0.34854293
-7.4525442,0.91087855,0.76661171,1,1,0,7.4536198,0.41362448
-7.5914584,0.96921153,0.76661171,1,1,0,7.7056645,0.43005423
-6.8163018,0.98606152,0.76661171,2,3,0,7.7208983,0.29797076
-6.8250783,0.963335,0.76661171,1,3,0,7.115777,0.20319412
-11.149083,0.74503928,0.76661171,2,3,0,11.305921,0.66866673
-8.948849,1,0.76661171,1,1,0,10.77494,0.54784418
-8.4082086,1,0.76661171,1,1,0,9.0687431,0.50742602
-7.5876458,1,0.76661171,3,7,0,8.5046317,0.11502089
-7.5199316,0.98610571,0.76661171,2,3,0,8.0258685,0.11941763
-6.7908342,0.93717405,0.76661171,1,3,0,8.4867922,0.28770826
-6.7525145,0.95089761,0.76661171,2,3,0,7.2050988,0.26197187
-6.7871458,0.99623788,0.76661171,2,7,0,6.7887465,0.21616695
-6.8528201,0.97100161,0.76661171,2,7,0,7.0836561,0.30991024
-6.8092103,1,0.76661171,1,1,0,6.8471472,0.29532753
-6.7496487,0.98331244,0.76661171,2,3,0,6.9597925,0.2429152
-6.8538771,0.97654574,0.76661171,1,3,0,6.9371917,0.31022393
-6.9547374,0.97994627,0.76661171,1,1,0,6.9576474,0.33546822
-6.7488806,1,0.76661171,2,3,0,6.9221419,0.24484344
-6.760462,0.99697261,0.76661171,2,3,0,6.7757679,0.27005356
-6.7999096,0.98272422,0.76661171,2,7,0,6.9026748,0.21124365
-7.2933974,0.94992178,0.76661171,2,3,0,7.3253561,0.13665136
-7.6680591,0.92562393,0.76661171,3,7,0,8.5734133,0.11014993
-7.9034962,0.97982273,0.76661171,1,1,0,7.9386602,0.097668121
-8.5550183,0.95258885,0.76661171,1,1,0,8.5550184,0.072337664
-7.9387627,1,0.76661171,1,1,0,8.5102898,0.095990223
-7.7484411,1,0.76661171,2,3,0,7.9743315,0.10561468
-7.6168368,1,0.76661171,2,3,0,7.7943905,0.11321117
-7.690305,0.99777361,0.76661171,2,3,0,7.7665142,0.10886324
-6.7507579,0.95990788,0.76661171,1,3,0,8.2829949,0.24083
-7.9547455,0.73883654,0.76661171,1,3,0,9.0397956,0.095244193
-6.790515,0.95374681,0.76661171,1,3,0,8.480463,0.21479207
-7.2501915,0.89589813,0.76661171,2,3,0,7.7346756,0.14050845
-7.5277325,0.97102971,0.76661171,1,1,0,7.5318375,0.11889616
-7.6157134,0.99168818,0.76661171,1,1,0,7.6792379,0.11327992
-6.8748685,0.89602709,0.76661171,1,3,0,9.0760324,0.31617802
-6.7589323,0.97320728,0.76661171,2,3,0,7.129944,0.23184506
-6.9108945,0.93782935,0.76661171,2,3,0,7.4008632,0.32541846
-6.8314934,0.98875039,0.76661171,2,3,0,7.0321892,0.30323104
-6.850717,0.98789543,0.76661171,2,3,0,6.9689979,0.30928164
-6.7537143,0.97348761,0.76661171,2,3,0,7.0935399,0.23682312
-8.7886295,0.83577005,0.76661171,2,3,0,8.9248109,0.53650169
-8.7352561,1,0.76661171,2,3,0,9.2046671,0.53261274
-9.3508809,0.95630718,0.76661171,2,3,0,9.6512524,0.57435573
-8.3713895,1,0.76661171,2,3,0,9.2895407,0.50442926
-7.3800134,1,0.76661171,2,3,0,8.1532761,0.40443733
-7.4066084,0.99409451,0.76661171,1,1,0,7.5315583,0.40786061
-7.2632474,1,0.76661171,2,3,0,7.4471701,0.38854262
-6.8604239,0.90756924,0.76661171,1,3,0,8.0815891,0.1940725
-6.8146932,1,0.76661171,1,1,0,6.8547988,0.20630807
-6.8412732,0.96467682,0.76661171,2,3,0,7.1769883,0.19877325
-7.0266134,0.94507629,0.76661171,1,3,0,7.5926735,0.3500191
-6.7723799,0.96618572,0.76661171,1,3,0,7.3169937,0.22310985
-7.9342512,0.87872676,0.76661171,3,7,0,8.161346,0.096202413
-8.4198795,0.96444729,0.76661171,1,1,0,8.4285214,0.076764428
-6.9315191,0.98802874,0.76661171,3,7,0,8.2679683,0.17981313
-6.9046293,0.95801503,0.76661171,3,7,0,7.397938,0.32388502
-6.8637062,0.93877008,0.76661171,1,3,0,7.425265,0.19331382
-6.7564118,0.9883409,0.76661171,1,3,0,6.9977372,0.26642035
-7.5369527,0.79071587,0.76661171,1,3,0,8.457194,0.11828499
-6.748032,0.99656983,0.76661171,2,7,0,7.4153061,0.24943362
-7.0589381,0.94007319,0.76661171,2,7,0,7.2994646,0.161002
-7.1709846,0.98150079,0.76661171,2,3,0,7.3885627,0.14822323
-7.2712336,0.98865937,0.76661171,1,1,0,7.2975929,0.13860203
-6.748098,1,0.76661171,2,3,0,7.1885106,0.24845787
-6.9154916,0.80869898,0.76661171,2,3,0,8.7344361,0.32652635
-7.0392017,0.95998849,0.76661171,2,3,0,7.3276661,0.35238107
-7.0950936,0.95159155,0.76661171,2,3,0,7.5705089,0.3623445
-7.7016916,0.87547805,0.76661171,1,1,0,7.7024784,0.44219137
-7.7016916,0.69599617,0.76661171,1,1,0,8.9263607,0.44219137
-9.7249104,0.62850221,0.76661171,1,1,0,9.7253183,0.59688601
-6.8194414,1,0.76661171,2,3,0,9.2986792,0.20485329
-6.8812349,0.99093791,0.76661171,1,1,0,6.8815766,0.18945756
-6.8900571,0.95582427,0.76661171,1,3,0,7.4197913,0.32020488
-6.7784353,0.97805577,0.76661171,1,3,0,7.1180568,0.22004779
-6.7726197,0.9896918,0.76661171,1,3,0,6.8828334,0.27838343
-6.7816902,0.99641055,0.76661171,2,3,0,6.8141057,0.28333157
-6.7603103,0.93549,0.76661171,2,3,0,7.3323841,0.26992895
-7.2221704,0.94810346,0.76661171,2,7,0,7.2298353,0.14313546
-7.3114933,0.87095593,0.76661171,1,3,0,9.2629652,0.39529411
-7.7374238,0.90893219,0.76661171,1,1,0,7.7758246,0.44597893
-8.452,0.94950364,0.76661171,2,3,0,8.5314784,0.51094477
-6.7762011,1,0.76661171,2,3,0,8.1994774,0.22113626
-6.8902916,0.96592773,0.76661171,2,7,0,7.120852,0.32026546
-7.3133414,0.90532766,0.76661171,3,7,0,7.7163226,0.1349435
-7.3203155,0.992855,0.76661171,3,7,0,7.3909547,0.13435644
-8.4008955,0.93066141,0.76661171,2,3,0,8.5795614,0.077415363
-7.0708271,1,0.76661171,2,3,0,8.3277382,0.15951628
-6.8252173,0.94950419,0.76661171,1,3,0,7.6801118,0.30111725
-6.9209493,0.97769058,0.76661171,2,3,0,7.0517762,0.32782365
-6.9336521,0.99741287,0.76661171,1,1,0,6.9636181,0.330772
-6.831243,1,0.76661171,1,1,0,6.9140728,0.30314816
-6.7502289,0.89673607,0.76661171,2,3,0,7.7186888,0.25836562
-6.9244011,0.95561601,0.76661171,1,3,0,7.0984345,0.18107424
-6.7648171,0.98022599,0.76661171,1,3,0,7.1521598,0.27336218
-6.9574305,0.93292434,0.76661171,1,3,0,7.2607997,0.17545493
-6.7483581,0.99106885,0.76661171,1,3,0,7.0922363,0.25325125
-6.774322,0.99335957,0.76661171,1,3,0,6.7979666,0.22208776
-7.20707,0.9540387,0.76661171,2,3,0,7.2254941,0.14459577
-6.7598241,0.98297052,0.76661171,1,3,0,7.3653538,0.23113089
-6.848565,0.97650754,0.76661171,2,3,0,6.9951021,0.30863223
-6.7508613,0.96342673,0.76661171,2,3,0,7.1702407,0.24065985
-6.76515,0.99548179,0.76661171,1,3,0,6.7921981,0.27359697
-6.7605155,1,0.76661171,1,1,0,6.7653929,0.27009733
-6.7750519,0.98923756,0.76661171,1,3,0,6.846239,0.22171403
-6.9710076,0.94761207,0.76661171,1,3,0,7.2622698,0.33894316
-6.9533451,1,0.76661171,1,1,0,7.0026342,0.33516512
-6.7492928,1,0.76661171,2,3,0,6.9332247,0.25633734
-7.4812006,0.81654068,0.76661171,1,3,0,8.2139648,0.1220684
-7.0711502,0.99494704,0.76661171,2,3,0,7.6136637,0.1594764
-6.7627462,0.97218866,0.76661171,1,3,0,7.420889,0.27184839
-6.9643346,0.9749965,0.76661171,2,3,0,7.0124976,0.33753253
-6.7506694,0.76892061,0.76661171,2,3,0,8.9808259,0.24097831
-7.1014689,0.93149539,0.76661171,2,3,0,7.321788,0.15584309
-7.6089917,0.87889315,0.76661171,2,3,0,8.6066082,0.11369273
-6.7483116,0.9647116,0.76661171,1,3,0,8.1972002,0.24699829
-6.8510794,0.92965145,0.76661171,2,3,0,7.4187577,0.30939037
-6.8030521,0.99322299,0.76661171,2,3,0,6.9265606,0.29291264
-6.7578699,0.89617628,0.76661171,2,3,0,7.7007753,0.26781028
-6.7658033,0.96904491,0.76661171,2,3,0,7.0220486,0.27405135
-6.7480684,0.99941787,0.76661171,1,3,0,6.7715561,0.25120847
-6.8884062,0.83638485,0.76661171,2,3,0,8.3971065,0.31977717
-6.8996304,0.99774292,0.76661171,1,1,0,6.9234207,0.32264113
-6.8572924,1,0.76661171,1,1,0,6.9019477,0.31122772
-6.8572924,0.70487191,0.76661171,1,3,0,8.8780599,0.31122772
-6.9477552,0.9101847,0.76661171,1,3,0,7.5470538,0.17704212
-8.6092951,0.77732939,0.76661171,1,3,0,9.4257126,0.070655648
-8.5972806,0.98482709,0.76661171,3,7,0,8.8415246,0.52228396
-8.5972806,0.43983466,0.76661171,1,1,0,11.492711,0.52228396
-7.7203402,1,0.76661171,1,1,0,8.4539703,0.4441765
-7.515449,1,0.76661171,1,1,0,7.7881245,0.42123821
-6.8480548,0.89980194,0.76661171,1,3,0,8.438077,0.19705102
-6.8377512,0.96802146,0.76661171,1,3,0,7.2126736,0.30526592
-7.4567337,0.84129518,0.76661171,3,7,0,8.2112495,0.12379844
-7.1772981,1,0.76661171,1,1,0,7.4273532,0.14757383
-6.7485311,0.98129253,0.76661171,1,3,0,7.4163397,0.2460247
-6.7692137,0.99790846,0.76661171,2,3,0,6.7692168,0.27630284
-9.1349835,0.76220032,0.76661171,2,3,0,9.5723586,0.56044362
-6.7610567,1,0.76661171,2,3,0,8.8451684,0.23018846
-6.7505516,0.99546386,0.76661171,2,3,0,6.8037573,0.24117959
-6.8588979,0.97499443,0.76661171,1,3,0,6.9525258,0.31169455
-6.8760141,0.99660153,0.76661171,1,1,0,6.8924331,0.31648926
-6.8069407,0.96244393,0.76661171,1,3,0,7.1907584,0.20881173
-7.0983093,0.91832266,0.76661171,2,3,0,7.8637842,0.36289447
-6.7793636,0.77071896,0.76661171,3,7,0,8.8826174,0.21960805
-6.9701273,0.94569297,0.76661171,2,3,0,7.3927249,0.33875819
-6.9622806,1,0.76661171,2,7,0,6.9802396,0.17467599
-7.0388777,0.98557981,0.76661171,2,3,0,7.2026656,0.16359336
-6.7576521,0.98173257,0.76661171,2,3,0,7.288822,0.23292546
-6.7848767,0.9895747,0.76661171,2,7,0,6.8545981,0.28491438
-6.7585238,0.99291735,0.76661171,1,3,0,6.8543744,0.23218231
-6.748413,0.99924696,0.76661171,1,3,0,6.7679119,0.25350767
-6.7482447,0.9996474,0.76661171,2,3,0,6.7514853,0.25264576
-7.8684578,0.8851218,0.76661171,2,7,0,7.8762923,0.099380105
-7.0460243,0.95919158,0.76661171,3,7,0,8.6862206,0.16265751
-7.2028674,0.99371582,0.76661171,2,3,0,7.2083663,0.14500802
-7.2396817,0.9567909,0.76661171,3,7,0,7.9140048,0.14148157
-10.033515,0.6945924,0.76661171,1,3,0,11.627834,0.039855704
-8.856997,0.99572381,0.76661171,2,3,0,10.444355,0.063595774
-7.328267,0.97283653,0.76661171,2,3,0,9.7951343,0.13369332
-6.9372766,0.99241845,0.76661171,2,7,0,7.3793321,0.33159608
-6.8696503,0.93375895,0.76661171,1,3,0,7.5125745,0.19197067
-6.7511287,0.99151007,0.76661171,1,3,0,6.9766678,0.25993879
-6.7823205,0.98951869,0.76661171,1,3,0,6.8298005,0.21825193
-6.9983779,0.98149186,0.76661171,2,7,0,7.004602,0.34453615
-6.9653875,1,0.76661171,1,1,0,7.0254157,0.33775642
-7.0071906,0.99711807,0.76661171,2,3,0,7.0390028,0.34627656
-7.4437151,0.97017686,0.76661171,2,3,0,7.4442548,0.41253064
-6.8837278,0.97176898,0.76661171,2,3,0,7.7036114,0.3185523
-6.7942868,0.99975672,0.76661171,3,7,0,6.8737524,0.28924313
-6.937932,0.98210167,0.76661171,3,7,0,6.9700769,0.17870171
-6.9714725,0.99551515,0.76661171,1,1,0,6.9890537,0.17322866
-6.8682791,0.94978329,0.76661171,1,3,0,7.585021,0.31436185
-6.856184,1,0.76661171,1,1,0,6.8830361,0.31090356
-6.7509423,0.9911506,0.76661171,1,3,0,6.9347644,0.24052867
-6.7584073,0.99895262,0.76661171,3,7,0,6.761866,0.26829689
-6.7481656,0.99806527,0.76661171,2,3,0,6.7769321,0.24788367
-6.8208289,0.98465389,0.76661171,1,3,0,6.8648976,0.20443834
-6.8208289,0.69628795,0.76661171,1,3,0,9.7920273,0.20443834
-6.8613832,0.99800759,0.76661171,2,3,0,6.8636422,0.19384948
-6.9294942,0.99042784,0.76661171,1,1,0,6.9319584,0.18016887
-7.0777619,0.98065631,0.76661171,1,1,0,7.0781618,0.15866586
-7.1525027,0.9910093,0.76661171,1,1,0,7.1755994,0.15016252
-6.7567664,0.97138055,0.76661171,1,3,0,7.5330312,0.26676858
-6.9309608,0.94733552,0.76661171,1,3,0,7.1611442,0.17991097
-6.8557529,1,0.76661171,1,1,0,6.9216888,0.19517426
-6.8557529,0.84458732,0.76661171,1,3,0,8.39559,0.19517426
-6.8720892,0.95785112,0.76661171,1,3,0,7.3130422,0.31541745
-7.30041,0.94554841,0.76661171,2,7,0,7.3838554,0.13604586
-7.4827001,0.98113571,0.76661171,1,1,0,7.5027222,0.1219638
-6.7617328,0.97085488,0.76661171,1,3,0,7.8050508,0.22969114
-6.8100049,0.97588038,0.76661171,2,3,0,6.9734841,0.20780169
-6.8041174,1,0.76661171,1,1,0,6.8161887,0.2097681
-7.301315,0.88921916,0.76661171,2,3,0,7.8308044,0.13596812
-6.7589944,1,0.76661171,2,3,0,7.2249711,0.23179438
-8.0362127,0.74551554,0.76661171,1,3,0,9.0857133,0.091573457
-8.6185711,0.95967213,0.76661171,1,1,0,8.6219101,0.070373376
-7.0270433,0.98766712,0.76661171,3,7,0,8.4416316,0.1651756
-6.7566928,0.97847398,0.76661171,1,3,0,7.2992606,0.26669692
-6.8300191,0.97473428,0.76661171,1,3,0,6.9525499,0.20179448
-7.8383129,0.85843233,0.76661171,1,3,0,8.3065384,0.10089049
-7.9705322,0.99221237,0.76661171,3,7,0,7.9754838,0.094515874
-6.7488859,0.94379558,0.76661171,1,3,0,8.8706197,0.24482754
-7.9710194,0.84122244,0.76661171,3,7,0,8.3790002,0.094493533
-6.7501018,0.99186672,0.76661171,2,7,0,7.7974892,0.25811952
-6.7575187,0.99694846,0.76661171,1,3,0,6.7751324,0.23304214
-7.0855414,0.93036065,0.76661171,1,3,0,7.3645526,0.36069693
-7.0855414,0.54305014,0.76661171,1,3,0,10.561961,0.36069693
-7.0199164,1,0.76661171,1,1,0,7.1093112,0.3487426
-6.8512978,1,0.76661171,2,3,0,6.9859382,0.30945583
-6.7896417,0.97562983,0.76661171,1,3,0,7.0860485,0.21514262
-6.7924649,0.97793589,0.76661171,2,3,0,7.0123258,0.21402309
-6.7924649,0.53711059,0.76661171,1,3,0,11.404938,0.21402309
-7.1222442,0.97057651,0.76661171,3,7,0,7.1425018,0.36691728
-7.1222442,0.93182313,0.76661171,1,1,0,7.3936015,0.36691728
-7.6879486,0.88299129,0.76661171,1,1,0,7.6912386,0.44071641
-7.1867018,1,0.76661171,1,1,0,7.5897454,0.37719909
-7.04055,1,0.76661171,3,7,0,7.1824713,0.35263124
-9.2559637,0.67056894,0.76661171,2,3,0,10.432163,0.56832741
-10.583186,0.91526773,0.76661171,2,3,0,10.861414,0.64242399
-7.6430467,1,0.76661171,3,7,0,9.9371871,0.43582347
-8.171262,0.88605409,0.76661171,1,1,0,8.2575958,0.48748035
-7.8777029,1,0.76661171,2,7,0,8.1153602,0.098923918
-7.7712937,1,0.76661171,1,1,0,7.9467985,0.10438051
-7.9866884,0.97420126,0.76661171,2,3,0,8.4873056,0.093779149
-8.8735839,0.95027964,0.76661171,2,3,0,9.2648639,0.063156129
-8.4075084,1,0.76661171,2,3,0,8.8722377,0.077187765
-7.9623556,1,0.76661171,1,1,0,8.3887293,0.094892048
-6.7814169,0.95246748,0.76661171,1,3,0,8.5373898,0.21865949
-7.04635,0.89530437,0.76661171,2,3,0,8.0375503,0.35370148
-6.8439298,0.94266548,0.76661171,1,3,0,7.6389899,0.19809042
-6.7867689,0.97874998,0.76661171,1,3,0,7.0683722,0.28582361
-6.8549385,0.95712697,0.76661171,1,3,0,7.1133509,0.19536912
-6.9689537,0.94241447,0.76661171,2,7,0,7.5193691,0.33851106
-7.0096864,0.99156712,0.76661171,1,1,0,7.0424689,0.3467645
-6.8860241,1,0.76661171,1,1,0,6.9892466,0.31915591
-7.4944804,0.89856324,0.76661171,2,3,0,7.8831491,0.41873412
-7.2473676,1,0.76661171,3,7,0,7.490331,0.38625694
-7.2979574,0.98895111,0.76661171,1,1,0,7.3874639,0.39342789
-7.2621582,1,0.76661171,1,1,0,7.3865694,0.38838689
-7.2270969,1,0.76661171,1,1,0,7.3434819,0.3832899
-7.1539967,1,0.76661171,1,1,0,7.2752087,0.37207599
-7.0290336,0.83270004,0.76661171,1,3,0,8.4695633,0.16490658
-6.9827627,0.97525339,0.76661171,3,7,0,7.3863366,0.17149989
-6.7488262,1,0.76661171,2,3,0,6.9468925,0.24500846
-6.750782,0.99978949,0.76661171,2,7,0,6.7511362,0.25936321
-6.9283077,0.6904582,0.76661171,2,3,0,10.113776,0.32954325
-6.7797328,0.96894932,0.76661171,1,3,0,7.189526,0.21943512
-6.7780466,0.98833621,0.76661171,1,3,0,6.899595,0.28143139
-6.7780466,0.57824746,0.76661171,1,3,0,9.941735,0.28143139
-6.7823795,0.99972979,0.76661171,2,3,0,6.7866226,0.2836798
-6.7781087,1,0.76661171,1,1,0,6.7858506,0.28146468
-6.9777059,0.92190016,0.76661171,1,3,0,7.3659469,0.17226776
-6.8765392,0.945382,0.76661171,1,3,0,7.6217031,0.31663149
-6.7499643,0.99194015,0.76661171,2,3,0,6.9566813,0.24226319
-6.8917908,0.96892171,0.76661171,1,3,0,7.0008047,0.32065157
-6.7543768,1,0.76661171,2,7,0,6.8676494,0.23608729
-6.7983397,0.99514626,0.76661171,2,3,0,6.8066303,0.21181077
-7.0686069,0.97316072,0.76661171,2,3,0,7.1092875,0.15979104
-7.9340713,0.9401291,0.76661171,3,7,0,7.997726,0.46572405
-8.3132777,0.76218527,0.76661171,2,3,0,10.527131,0.49962568
-8.6375536,0.92792828,0.76661171,1,1,0,8.904725,0.52534122
-7.9950002,1,0.76661171,3,7,0,8.5057276,0.47150745
-7.9704248,0.99306703,0.76661171,3,7,0,8.1858585,0.094520803
-6.7806817,0.92555839,0.76661171,1,3,0,9.3945669,0.28281586
-6.7837942,0.99980542,0.76661171,2,3,0,6.7888487,0.28438428
-6.8158024,0.99393931,0.76661171,1,1,0,6.8166834,0.29778899
-7.1853523,0.84247838,0.76661171,1,3,0,8.0083035,0.14675469
-7.1707336,1,0.76661171,2,3,0,7.2355798,0.14824919
-9.9931687,0.73280278,0.76661171,1,3,0,11.718019,0.040473392
-9.6053818,1,0.76661171,1,1,0,10.064259,0.047012959
-8.9384323,1,0.76661171,2,3,0,9.5865482,0.061473823
-8.7947994,1,0.76661171,1,1,0,9.0616045,0.065279551
-7.287559,1,0.76661171,2,3,0,8.7583036,0.1371597
-7.3769611,0.99048048,0.76661171,1,1,0,7.4175783,0.12976948
-7.4260943,0.99494974,0.76661171,1,1,0,7.4881277,0.12602961
-7.3290198,1,0.76661171,1,1,0,7.4583937,0.13363088
-6.9967018,0.90382571,0.76661171,1,3,0,8.7898077,0.34420198
-7.3096108,0.97847782,0.76661171,2,3,0,7.3135781,0.39503582
-6.7859374,1,0.76661171,2,7,0,7.2182114,0.21667552
-7.4716058,0.92790906,0.76661171,2,3,0,7.4882723,0.12274155
-7.6099754,0.98673055,0.76661171,1,1,0,7.6538788,0.11363216
-6.8107736,0.9129151,0.76661171,1,3,0,8.7855178,0.29592211
-6.7484738,0.99834754,0.76661171,1,3,0,6.8262212,0.25377097
-6.7500461,0.99978263,0.76661171,2,3,0,6.7507261,0.25800929
-6.8001542,0.99426135,0.76661171,2,3,0,6.8069731,0.29173224
-6.8067648,0.99873632,0.76661171,1,1,0,6.8145373,0.29438289
-6.7576497,0.99005378,0.76661171,1,3,0,6.8906459,0.23292753
-6.9292906,0.91678149,0.76661171,2,3,0,7.6355959,0.32977046
-7.0149828,0.98246326,0.76661171,1,1,0,7.0312709,0.34779296
-6.7820351,0.9944241,0.76661171,3,7,0,7.0613135,0.28350622
-7.8353637,0.87628604,0.76661171,2,3,0,8.0823185,0.45603231
-7.1820444,1,0.76661171,2,3,0,7.6946949,0.37648052
-7.6902125,0.8935435,0.76661171,1,1,0,7.7020643,0.4409601
-7.3458149,1,0.76661171,1,1,0,7.6680272,0.39993494
-6.8705567,0.82473647,0.76661171,3,7,0,8.8243325,0.19176919
-6.864144,0.96098612,0.76661171,1,3,0,7.3319404,0.31319849
-6.749698,0.93968153,0.76661171,2,3,0,7.3850268,0.24280946
-6.7911468,0.99539406,0.76661171,2,3,0,6.7942977,0.21454085
-6.9642144,0.98187251,0.76661171,2,3,0,7.0031054,0.17436841
-6.8845377,0.94784882,0.76661171,1,3,0,7.6105567,0.31876572
-6.8185661,0.99082245,0.76661171,2,3,0,6.9846501,0.29878729
-6.7664411,0.7797957,0.76661171,2,3,0,8.831534,0.27448727
-6.8138933,0.80278555,0.76661171,2,3,0,8.6488272,0.29708818
-6.9100149,0.98130948,0.76661171,1,1,0,6.9101097,0.32520482
-6.846736,0.8468255,0.76661171,3,7,0,8.0317146,0.30807518
-6.8962353,0.99020453,0.76661171,1,1,0,6.9039733,0.32178549
-6.7971137,0.99332399,0.76661171,2,3,0,6.965468,0.29045991
-7.2331111,0.83702053,0.76661171,1,3,0,8.0417651,0.1420973
-8.1905986,0.84401795,0.76661171,2,3,0,9.3074127,0.085164983
-8.2923943,0.98988316,0.76661171,3,7,0,8.2998849,0.49787667
-8.8910238,0.95706045,0.76661171,2,3,0,9.0997196,0.54380611
-9.5882708,0.85370917,0.76661171,1,1,0,9.9059152,0.58887053
-7.0642445,0.9236741,0.76661171,2,3,0,10.311276,0.35694476
-7.2771977,0.95517146,0.76661171,1,1,0,7.2990484,0.39052382
-7.2715436,0.97571288,0.76661171,2,7,0,7.624006,0.13857435
-6.7603314,0.9446182,0.76661171,3,7,0,8.0545459,0.26994631
-6.7486275,0.99345722,0.76661171,2,3,0,6.8164039,0.25436767
-6.8786169,0.96756014,0.76661171,1,3,0,6.9915638,0.19001411
-6.9773529,0.99547931,0.76661171,2,3,0,6.9782974,0.17232174
-6.9094143,0.99969665,0.76661171,2,7,0,6.9676443,0.32505867
-7.4610052,0.87436956,0.76661171,3,7,0,8.0007127,0.12349318
-6.7827092,0.97484027,0.76661171,1,3,0,7.6766111,0.21807837
-7.5263488,0.94518372,0.76661171,2,3,0,7.5275907,0.42252709
-7.4832616,0.989984,0.76661171,3,7,0,7.7177093,0.12192467
-6.7781932,0.9732131,0.76661171,1,3,0,7.7281525,0.2201636
-6.7781932,0.82015036,0.76661171,1,3,0,8.2719789,0.2201636
-8.0700888,0.76819111,0.76661171,1,3,0,8.9894721,0.09010862
-7.8442173,1,0.76661171,1,1,0,8.1009785,0.10059184
-7.708417,1,0.76661171,1,1,0,7.8963749,0.10783385
-6.7537204,0.98434244,0.76661171,3,7,0,7.8391334,0.26350038
-7.0469568,0.91963782,0.76661171,1,3,0,7.3760435,0.16253646
-6.7660995,0.97186945,0.76661171,1,3,0,7.3936393,0.27425468
-6.8258014,0.98278168,0.76661171,3,7,0,6.9128538,0.20298621
-6.8371601,0.97095956,0.76661171,1,3,0,7.1556382,0.30507663
-7.6034357,0.7008472,0.76661171,1,3,0,9.1502879,0.11403589
-6.7588653,0.99487331,0.76661171,2,7,0,7.4816483,0.26870213
-6.7492902,0.99271088,0.76661171,2,3,0,6.8209279,0.25633089
-6.7515829,0.99876874,0.76661171,2,7,0,6.7597069,0.23955102
-7.2178757,0.94714986,0.76661171,2,3,0,7.2204958,0.1435475
-8.5973475,0.87850924,0.76661171,2,3,0,8.9328118,0.071021425
-8.3803711,1,0.76661171,1,1,0,8.6675413,0.078127626
-8.6365903,0.98384246,0.76661171,1,1,0,8.7092455,0.069829267
-8.2429163,1,0.76661171,1,1,0,8.6442182,0.083139092
-7.6007763,0.99306563,0.76661171,2,3,0,8.5268254,0.11420077
-7.5729667,0.98528769,0.76661171,2,3,0,8.0741895,0.1159498
-7.1314877,0.99446788,0.76661171,2,3,0,7.727065,0.15244086
-7.3750868,0.97221622,0.76661171,2,3,0,7.6121239,0.12991635
-6.793011,0.93612591,0.76661171,1,3,0,8.193364,0.28868251
-6.776477,1,0.76661171,1,1,0,6.7915331,0.28057909
-6.7638851,0.99083798,0.76661171,2,7,0,6.8548963,0.2281878
-7.2416895,0.96061808,0.76661171,2,3,0,7.243264,0.38543153
-6.9150813,0.88102422,0.76661171,1,3,0,8.251321,0.18277209
-6.7575216,0.99552534,0.76661171,1,3,0,6.9428554,0.23303962
-6.7951835,0.99551577,0.76661171,2,3,0,6.806504,0.21298079
-7.696608,0.84195083,0.76661171,2,3,0,8.2624201,0.10850319
-6.7536453,0.96021977,0.76661171,1,3,0,8.2525133,0.23690222
-6.7523536,1,0.76661171,1,1,0,6.7538165,0.23848718
-6.7483652,0.9994673,0.76661171,1,3,0,6.7572026,0.25328558
-6.7527533,0.99696577,0.76661171,2,3,0,6.7737231,0.26228915
-6.9763301,0.93674729,0.76661171,1,3,0,7.2245389,0.17247845
-6.9403539,0.9336185,0.76661171,1,3,0,7.7785947,0.33229007
-6.9257915,1,0.76661171,1,1,0,6.967832,0.32895891
-6.9359121,0.94693467,0.76661171,3,7,0,7.3715422,0.17904933
-7.0171393,0.99642879,0.76661171,2,3,0,7.0243327,0.16653253
-6.8305013,0.95267705,0.76661171,1,3,0,7.5798492,0.30290199
-7.2869145,0.92029705,0.76661171,3,7,0,7.520442,0.39188956
-7.1895932,1,0.76661171,2,7,0,7.2699716,0.14632746
-7.3570735,0.98154632,0.76661171,1,1,0,7.3713385,0.13134445
-6.9219155,0.99096184,0.76661171,3,7,0,7.4033064,0.18152175
-6.8939806,0.95071597,0.76661171,1,3,0,7.5312722,0.32121224
-7.4531738,0.86941664,0.76661171,3,7,0,8.0227618,0.12405391
-7.3320251,0.98806404,0.76661171,2,3,0,7.7927254,0.13338217
-8.322407,0.94411823,0.76661171,3,7,0,8.3657558,0.50038644
-8.3618189,0.99094323,0.76661171,1,1,0,8.6987045,0.50364443
-8.4211445,0.98640016,0.76661171,1,1,0,8.7619439,0.50847053
-8.6343005,0.95203948,0.76661171,1,1,0,8.9508867,0.52509559
-8.1832277,1,0.76661171,2,7,0,8.5407378,0.085456023
-8.5888556,0.9729556,0.76661171,1,1,0,8.6177329,0.071282925
-6.8139284,0.96089212,0.76661171,1,3,0,9.5657054,0.20654771
-7.3649098,0.94515211,0.76661171,2,3,0,7.4021263,0.13071945
-7.321811,1,0.76661171,1,1,0,7.4188086,0.13423122
-8.4106562,0.93032805,0.76661171,2,3,0,8.5885014,0.077079748
-6.8825508,0.94269958,0.76661171,1,3,0,8.9924777,0.1891802
-6.9237938,0.9942587,0.76661171,1,1,0,6.9327096,0.18118324
-8.3807045,0.83195221,0.76661171,1,3,0,9.0511556,0.078115982
-8.1370921,1,0.76661171,1,1,0,8.4260391,0.087310395
-6.7532197,0.9881792,0.76661171,3,7,0,8.1192538,0.23740169
-7.2080543,0.825731,0.76661171,3,7,0,8.525396,0.14449958
-7.079336,0.99843625,0.76661171,2,7,0,7.1931381,0.35961512
-6.9024601,1,0.76661171,2,3,0,7.0456081,0.32334753
-7.0530146,0.86031861,0.76661171,1,3,0,7.9517708,0.16175582
-7.5400748,0.94138589,0.76661171,3,7,0,7.9183464,0.42413806
-7.482172,1,0.76661171,1,1,0,7.666814,0.41724877
-9.6245245,0.55819637,0.76661171,3,7,0,11.626838,0.59102042
-6.9248146,0.95350577,0.76661171,2,3,0,10.04416,0.32873103
-6.8352365,0.95077151,0.76661171,1,3,0,7.3787082,0.20036672
-6.9013348,0.99231396,0.76661171,2,7,0,6.9468096,0.32306733
-7.1999067,0.96073421,0.76661171,2,7,0,7.2988392,0.14530002
-6.7860524,0.95087668,0.76661171,1,3,0,7.7972793,0.28548187
-6.7860524,0.69920954,0.76661171,1,3,0,8.8996507,0.28548187
-6.8168268,0.9941612,0.76661171,1,1,0,6.8180628,0.29816121
-6.804243,0.99381802,0.76661171,2,3,0,6.891204,0.29338919
-7.0680818,0.95902342,0.76661171,2,3,0,7.2048139,0.35762918
-7.2308739,0.96561467,0.76661171,1,1,0,7.2603783,0.38384706
-7.2308739,0.86143559,0.76661171,1,1,0,7.7573129,0.38384706
-7.175951,1,0.76661171,2,7,0,7.2312121,0.14771186
-6.7489727,0.9754065,0.76661171,1,3,0,7.4845896,0.25547756
-7.0852116,0.91568357,0.76661171,1,3,0,7.3926028,0.15776504
-6.748061,1,0.76661171,2,3,0,7.0312527,0.24889371
-6.7499473,0.99942158,0.76661171,2,3,0,6.7529483,0.25781006
-6.907104,0.73486979,0.76661171,2,3,0,9.5459783,0.32449403
-7.1783266,0.96357277,0.76661171,2,7,0,7.2803825,0.14746865
-7.1390914,1,0.76661171,1,1,0,7.2136611,0.15160714
-6.7561228,1,0.76661171,2,3,0,7.0865197,0.23431859
-6.8037233,0.9866272,0.76661171,1,3,0,6.8854904,0.29318181
-6.816553,0.99753709,0.76661171,1,1,0,6.8234848,0.29806198
-6.9083075,0.98769847,0.76661171,2,7,0,6.9482741,0.1840416
-6.9929019,0.93985093,0.76661171,1,3,0,7.7191479,0.34344051
-6.9849522,1,0.76661171,2,7,0,7.0045217,0.17117059
-6.9253677,1,0.76661171,1,1,0,6.9869542,0.18090123
-6.915323,1,0.76661171,1,1,0,6.9455964,0.18272737
-6.8752793,1,0.76661171,1,1,0,6.9180044,0.19073307
-7.0464855,0.92706436,0.76661171,1,3,0,7.7349099,0.35372637
-6.759786,0.97403352,0.76661171,1,3,0,7.2770204,0.23116082
-6.7506327,0.99782002,0.76661171,1,3,0,6.7799433,0.2591046
-6.8893338,0.9618265,0.76661171,1,3,0,7.0345495,0.18777493
-6.7507131,0.98884086,0.76661171,1,3,0,7.0074656,0.25924482
-6.8691168,0.98671309,0.76661171,2,3,0,6.8829585,0.31459524
-7.2166626,0.92172659,0.76661171,3,7,0,7.5516123,0.14366435
-7.1999072,1,0.76661171,1,1,0,7.2692385,0.14529997
-7.2060075,0.99990196,0.76661171,3,7,0,7.2139089,0.14469975
-7.4489679,0.97386328,0.76661171,1,1,0,7.4542505,0.12435699
-7.3875406,0.98678153,0.76661171,2,3,0,7.832682,0.12894646
-8.3723188,0.93627396,0.76661171,2,3,0,8.5862263,0.078409514
-8.9887781,0.97616009,0.76661171,2,7,0,9.0001932,0.55059731
-8.4270263,1,0.76661171,1,1,0,9.1039239,0.50894404
-7.7223356,1,0.76661171,3,7,0,8.3631826,0.10705359
-7.6578642,1,0.76661171,1,1,0,7.7994648,0.11074807
-7.1392358,0.98503535,0.76661171,2,7,0,7.8299117,0.3697018
-6.7780037,0.99829833,0.76661171,3,7,0,7.121783,0.22025464
-6.7605546,0.99287486,0.76661171,1,3,0,6.8487754,0.27012933
-7.0528983,0.90875742,0.76661171,1,3,0,7.4400719,0.16177071
-6.9426598,0.99353455,0.76661171,2,3,0,7.1853154,0.17789669
-6.8795779,0.94879965,0.76661171,3,7,0,7.5140474,0.31744936
-6.7480347,0.99575889,0.76661171,1,3,0,6.9258761,0.25063704
-6.8203684,0.94932895,0.76661171,2,3,0,7.2101871,0.29942848
-6.7495692,0.9265831,0.76661171,2,3,0,7.4443681,0.25699666
-6.7480316,0.99990438,0.76661171,1,3,0,6.7504913,0.24944494
-6.7866827,0.99160499,0.76661171,1,3,0,6.8113795,0.21636085
-7.4538521,0.89510429,0.76661171,1,3,0,7.7617308,0.12400515
-7.733885,0.99122429,0.76661171,2,3,0,7.7477233,0.1064131
-6.862834,0.91199181,0.76661171,1,3,0,9.3002981,0.31282596
-6.7615354,0.98428957,0.76661171,2,3,0,7.0280687,0.22983498
-8.1024739,0.73656598,0.76661171,1,3,0,9.2002387,0.088740122
-7.6703923,0.98643612,0.76661171,3,7,0,8.2915884,0.1100138
-7.739344,0.993878,0.76661171,1,1,0,7.8217645,0.10611252
-7.7401066,0.99993322,0.76661171,1,1,0,7.8544981,0.10607065
-7.6292752,1,0.76661171,1,1,0,7.7952335,0.11245474
-8.4275285,0.96194888,0.76661171,3,7,0,8.5920626,0.50898443
-9.9409047,0.90279206,0.76661171,2,3,0,10.047042,0.60909197
-10.613222,0.86472466,0.76661171,1,1,0,11.15715,0.6438851
-8.316876,1,0.76661171,1,1,0,10.121917,0.49992581
-7.4138137,0.97496056,0.76661171,3,7,0,8.8141703,0.12694506
-7.7007319,0.97252161,0.76661171,1,1,0,7.7115068,0.10826867
-6.8026094,0.9662687,0.76661171,1,3,0,8.0004303,0.21028972
-7.4769922,0.86530157,0.76661171,1,3,0,8.2254912,0.41662018
-7.6447417,0.98761443,0.76661171,2,3,0,7.7581551,0.43601028
-6.8644924,1,0.76661171,3,7,0,7.5253825,0.31329726
-6.9804682,0.97683142,0.76661171,1,1,0,6.9833863,0.34091026
-6.8864113,0.92327569,0.76661171,1,3,0,7.654329,0.18837549
-7.0030136,0.9841526,0.76661171,1,1,0,7.0033762,0.16852304
-6.7659703,0.97252946,0.76661171,1,3,0,7.3085085,0.27416619
-7.149671,0.95618915,0.76661171,2,7,0,7.1597858,0.15046485
-6.7481158,0.98534621,0.76661171,2,7,0,7.3854197,0.24828774
-6.90753,0.82611664,0.76661171,2,3,0,8.5348179,0.32459844
-6.8629026,0.9852457,0.76661171,2,3,0,7.073728,0.31284552
-6.8752851,0.9377617,0.76661171,1,3,0,7.3648144,0.19073182
-6.7525883,1,0.76661171,2,3,0,6.8620912,0.23818277
-7.2802832,0.89986097,0.76661171,1,3,0,7.6226151,0.39095876
-7.522274,0.94760812,0.76661171,1,1,0,7.5801955,0.42204625
-6.7832711,1,0.76661171,2,3,0,7.3928875,0.21782933
-6.771164,0.98440813,0.76661171,3,7,0,6.9386945,0.22377185
-6.8881159,0.96936145,0.76661171,1,3,0,7.0985867,0.31970171
-6.8262236,0.98986032,0.76661171,2,3,0,6.9995619,0.30146145
-7.2286398,0.89729289,0.76661171,3,7,0,7.7021964,0.1425196
-6.7495517,0.97362105,0.76661171,2,7,0,7.5912491,0.25695663
-6.8742948,0.98632448,0.76661171,2,3,0,6.8857375,0.31602166
-6.8718997,0.99925659,0.76661171,3,7,0,6.8967782,0.31536531
-6.98763,0.97680688,0.76661171,1,1,0,6.9913995,0.34237505
-7.0070038,0.99941939,0.76661171,3,7,0,7.0078781,0.34623996
-6.7524539,0.98279799,0.76661171,1,3,0,7.1660716,0.23835617
-6.7556723,0.99946281,0.76661171,1,1,0,6.7557818,0.23475442
-7.3046561,0.9526769,0.76661171,2,3,0,7.3134996,0.39435409
-6.9713521,0.84774155,0.76661171,1,3,0,8.5698785,0.17324739
-6.9146189,1,0.76661171,1,1,0,6.9730626,0.18285778
-6.7510916,0.98918292,0.76661171,1,3,0,7.0546177,0.2598787
-6.9370123,0.94897183,0.76661171,1,3,0,7.1316091,0.17885972
-6.914669,1,0.76661171,1,1,0,6.9516786,0.18284848
-6.9410368,0.99880079,0.76661171,2,3,0,6.9576192,0.1781717
-9.6721401,0.87862211,0.76661171,2,3,0,9.6756187,0.59381843
-8.0018632,1,0.76661171,2,3,0,9.3222052,0.47214994
-7.9264975,1,0.76661171,1,1,0,8.2209968,0.4649949
-7.8237292,1,0.76661171,1,1,0,8.1090981,0.45486188
-8.0895125,0.79393519,0.76661171,2,3,0,10.074195,0.48020491
-8.5858093,0.97002984,0.76661171,3,7,0,8.7695638,0.52140651
-8.7099196,0.97183182,0.76661171,1,1,0,9.0857793,0.53074635
-8.4837612,1,0.76661171,1,1,0,8.9856247,0.51346682
-7.9772227,1,0.76661171,2,7,0,8.3705935,0.094209736
-6.8328919,0.95696583,0.76661171,1,3,0,8.3731057,0.20100226
-6.8190263,0.97156828,0.76661171,1,3,0,7.1297317,0.29895173
-6.7559351,0.99943092,0.76661171,2,3,0,6.825538,0.26594086
-6.7482001,0.99981485,0.76661171,1,3,0,6.7573587,0.25236616
-8.3685974,0.80630537,0.76661171,3,7,0,8.7490633,0.078540264
-6.7670505,0.92190908,0.76661171,1,3,0,10.165732,0.27489699
-7.162741,0.87283485,0.76661171,1,3,0,7.7196777,0.14908106
-7.8183465,0.94862125,0.76661171,2,3,0,8.0071268,0.10191072
-6.76198,0.96999252,0.76661171,1,3,0,8.3959913,0.22951246
-6.7551892,0.99292468,0.76661171,3,7,0,6.8279576,0.23523672
-6.7482603,0.9993378,0.76661171,1,3,0,6.7613746,0.25273676
-7.2107874,0.89130726,0.76661171,1,3,0,7.6187961,0.14423325
-7.1724684,1,0.76661171,1,1,0,7.2503714,0.14807003
-6.7503899,0.99875086,0.76661171,2,7,0,7.1047136,0.25866772
-6.911629,0.95856037,0.76661171,1,3,0,7.0753878,0.18341523
-6.8555258,1,0.76661171,2,3,0,6.9070767,0.19522851
-6.759352,0.99896804,0.76661171,3,7,0,6.853435,0.23150534
-6.7499274,0.99614939,0.76661171,2,3,0,6.7954819,0.2423365
-6.748962,0.99945513,0.76661171,2,7,0,6.7548259,0.25544651
-7.3394638,0.94064625,0.76661171,2,3,0,7.3906867,0.39908569
-7.0980824,1,0.76661171,2,3,0,7.3111149,0.36285573
-6.7575148,1,0.76661171,2,3,0,7.0904301,0.2674815
-7.0524653,0.91151736,0.76661171,1,3,0,7.4180932,0.1618262
-7.6405559,0.95133971,0.76661171,2,3,0,7.7922394,0.11177607
-7.4584328,0.9942234,0.76661171,3,7,0,7.6551093,0.12367685
-6.7550226,0.97817714,0.76661171,2,7,0,7.8128971,0.23540694
-7.6086632,0.82772531,0.76661171,1,3,0,8.2404535,0.11371297
-8.0912039,0.95911175,0.76661171,1,1,0,8.0923899,0.089212898
-7.7600353,1,0.76661171,1,1,0,8.0861808,0.10498561
-8.2312424,0.96268964,0.76661171,1,1,0,8.2362908,0.083585187
-7.8837424,1,0.76661171,1,1,0,8.2298529,0.098627656
-7.897592,0.99886716,0.76661171,1,1,0,8.0188292,0.097953408
-7.5324839,1,0.76661171,2,3,0,7.871653,0.11858052
-6.8112534,1,0.76661171,2,3,0,7.4587054,0.20739805
-6.8025529,0.97907923,0.76661171,1,3,0,7.0365672,0.29271142
-6.8155446,0.99243827,0.76661171,2,3,0,6.8899498,0.29769491
-6.7887429,0.97681777,0.76661171,2,7,0,7.0111785,0.21550759
-6.7783983,0.94705772,0.76661171,3,7,0,7.2771482,0.28161945
-7.1262756,0.87576065,0.76661171,1,3,0,7.7024726,0.15301867
-6.9951435,1,0.76661171,2,3,0,7.1148504,0.16966194
-6.7486233,0.98847774,0.76661171,2,3,0,7.1644764,0.24568091
-6.8210114,0.98397436,0.76661171,1,3,0,6.8743116,0.29965541
-7.2316046,0.82307133,0.76661171,1,3,0,8.1425834,0.14223928
-7.1512518,1,0.76661171,1,1,0,7.2516978,0.15029589
-7.0583594,0.940539,0.76661171,2,3,0,8.01379,0.16107523
-6.9938889,0.99897639,0.76661171,2,7,0,7.0543436,0.34363882
-7.213835,0.93290619,0.76661171,2,3,0,7.6771864,0.38131731
-6.9200315,0.96976346,0.76661171,2,3,0,7.5124158,0.32760682
-7.5920425,0.84391492,0.76661171,3,7,0,8.272901,0.11474515
-7.3486823,0.99456151,0.76661171,3,7,0,7.6426527,0.40031698
-7.3486823,0.9376715,0.76661171,1,1,0,7.6357051,0.40031698
-6.7950846,0.99490999,0.76661171,3,7,0,7.3731628,0.21301813
-7.0399,0.97921779,0.76661171,2,7,0,7.0500148,0.35251069
-9.3723531,0.6596665,0.76661171,2,3,0,10.574628,0.57570104
-8.4028078,1,0.76661171,1,1,0,9.3209417,0.50698865
-8.278859,1,0.76661171,1,1,0,8.6795962,0.49673648
-7.7007396,0.46939151,0.76661171,2,5,0,13.163138,0.10826823
-6.9918753,1,0.76661171,2,3,0,7.7235887,0.17014148
-6.9285231,1,0.76661171,1,1,0,6.9930002,0.18034032
-7.466637,0.95370153,0.76661171,2,3,0,7.5652814,0.12309281
-7.211465,1,0.76661171,2,3,0,7.4433423,0.14416738
-6.7512621,0.96980248,0.76661171,1,3,0,7.5867675,0.26015172
-7.3887029,0.83318274,0.76661171,1,3,0,8.0586533,0.12885665
-6.7999786,0.93274207,0.76661171,1,3,0,8.2562733,0.29165973
-7.0438029,0.97083818,0.76661171,2,7,0,7.0734797,0.16294686
-7.0450657,0.99997767,0.76661171,3,7,0,7.0504395,0.16278221
-7.1679686,0.98510382,0.76661171,1,1,0,7.1780869,0.14853576
-6.8886094,0.99678491,0.76661171,3,7,0,7.1449681,0.31982993
-7.1233702,0.94807366,0.76661171,2,3,0,7.4028412,0.36710358
-6.9162541,1,0.76661171,2,3,0,7.0827123,0.32670877
-6.9444032,0.89874479,0.76661171,1,3,0,7.6864303,0.17760279
-6.7686945,0.97560398,0.76661171,1,3,0,7.208244,0.27597201
-6.7686945,0.96889481,0.76661171,1,3,0,6.9872951,0.27597201
-7.0809169,0.86063406,0.76661171,3,7,0,7.8941881,0.3598916
-8.1682355,0.73914031,0.76661171,3,7,0,9.394755,0.086052378
-6.7678309,0.95974425,0.76661171,1,3,0,9.0101503,0.22568672
-6.9621752,0.92529209,0.76661171,2,3,0,7.5893667,0.3370718
-6.8085647,0.96128621,0.76661171,1,3,0,7.3586787,0.20827291
-6.8037861,0.97919453,0.76661171,1,3,0,7.0330932,0.29320692
-6.8262366,0.99568256,0.76661171,1,1,0,6.8312429,0.30146589
-6.8861833,0.99608721,0.76661171,2,3,0,6.8894623,0.31919759
-7.279548,0.78831765,0.76661171,1,3,0,8.5051154,0.13786356
-7.0368911,1,0.76661171,1,1,0,7.2502662,0.16385608
-7.1020793,0.99193416,0.76661171,1,1,0,7.1231176,0.15577205
-8.1646234,0.93404633,0.76661171,3,7,0,8.1746328,0.086196947
-7.7515999,0.98467459,0.76661171,3,7,0,8.391981,0.10544269
-8.0448489,0.97605128,0.76661171,1,1,0,8.0732941,0.091196707
-6.7485734,0.99162534,0.76661171,2,7,0,7.8578226,0.24586331
-6.7626108,0.99632056,0.76661171,1,3,0,6.7772268,0.27174593
-6.7790287,0.99274771,0.76661171,3,7,0,6.8254381,0.28195394
-6.8267201,0.99100306,0.76661171,1,1,0,6.8267201,0.30163049
-6.9293746,0.97987844,0.76661171,1,1,0,6.929841,0.32978985
-6.8518476,1,0.76661171,1,1,0,6.9187005,0.30962031
-7.5282356,0.82928417,0.76661171,3,7,0,8.3331021,0.11886266
-8.7008535,0.90084985,0.76661171,3,7,0,9.5037334,0.53007527
-6.7485225,1,0.76661171,2,3,0,8.5122409,0.24605809
-6.7904126,0.98226137,0.76661171,2,3,0,6.905749,0.28751685
-6.7954856,0.99500636,0.76661171,2,3,0,6.8508568,0.28976333
-6.881005,0.95611715,0.76661171,3,7,0,7.1397742,0.31783045
-6.8539944,1,0.76661171,1,1,0,6.8888278,0.31025865
-6.8045124,1,0.76661171,1,1,0,6.8460365,0.29349633
-6.8357066,0.99399074,0.76661171,1,1,0,6.8394236,0.30460859
-6.7539552,0.99986652,0.76661171,3,7,0,6.8256905,0.23655069
-7.2272833,0.94685049,0.76661171,2,3,0,7.2314165,0.14264826
-12.144691,0.76299326,0.76661171,2,5,0,12.261278,0.018456406
-7.6875697,0.9508739,0.76661171,2,5,0,11.852563,0.1090201
-7.7015578,0.99875013,0.76661171,1,1,0,7.8060219,0.1082218
-7.2491564,0.94460984,0.76661171,2,3,0,8.7888957,0.14060366
-7.0336732,1,0.76661171,1,1,0,7.2235552,0.16428409
-6.7501664,1,0.76661171,2,3,0,6.991537,0.24187362
-6.8412635,0.97874574,0.76661171,1,3,0,6.9207548,0.30637906
-6.7483242,0.99535012,0.76661171,1,3,0,6.887084,0.2469339
-6.9656426,0.97852698,0.76661171,2,3,0,6.9721125,0.3378106
-7.109545,0.97026937,0.76661171,1,1,0,7.1237587,0.36479809
-7.7569229,0.86731005,0.76661171,1,1,0,7.7575586,0.44801787
-7.1022788,1,0.76661171,1,1,0,7.6134504,0.36357015
-6.9373386,1,0.76661171,1,1,0,7.0755856,0.33161011
-6.9690605,0.88556708,0.76661171,1,3,0,7.8071815,0.17360488
-6.7698731,0.97379757,0.76661171,2,7,0,7.2615278,0.27671754
-6.7614981,1,0.76661171,1,1,0,6.7689879,0.27088586
-6.7503957,0.99803792,0.76661171,1,3,0,6.7816961,0.24145353
-6.7500011,0.99998904,0.76661171,3,7,0,6.7505536,0.24219078
-6.7500011,0.86623135,0.76661171,1,3,0,7.7409517,0.24219078
-6.7480345,0.99993376,0.76661171,1,3,0,6.7506195,0.24936928
-6.7806623,0.99313645,0.76661171,1,3,0,6.8006076,0.28280588
-6.7480226,0.98756321,0.76661171,2,3,0,6.8887879,0.24983205
-7.198687,0.89510086,0.76661171,1,3,0,7.5703638,0.14542069
-6.7666991,1,0.76661171,3,7,0,7.1352633,0.27466149
-6.7480219,0.99927197,0.76661171,1,3,0,6.7745448,0.24992384
-7.2716785,0.9460448,0.76661171,2,7,0,7.2716839,0.1385623
-7.3214456,0.99626615,0.76661171,2,7,0,7.3501744,0.39665302
-7.2199776,1,0.76661171,1,1,0,7.370947,0.38223414
-7.0055993,1,0.76661171,1,1,0,7.1867894,0.34596434
-7.0985658,0.82380165,0.76661171,1,3,0,8.3474728,0.15618201
-6.7621729,0.97091709,0.76661171,1,3,0,7.4695611,0.27141138
-6.7504738,0.99796028,0.76661171,1,3,0,6.7832152,0.24131512
-6.8666868,0.93744624,0.76661171,2,3,0,7.3585743,0.31391612
-7.1875918,0.82373938,0.76661171,1,3,0,8.199162,0.14652874
-7.2158639,0.9967654,0.76661171,1,1,0,7.2649162,0.1437414
-7.0555851,1,0.76661171,1,1,0,7.2022596,0.16142757
-7.5409346,0.8566495,0.76661171,1,3,0,9.2325388,0.42423852
-6.7480835,1,0.76661171,2,3,0,7.4480363,0.24861262
-7.2014257,0.89609143,0.76661171,1,3,0,7.5656228,0.14515005
-6.7539924,0.88540996,0.76661171,3,7,0,8.8589905,0.2365092
-6.7599399,0.99609807,0.76661171,1,3,0,6.7913858,0.26962145
-6.7542652,1,0.76661171,2,3,0,6.7590259,0.26413842
-6.7583266,0.98460968,0.76661171,2,3,0,6.8850181,0.26822462
-7.0721351,0.90800501,0.76661171,1,3,0,7.465327,0.15935499
-6.7600266,0.9709639,0.76661171,1,3,0,7.4057654,0.26969381
-6.7613783,0.99975388,0.76661171,1,1,0,6.7631294,0.27079128
-6.9249191,0.9795707,0.76661171,2,3,0,6.9651433,0.32875544
-6.7550228,0.90858748,0.76661171,2,3,0,7.7293184,0.23540676
-6.7490627,1,0.76661171,3,7,0,6.7539929,0.25573223
-7.3107287,0.86281791,0.76661171,1,3,0,7.8491124,0.13516477
-7.1555912,1,0.76661171,1,1,0,7.3068323,0.14983437
-6.7482883,0.98601532,0.76661171,1,3,0,7.3872929,0.2471212
-6.8942413,0.86325234,0.76661171,2,3,0,8.1291586,0.32127874
-6.8549185,0.91406635,0.76661171,3,7,0,7.5288929,0.31053159
-6.9251089,0.98604275,0.76661171,1,1,0,6.931255,0.32879976
-6.980518,0.88725362,0.76661171,1,3,0,7.8102311,0.17183948
-6.8947424,1,0.76661171,1,1,0,6.9718482,0.18668229
-6.8784378,0.95599891,0.76661171,1,3,0,7.4263754,0.31714352
-6.984627,0.96829502,0.76661171,2,3,0,7.2047484,0.34176333
-7.0200531,0.99263423,0.76661171,1,1,0,7.0572957,0.3487688
-7.0449483,0.9947768,0.76661171,1,1,0,7.092182,0.35344372
-6.8126138,0.95625412,0.76661171,1,3,0,7.5200316,0.20696318
-6.8923808,0.99250703,0.76661171,3,7,0,6.9136996,0.32080302
-7.4057248,0.93406121,0.76661171,2,7,0,7.5076616,0.12755493
-8.2957237,0.88871955,0.76661171,3,7,0,9.5554484,0.081162356
-8.1730958,1,0.76661171,1,1,0,8.3889277,0.085858396
-8.0249814,1,0.76661171,1,1,0,8.2453284,0.092066865
-8.475708,0.96810487,0.76661171,1,1,0,8.4913692,0.074892651
-9.2852273,0.95429114,0.76661171,1,1,0,9.2852301,0.053368177
-7.3817402,0.9856124,0.76661171,3,7,0,9.1662595,0.12939644
-6.8038351,1,0.76661171,2,3,0,7.3291332,0.20986519
-6.7867418,0.98326357,0.76661171,1,3,0,6.9787311,0.28581072
-6.9895842,0.97090173,0.76661171,3,7,0,7.0485544,0.17048003
-6.7497402,1,0.76661171,2,3,0,6.954022,0.24271999
-6.769164,0.99808115,0.76661171,2,7,0,6.769423,0.27627136
-6.7547016,0.9722541,0.76661171,2,3,0,7.0032293,0.2646301
-7.2894682,0.85551047,0.76661171,1,3,0,7.8934292,0.13699304
-7.1168104,0.89384263,0.76661171,1,3,0,9.0006406,0.3660146
-6.9469296,1,0.76661171,1,1,0,7.0898077,0.33375612
-7.0375436,0.96024231,0.76661171,2,3,0,7.3672436,0.35207266
-6.7569622,0.97690163,0.76661171,1,3,0,7.2449573,0.23353854
-6.9698779,0.9766977,0.76661171,2,3,0,6.9801694,0.17347711
-6.7553847,0.98267092,0.76661171,1,3,0,7.1854778,0.26536928
-7.6743598,0.90394931,0.76661171,2,3,0,7.8025754,0.43924775
-8.0946553,0.95712946,0.76661171,3,7,0,8.2898147,0.089067724
-7.8822799,1,0.76661171,1,1,0,8.1328296,0.098699269
-7.6064916,1,0.76661171,2,3,0,7.8811244,0.11384693
-6.7997848,0.9702637,0.76661171,1,3,0,7.8559956,0.21128836
-7.312859,0.9594768,0.76661171,2,7,0,7.3154795,0.39548125
-6.7709041,0.99953256,0.76661171,2,3,0,7.3314773,0.27735404
-7.9074819,0.87308623,0.76661171,2,3,0,8.1331319,0.46315389
-7.2738318,0.99462684,0.76661171,3,7,0,8.122646,0.13837038
-7.1291427,0.88878158,0.76661171,1,3,0,8.9899958,0.36805464
-7.0628187,1,0.76661171,1,1,0,7.1613021,0.35668946
-6.7512983,0.98206856,0.76661171,2,3,0,7.2329947,0.23997328
-6.8991415,0.89677565,0.76661171,3,7,0,7.6725132,0.32251846
-6.7885581,0.97306883,0.76661171,1,3,0,7.1719457,0.21558316
-6.7521227,1,0.76661171,2,3,0,6.7882961,0.23879501
-6.907189,0.98281274,0.76661171,2,3,0,6.9133739,0.18425425
-9.2716391,0.85315327,0.76661171,2,7,0,9.2717142,0.053660076
-9.7603805,0.9789398,0.76661171,1,1,0,9.8115672,0.044261124
-9.9132588,0.99420148,0.76661171,1,1,0,10.082831,0.04172964
-6.9865537,0.89705399,0.76661171,1,3,0,11.686142,0.17093089
-7.1428449,0.98046295,0.76661171,1,1,0,7.1449836,0.15119954
-6.7720741,0.98797191,0.76661171,1,3,0,7.2247625,0.22327466
-7.7475609,0.92654582,0.76661171,2,3,0,7.7598367,0.44704133
-7.4358465,1,0.76661171,1,1,0,7.755041,0.4115503
-7.2576452,1,0.76661171,1,1,0,7.4607983,0.38774002
-7.5486593,0.98441603,0.76661171,2,7,0,7.5495343,0.11751696
-6.7613352,0.94030762,0.76661171,1,3,0,8.3439341,0.27075709
-6.7907777,0.98428496,0.76661171,1,3,0,6.8850476,0.21468738
-6.8267808,0.99449508,0.76661171,1,1,0,6.8271355,0.20270632
-7.1281128,0.93255993,0.76661171,2,3,0,7.7430272,0.36788545
-7.0924398,0.81883625,0.76661171,1,3,0,8.6152781,0.15690325
-6.9843421,0.99256585,0.76661171,2,3,0,7.2517469,0.17126216
-7.7475826,0.94846928,0.76661171,3,7,0,7.750049,0.1056615
-8.1389537,0.96848548,0.76661171,1,1,0,8.1516935,0.087234457
-6.7517179,0.98864881,0.76661171,3,7,0,8.1123301,0.23935677
-6.7486542,0.99852776,0.76661171,2,3,0,6.7651661,0.24557182
-6.7584408,0.99723919,0.76661171,1,3,0,6.7702871,0.26832682
-7.5584788,0.7756139,0.76661171,1,3,0,8.5299925,0.11687945
-7.284766,0.99284299,0.76661171,3,7,0,7.6419426,0.13740425
-7.0102317,0.9037863,0.76661171,1,3,0,8.7178926,0.34687082
-7.0933322,0.99412878,0.76661171,3,7,0,7.1135731,0.15679766
-6.8340471,0.99866784,0.76661171,2,3,0,7.1210537,0.20068789
-6.7618888,0.98776679,0.76661171,1,3,0,6.9657779,0.27119167
-6.8191399,0.97500856,0.76661171,1,3,0,6.9500513,0.20494404
-7.1319767,0.91709212,0.76661171,1,3,0,7.7133101,0.36851914
-6.7522527,0.97817732,0.76661171,2,3,0,7.3383502,0.23862062
-6.7522527,0.87991782,0.76661171,1,3,0,7.649046,0.23862062
-7.5743193,0.73006799,0.76661171,3,7,0,9.7062498,0.11586366
-7.8672453,0.9874684,0.76661171,2,7,0,7.8699224,0.45920843
-8.7208354,0.82148141,0.76661171,1,1,0,8.8068147,0.53155208
-7.6370144,1,0.76661171,1,1,0,8.500694,0.43515723
-7.0621312,0.94563992,0.76661171,3,7,0,8.2202441,0.16059945
-6.748022,0.98525923,0.76661171,1,3,0,7.2480914,0.24990604
-6.8193876,0.98557382,0.76661171,1,3,0,6.8593222,0.2990805
-6.8082505,0.96794296,0.76661171,1,3,0,7.0762656,0.20837653
-6.7506999,0.9984614,0.76661171,1,3,0,6.8182299,0.2409268
-6.8590518,0.97488382,0.76661171,1,3,0,6.953859,0.31173915
-7.0066411,0.97060626,0.76661171,1,1,0,7.0073937,0.34616884
-7.0340644,0.99847881,0.76661171,2,7,0,7.0444502,0.16423189
-6.909467,0.93465948,0.76661171,1,3,0,7.8424872,0.3250715
-7.0062787,0.98031773,0.76661171,1,1,0,7.0175093,0.34609774
-6.95262,0.89095428,0.76661171,1,3,0,7.9147102,0.17623839
-7.1080327,0.97975684,0.76661171,2,3,0,7.2578398,0.15508343
-6.9411794,1,0.76661171,1,1,0,7.0864273,0.17814749
-6.7484373,0.98899097,0.76661171,1,3,0,7.0670155,0.25361529
-6.8101028,0.98851765,0.76661171,1,3,0,6.8363324,0.29566784
-6.8069492,1,0.76661171,1,1,0,6.8195091,0.29445476
-7.4000175,0.91578806,0.76661171,3,7,0,7.5383156,0.12798858
-6.8410029,0.92047595,0.76661171,1,3,0,8.4570184,0.30629714
-6.8293781,1,0.76661171,1,1,0,6.8507908,0.3025272
-6.7489963,0.9665134,0.76661171,2,3,0,7.1199329,0.24450878
-6.754648,0.99822594,0.76661171,1,3,0,6.7647507,0.2645706
-6.9526138,0.94335546,0.76661171,1,3,0,7.1914856,0.17623942
-6.7485438,1,0.76661171,2,3,0,6.9188671,0.25405374
-6.764818,0.98903498,0.76661171,2,3,0,6.8413831,0.27336283
-6.7537727,0.99591944,0.76661171,1,3,0,6.7998719,0.23675655
-6.8544584,0.96156154,0.76661171,2,3,0,7.1257614,0.31039585
-6.8857071,0.99784516,0.76661171,3,7,0,6.8923717,0.1885213
-7.0964382,0.93262035,0.76661171,1,3,0,7.8643249,0.36257475
-6.9314294,1,0.76661171,1,1,0,7.069006,0.33026297
-6.7617355,0.93878042,0.76661171,2,3,0,7.4852378,0.22968919
-6.7704079,0.99859364,0.76661171,1,1,0,6.7708411,0.22419274
-6.7704079,0.74079666,0.76661171,1,3,0,8.9450553,0.22419274
-6.7718042,0.99103638,0.76661171,1,3,0,6.8614874,0.27789852
-6.7787428,0.99871013,0.76661171,1,1,0,6.7812594,0.28180263
-6.7480277,0.98781789,0.76661171,2,3,0,6.8843371,0.25043091
-7.5108759,0.92750279,0.76661171,2,3,0,7.5657689,0.42069486
-7.0795374,1,0.76661171,2,3,0,7.4224647,0.35965037
-7.2355935,0.96695654,0.76661171,1,1,0,7.2683056,0.38454047
-8.2218301,0.77230908,0.76661171,2,3,0,9.4394519,0.49187396
-8.7629995,0.8826824,0.76661171,1,1,0,8.9670034,0.53464136
-9.5367826,0.83855323,0.76661171,1,1,0,9.8129757,0.58578766
-7.6885163,1,0.76661171,1,1,0,9.1144553,0.44077755
-8.9852774,0.74231298,0.76661171,1,1,0,9.0066027,0.55035706
-7.9230692,1,0.76661171,1,1,0,8.8129318,0.46466408
-7.5894471,1,0.76661171,1,1,0,7.9530084,0.42982593
-7.1325066,1,0.76661171,1,1,0,7.498529,0.36860581
-7.7124311,0.96001081,0.76661171,2,3,0,7.7159407,0.44333685
-8.5521851,0.82447744,0.76661171,1,1,0,8.6130169,0.51881733
-10.799474,0.60315265,0.76661171,1,1,0,10.856829,0.65276867
-10.170664,1,0.76661171,2,3,0,11.266672,0.62149751
-8.8492709,1,0.76661171,3,7,0,10.159791,0.06380189
-8.4822851,0.99088491,0.76661171,3,7,0,9.0355422,0.51335016
-7.648103,1,0.76661171,1,1,0,8.3418069,0.43638026
-7.0850661,1,0.76661171,1,1,0,7.5261991,0.36061438
-7.0557512,1,0.76661171,1,1,0,7.1324551,0.35541618
-6.9181329,0.89311393,0.76661171,1,3,0,7.9088133,0.18221011
-6.7505173,0.98905138,0.76661171,2,7,0,7.0555219,0.25889944
-6.7572749,0.98983569,0.76661171,3,7,0,6.8296988,0.26725608
-6.793825,0.99461401,0.76661171,3,7,0,6.8080259,0.21349746
-7.0100154,0.97824622,0.76661171,2,3,0,7.0494985,0.16752803
-7.2770332,0.97129075,0.76661171,2,3,0,7.4476371,0.13808606
-7.1491899,0.99006679,0.76661171,2,3,0,7.5249849,0.15051636
-7.183935,0.99594502,0.76661171,1,1,0,7.2264746,0.14689809
-7.2903347,0.98206827,0.76661171,2,7,0,7.5473574,0.39236755
-7.5030436,0.95379666,0.76661171,1,1,0,7.5679545,0.41976071
-7.0305377,0.99344241,0.76661171,3,7,0,7.553352,0.35076058
-7.9217613,0.80429357,0.76661171,3,7,0,8.6993393,0.46453775
-6.9444718,0.95834256,0.76661171,3,7,0,8.4066237,0.17759126
-6.7502489,0.99255446,0.76661171,1,3,0,7.0163964,0.24171987
-6.8179413,0.98348445,0.76661171,1,3,0,6.8825542,0.29856322
-6.7800154,0.9861481,0.76661171,3,7,0,6.9333066,0.28247103
-8.1567276,0.82373245,0.76661171,3,7,0,8.4598145,0.48620275
-7.5170515,1,0.76661171,1,1,0,8.0603184,0.42142824
-6.8177447,0.98588498,0.76661171,2,3,0,7.6471404,0.29849255
-6.8066604,1,0.76661171,2,7,0,6.8165075,0.20890554
-6.8421358,0.99334955,0.76661171,2,3,0,6.8967708,0.19855035
-6.8834774,0.99403632,0.76661171,1,1,0,6.8877769,0.18898585
-6.8472121,1,0.76661171,1,1,0,6.8840114,0.19726134
-6.7481472,1,0.76661171,2,3,0,6.830817,0.25198361
-6.7922974,0.99507554,0.76661171,2,3,0,6.7924022,0.21408843
-6.9495255,0.94300709,0.76661171,2,3,0,7.3186846,0.17674828
-8.1118207,0.86999583,0.76661171,3,7,0,8.9338827,0.088350777
-6.8043392,1,0.76661171,2,3,0,7.9401038,0.20969204
-6.8080866,0.99942794,0.76661171,1,1,0,6.8158524,0.2084307
-8.2573165,0.85140297,0.76661171,2,3,0,8.2598498,0.08259342
-8.1642323,1,0.76661171,1,1,0,8.3624543,0.086212621
-7.7148364,1,0.76661171,1,1,0,8.1326941,0.10747284
-6.935036,1,0.76661171,2,3,0,7.6949471,0.1792008
-6.9353319,0.99995981,0.76661171,1,1,0,6.9629956,0.17914958
-6.7911271,0.99900126,0.76661171,2,3,0,6.9527121,0.21454864
-6.9178404,0.94905235,0.76661171,2,3,0,7.2635994,0.18226371
-7.0442575,0.96758257,0.76661171,3,7,0,7.3366189,0.16288753
-6.7506099,0.98603256,0.76661171,2,3,0,7.2504799,0.24107929
-6.7508077,0.99999524,0.76661171,3,7,0,6.7508077,0.2407476
-6.7620825,0.99574943,0.76661171,1,3,0,6.7860018,0.27134167
-6.9817662,0.9752252,0.76661171,2,7,0,6.9879219,0.17165039
-7.1944339,0.91472592,0.76661171,1,3,0,8.3419055,0.37838432
-8.2371925,0.84974364,0.76661171,2,7,0,8.6302392,0.083357394
-7.8428324,1,0.76661171,1,1,0,8.2225557,0.10066177
-7.4676346,1,0.76661171,1,1,0,7.8117805,0.12302214
-7.5687133,0.93726758,0.76661171,3,7,0,8.6557836,0.11622139
-6.7481335,0.99609957,0.76661171,2,7,0,7.4427916,0.25187213
-6.773864,0.99381943,0.76661171,1,3,0,6.7943888,0.22232513
-6.9989815,0.97645557,0.76661171,2,3,0,7.023004,0.16910376
-6.9494257,1,0.76661171,1,1,0,7.0073423,0.17676481
-6.8597264,0.95335435,0.76661171,1,3,0,7.5105182,0.31193424
-6.825107,0.95588606,0.76661171,1,3,0,7.2134687,0.20318582
-6.7632493,0.98720715,0.76661171,1,3,0,6.9533533,0.2722251
-6.7599103,0.96973089,0.76661171,2,3,0,7.0207288,0.26959667
-7.1752885,0.9522886,0.76661171,2,3,0,7.2470482,0.37543187
-6.9237611,1,0.76661171,2,3,0,7.1239029,0.32848464
