lp__,accept_stat__,stepsize__,treedepth__,n_leapfrog__,divergent__,energy__,theta
-6.7738072,0.97539938,1.0982896,2,3,0,6.8558514,0.2790759
-6.7835722,0.99890267,1.0982896,2,3,0,6.7906485,0.28427463
-6.7835722,0.33644404,1.0982896,1,3,0,9.4004821,0.28427463
-6.7486333,0.99957667,1.0982896,1,3,0,6.7790787,0.24564556
-6.7987344,0.98510201,1.0982896,2,3,0,6.8337535,0.21166728
-6.8133045,0.99866077,1.0982896,2,3,0,6.8251186,0.20674432
-6.78735,1,1.0982896,2,3,0,6.8130925,0.21608186
-7.2232296,0.88835273,1.0982896,1,3,0,7.3445703,0.38271729
-6.8146744,0.99118855,1.0982896,2,3,0,7.3396121,0.20631395
-6.7749628,1,1.0982896,2,3,0,6.8026137,0.27973522
-7.2696397,0.85195911,1.0982896,1,3,0,7.5019782,0.13874454
-6.8826455,0.88918031,1.0982896,2,3,0,8.1601934,0.31826619
-6.8115413,0.98397924,1.0982896,1,3,0,6.9830808,0.2073056
-7.4135333,0.88054099,1.0982896,2,3,0,7.7266151,0.12696612
-6.7498567,0.97815673,1.0982896,1,3,0,7.3452443,0.242479
-7.4913232,0.86578216,1.0982896,2,3,0,7.6683461,0.12136545
-7.5960059,0.98197075,1.0982896,1,1,0,7.730149,0.11449756
-6.8435579,0.91640622,1.0982896,2,3,0,7.8176838,0.30709566
-6.7565658,0.92683821,1.0982896,2,3,0,7.1121953,0.26657246
-6.9274879,0.96656987,1.0982896,2,3,0,6.9617301,0.18052369
-8.1084447,0.71511419,1.0982896,2,3,0,9.1860966,0.48190948
-8.1084447,0.15547638,1.0982896,1,1,0,11.201975,0.48190948
-7.2438468,1,1.0982896,2,3,0,7.8870362,0.38574563
-7.1167609,0.86300191,1.0982896,1,3,0,7.8730013,0.15408719
-6.7486983,0.98533746,1.0982896,1,3,0,7.0867064,0.25461671
-6.748022,0.99946472,1.0982896,2,3,0,6.7512642,0.2500975
-6.7890871,0.98915018,1.0982896,1,3,0,6.794715,0.21536732
-6.8176164,0.94242058,1.0982896,2,3,0,7.1760011,0.20540594
-7.3413863,0.74221322,1.0982896,2,3,0,8.6507943,0.13261337
-8.8647302,0.92064269,1.0982896,2,3,0,9.2864553,0.54194952
-7.1615019,1,1.0982896,1,1,0,8.2447283,0.37326796
-10.456102,0.57988373,1.0982896,2,3,0,10.496635,0.63615084
-10.004029,1,1.0982896,2,3,0,11.548682,0.61255757
-6.7587154,1,1.0982896,1,3,0,8.8399943,0.26857046
-8.7364065,0.58844003,1.0982896,1,3,0,8.7684913,0.53269717
-7.0887139,0.93424689,1.0982896,1,3,0,9.1095989,0.15734599
-7.2310795,0.97008929,1.0982896,1,1,0,7.2834113,0.14228884
-7.6791145,0.95260481,1.0982896,2,3,0,7.6792384,0.4397628
-7.3100277,0.84959471,1.0982896,2,3,0,8.6697862,0.13522426
-6.8431099,1,1.0982896,1,3,0,7.2010886,0.19830002
-6.7488847,0.9969354,1.0982896,1,3,0,6.8344279,0.25521692
-7.0789656,0.91463381,1.0982896,1,3,0,7.0936606,0.35955027
-6.7528119,0.89561762,1.0982896,2,3,0,7.4965665,0.23790016
-7.474426,0.86788432,1.0982896,2,3,0,7.6660298,0.12254298
-8.0465448,0.91134775,1.0982896,1,1,0,8.0821404,0.091122995
-7.3034348,1,1.0982896,1,1,0,7.923322,0.13578638
-7.4717804,0.96878359,1.0982896,1,1,0,7.5574843,0.12272923
-6.9433193,0.97276837,1.0982896,2,3,0,7.8086599,0.17778532
-7.8635047,0.87255457,1.0982896,1,3,0,7.8888282,0.099625851
-8.430245,0.92594022,1.0982896,1,1,0,8.5052136,0.076412147
-6.7998498,0.94951779,1.0982896,1,3,0,8.3280038,0.21126506
-6.7998498,0.93808238,1.0982896,1,3,0,7.0900771,0.21126506
-6.9276574,0.9664941,1.0982896,1,1,0,6.9288469,0.18049362
-9.9949964,0.53524671,1.0982896,1,3,0,10.812455,0.040445173
-7.16496,0.85717965,1.0982896,2,7,0,11.662149,0.37381381
-7.16496,0.64394896,1.0982896,1,1,0,7.9029622,0.37381381
-6.7607752,0.88806371,1.0982896,2,3,0,7.6297175,0.23039943
-7.0919068,0.9250008,1.0982896,2,3,0,7.2638163,0.15696639
-7.1339568,0.99086561,1.0982896,1,1,0,7.2094855,0.15216894
-6.8771467,1,1.0982896,2,3,0,7.0549836,0.3167957
-6.8377658,1,1.0982896,1,1,0,6.8888015,0.3052706
-6.7931366,1,1.0982896,1,1,0,6.8322112,0.28873802
-6.82611,0.98862883,1.0982896,1,1,0,6.8371219,0.3014227
-6.764089,1,1.0982896,1,1,0,6.8060047,0.27284078
-7.0647664,0.6452731,1.0982896,2,3,0,8.4470404,0.35703806
-6.7503473,1,1.0982896,1,3,0,6.9693926,0.25858871
-6.7553146,0.86011915,1.0982896,2,3,0,7.423303,0.23510994
-6.7553146,0.78473501,1.0982896,1,3,0,7.4524947,0.23510994
-6.7602318,0.99951111,1.0982896,2,3,0,6.7616707,0.23081374
-6.7847541,0.98511824,1.0982896,2,3,0,6.8471423,0.21718204
-7.610381,0.80382243,1.0982896,1,3,0,7.7548108,0.43218947
-6.9306572,0.40865646,1.0982896,2,3,0,11.569931,0.33008545
-9.1052775,0.42079492,1.0982896,1,1,0,9.1121084,0.55847204
-10.418986,0.59003247,1.0982896,1,1,0,11.259859,0.63429039
-7.9426575,1,1.0982896,1,1,0,9.7231606,0.46654788
-7.0880869,0.89336025,1.0982896,1,3,0,8.4572289,0.15742081
-9.2545207,0.62394769,1.0982896,1,3,0,9.9656602,0.56823472
-11.200863,0.46525379,1.0982896,1,1,0,12.042233,0.67094
-7.5394973,1,1.0982896,1,1,0,9.8388792,0.42407055
-7.3766146,1,1.0982896,1,1,0,7.6967775,0.40399503
-6.7776653,1,1.0982896,1,3,0,7.1617359,0.28122635
-6.7572352,0.97433136,1.0982896,2,3,0,6.8767078,0.26721847
-6.7658647,0.99716284,1.0982896,1,1,0,6.7677344,0.27409365
-7.5594857,0.72460635,1.0982896,2,3,0,8.3105736,0.11681442
-7.585826,0.99850052,1.0982896,2,3,0,7.7550025,0.11513534
-7.1134954,1,1.0982896,1,1,0,7.5028401,0.15445809
-7.5183644,0.92189035,1.0982896,1,1,0,7.5356613,0.11952288
-7.1406665,1,1.0982896,1,1,0,7.4670093,0.15143578
-7.4608551,0.90053527,1.0982896,1,3,0,8.0781335,0.41464825
-7.4608551,0.38375721,1.0982896,1,1,0,8.9802386,0.41464825
-6.9624043,1,1.0982896,2,3,0,7.401848,0.17465627
-7.5287382,0.86290253,1.0982896,1,3,0,7.9257641,0.42280848
-6.8823032,0.99207682,1.0982896,2,3,0,7.7254764,0.18923228
-8.15478,0.72819611,1.0982896,1,3,0,8.4902477,0.48603104
-8.15478,0.30879093,1.0982896,1,1,0,10.24695,0.48603104
-6.7724276,1,1.0982896,1,3,0,7.8636188,0.22308425
-6.748054,0.99338332,1.0982896,2,3,0,6.8128153,0.251005
-6.8246926,0.76780138,1.0982896,2,3,0,7.957499,0.20330544
-6.763477,0.98973121,1.0982896,2,3,0,6.8990374,0.22846428
-7.1106668,0.9217711,1.0982896,2,3,0,7.2934995,0.15478112
-6.7982985,0.98164353,1.0982896,2,3,0,7.2682921,0.21182579
-7.2763318,0.87510113,1.0982896,2,3,0,7.6553675,0.39040156
-6.8176441,1,1.0982896,2,3,0,7.1104134,0.29845632
-6.7744858,0.95698234,1.0982896,2,3,0,7.0196346,0.22200343
-6.8150903,0.9851252,1.0982896,2,3,0,6.8735283,0.29752867
-7.4728187,0.78309734,1.0982896,1,1,0,7.4738752,0.41611217
-7.0529459,1,1.0982896,2,3,0,7.3558155,0.16176462
-6.7841667,1,1.0982896,1,3,0,6.9853704,0.2174367
-7.8669649,0.82406124,1.0982896,2,3,0,8.1497951,0.099454076
-8.1583461,0.95966672,1.0982896,1,1,0,8.2961316,0.086449019
-8.3091796,0.98088546,1.0982896,1,1,0,8.524797,0.080669168
-8.1638991,1,1.0982896,1,1,0,8.5087279,0.086225979
-8.099127,1,1.0982896,1,1,0,8.392268,0.088880144
-6.7846046,0.964553,1.0982896,1,3,0,7.9831486,0.21724662
-7.3109734,0.8961423,1.0982896,1,3,0,7.3437332,0.13514401
-7.3109734,0.843058,1.0982896,1,3,0,8.6872624,0.13514401
-7.0487824,1,1.0982896,2,3,0,7.280498,0.16230015
-6.7485896,0.99521331,1.0982896,2,3,0,7.0647086,0.24580317
-6.9414204,0.95201223,1.0982896,1,3,0,6.9667985,0.17810658
-7.2620277,0.91461661,1.0982896,2,3,0,7.7214877,0.13942936
-8.379521,0.86521167,1.0982896,1,3,0,8.3844212,0.07815732
-7.5690335,1,1.0982896,1,1,0,8.27353,0.11620091
-8.1180464,0.83367941,1.0982896,1,3,0,9.3749978,0.48276937
-9.8457092,0.72874903,1.0982896,2,3,0,10.274779,0.60378011
-7.133083,1,1.0982896,2,3,0,8.7836441,0.36870004
-7.0225829,1,1.0982896,1,1,0,7.1780157,0.34925256
-7.2207905,0.97541562,1.0982896,2,3,0,7.3012017,0.38235505
-6.7834892,0.94700847,1.0982896,2,3,0,7.5264229,0.21773321
-6.7930936,0.99728982,1.0982896,1,1,0,6.801647,0.21377905
-6.9591793,0.9565859,1.0982896,1,1,0,6.959186,0.17517282
-6.7569071,0.98709807,1.0982896,1,3,0,6.9661483,0.2669048
-7.3085583,0.89519156,1.0982896,2,3,0,7.3990743,0.13534913
-7.0663451,0.95487722,1.0982896,2,3,0,7.8089621,0.35731989
-7.9044859,0.7154628,1.0982896,1,1,0,7.9712214,0.46286247
-7.191473,0.85096616,1.0982896,1,3,0,8.6397678,0.14613899
-6.8700522,1,1.0982896,1,1,0,7.1143453,0.19188123
-6.8225307,1,1.0982896,2,3,0,6.8699622,0.20393534
-7.3509893,0.90645316,1.0982896,1,3,0,7.3658072,0.13183375
-6.7696442,0.99875988,1.0982896,1,3,0,7.249313,0.22462561
-6.7897905,0.99807896,1.0982896,2,3,0,6.7931272,0.21508261
-7.9617922,0.77856204,1.0982896,1,3,0,8.137847,0.094918053
-7.209942,0.86975558,1.0982896,2,3,0,8.8042558,0.38073335
-7.4257146,0.91756289,1.0982896,1,1,0,7.577881,0.41028018
-6.8118784,1,1.0982896,1,1,0,7.1993708,0.29633811
-6.990083,0.93789591,1.0982896,1,1,0,6.9983315,0.34287214
-6.7902376,1,1.0982896,1,1,0,6.9215851,0.28743717
-6.7513892,0.97940603,1.0982896,2,3,0,6.8729463,0.26035063
-6.7490667,0.98713304,1.0982896,2,3,0,6.8097622,0.25574327
-6.8967918,0.96126129,1.0982896,1,3,0,6.9030002,0.32192635
-6.812801,1,1.0982896,2,3,0,6.871825,0.20690373
-9.073771,0.6093447,1.0982896,1,3,0,9.6498266,0.058140496
-6.7743194,0.8161603,1.0982896,1,3,0,9.4925667,0.27936984
-6.8490997,0.85198174,1.0982896,2,3,0,7.3606894,0.30879417
-8.0588473,0.76701304,1.0982896,2,3,0,8.1002745,0.090590872
-6.7539868,1,1.0982896,2,3,0,7.8050562,0.26381584
-6.8647326,0.97151242,1.0982896,1,3,0,6.8655535,0.31336525
-6.7480257,0.96968238,1.0982896,2,3,0,6.9954264,0.24964838
-6.9486548,0.90310988,1.0982896,2,3,0,7.2472354,0.1768926
-7.2881917,0.92623966,1.0982896,1,1,0,7.2932375,0.13710442
-7.3497126,0.98810904,1.0982896,1,1,0,7.4596595,0.13193688
-7.5053721,0.930727,1.0982896,2,3,0,8.3458259,0.12040186
-7.5409456,0.99378305,1.0982896,1,1,0,7.6979312,0.11802204
-7.1703667,0.94449001,1.0982896,1,3,0,8.2238135,0.37466309
-6.9495785,1,1.0982896,1,1,0,7.1380179,0.33434037
-6.8126632,1,1.0982896,1,1,0,6.9107883,0.29663158
-6.8126632,0.97405021,1.0982896,1,1,0,6.8744918,0.29663158
-6.8015982,1,1.0982896,1,1,0,6.8251926,0.29232417
-8.5947075,0.66803807,1.0982896,2,3,0,8.6592914,0.071102584
-7.998452,1,1.0982896,1,1,0,8.6006127,0.093248118
-8.2779333,0.98776809,1.0982896,2,3,0,8.435131,0.081820888
-7.0909916,0.94101607,1.0982896,1,3,0,9.0507098,0.36163956
-6.9102252,0.95666749,1.0982896,1,3,0,7.3529153,0.18367904
-8.1120155,0.81870228,1.0982896,2,3,0,8.550053,0.088342692
-6.9828033,0.98251086,1.0982896,2,3,0,8.3504864,0.17149377
-7.4278216,0.95972784,1.0982896,2,3,0,7.4698477,0.41054504
-6.8333715,0.96041349,1.0982896,2,3,0,7.7316602,0.20087146
-6.7907275,1,1.0982896,1,1,0,6.8273589,0.21470736
-6.7491855,0.9849145,1.0982896,2,3,0,6.8873785,0.24400211
-6.7481605,0.86707324,1.0982896,2,3,0,7.4300801,0.24792169
-7.4663803,0.82367826,1.0982896,1,3,0,7.5081966,0.41532576
-7.4789078,0.99493166,1.0982896,1,1,0,7.7515136,0.41685289
-6.8726259,0.97337634,1.0982896,1,3,0,7.6164263,0.19131243
-6.8726259,0.86869608,1.0982896,1,3,0,7.5409642,0.19131243
-7.7005546,0.8076916,1.0982896,1,3,0,7.9898606,0.44206973
-9.7732765,0.4240551,1.0982896,1,1,0,10.02629,0.5996674
-8.0932877,1,1.0982896,2,3,0,9.2581023,0.089125206
-7.0440169,1,1.0982896,1,3,0,7.9042095,0.16291893
-9.7282946,0.33509601,1.0982896,2,3,0,12.385124,0.59708155
-8.0122975,1,1.0982896,1,1,0,9.4070443,0.47312342
-8.0122975,0.08965282,1.0982896,1,1,0,11.946216,0.47312342
-7.5370929,1,1.0982896,2,3,0,8.0835879,0.42378921
-6.9274271,1,1.0982896,2,3,0,7.5872009,0.18053448
-6.9538087,0.94030013,1.0982896,2,3,0,7.3910301,0.33526617
-9.1237471,0.31316595,1.0982896,1,3,0,11.085596,0.056966729
-8.8517921,1,1.0982896,2,3,0,9.3456508,0.063734536
-6.9286253,0.99047733,1.0982896,1,3,0,8.7039406,0.18032224
-6.9286253,0.90522031,1.0982896,1,3,0,7.4605474,0.18032224
-6.9286253,0.47533868,1.0982896,1,3,0,9.8231897,0.18032224
-6.9053599,1,1.0982896,2,3,0,6.9602009,0.1846039
-6.9333119,0.99307287,1.0982896,1,1,0,6.9696539,0.1795001
-7.6291536,0.83610644,1.0982896,1,3,0,7.9972285,0.43428578
-8.726362,0.82678,1.0982896,2,3,0,8.9972041,0.53195908
-9.1978433,0.82291356,1.0982896,1,1,0,9.9560161,0.56456867
-7.7026138,1,1.0982896,1,1,0,8.8573011,0.44228998
-6.9690051,1,1.0982896,2,3,0,7.4525241,0.33852189
-6.8321739,0.97869348,1.0982896,1,3,0,7.1000207,0.20119883
-7.2135934,0.93482752,1.0982896,1,3,0,7.215831,0.14396092
-6.9672557,1,1.0982896,1,1,0,7.1730518,0.17388804
-6.9605903,1,1.0982896,1,1,0,7.0203727,0.17494624
-7.4070233,0.90610417,1.0982896,1,1,0,7.4082199,0.12745665
-7.3991509,1,1.0982896,1,1,0,7.5520578,0.12805467
-7.0383026,1,1.0982896,2,3,0,7.3357233,0.1636693
-6.9699409,1,1.0982896,1,1,0,7.065114,0.17346727
-7.0307597,0.96200775,1.0982896,2,3,0,7.3679989,0.35080239
-7.0307597,0.94853855,1.0982896,1,1,0,7.2032322,0.35080239
-6.7937187,1,1.0982896,2,3,0,7.0513426,0.21353821
-6.8109238,0.99523454,1.0982896,1,1,0,6.8209398,0.2075042
-6.8380222,0.99268511,1.0982896,1,1,0,6.8508722,0.19962394
-7.8023834,0.83552307,1.0982896,1,3,0,7.8763029,0.10273814
-7.2597457,1,1.0982896,2,3,0,7.7220957,0.13963605
-8.2321227,0.92520957,1.0982896,2,3,0,8.3420545,0.49275867
-6.9716513,0.96113294,1.0982896,1,3,0,8.4385148,0.17320087
-7.086163,0.99128967,1.0982896,2,3,0,7.1205539,0.15765092
-7.8897001,0.89334224,1.0982896,1,3,0,7.8907173,0.098336738
-7.5281417,1,1.0982896,2,3,0,7.9083322,0.11886891
-7.412134,0.90197847,1.0982896,2,3,0,8.5069502,0.40856371
-8.3094204,0.69102229,1.0982896,1,1,0,8.5039303,0.49930355
-8.3094204,0.45204756,1.0982896,1,1,0,9.9423673,0.49930355
-8.3094204,0.79170869,1.0982896,1,1,0,9.2168581,0.49930355
-8.3094204,0.29003549,1.0982896,1,1,0,10.562517,0.49930355
-6.752566,1,1.0982896,1,3,0,7.7866621,0.26204098
-7.1116289,0.85434296,1.0982896,2,3,0,7.5004652,0.15467106
-7.2940594,0.98754942,1.0982896,2,3,0,7.3429233,0.13659396
-6.8292006,1,1.0982896,1,3,0,7.1862285,0.20202302
-7.4417612,0.8788123,1.0982896,2,3,0,7.7826922,0.1248795
-6.8865011,1,1.0982896,1,3,0,7.3168981,0.18835693
-6.9182372,0.99734341,1.0982896,2,3,0,6.9491734,0.18219101
-7.1854974,0.97375974,1.0982896,2,3,0,7.1986802,0.37701361
-6.7689058,0.99772757,1.0982896,1,3,0,7.1496018,0.22505182
-6.8068854,0.95332618,1.0982896,2,3,0,7.0298312,0.2944299
-6.9289383,0.98541985,1.0982896,2,3,0,6.9311544,0.18026695
-7.2854246,0.9217606,1.0982896,1,1,0,7.2879648,0.1373465
-7.1134489,1,1.0982896,1,1,0,7.3006717,0.15446337
-7.5808452,0.9110681,1.0982896,1,1,0,7.5923219,0.11544963
-6.8962517,1,1.0982896,2,3,0,7.3779352,0.32178965
-6.7637846,1,1.0982896,1,1,0,6.8508773,0.27261945
-6.7879029,0.94951932,1.0982896,2,3,0,6.9613479,0.2863584
-7.145652,0.8794185,1.0982896,1,1,0,7.1459779,0.37073877
-6.9721413,1,1.0982896,1,1,0,7.1426791,0.33918088
-6.9721413,0.47017484,1.0982896,2,3,0,8.9682954,0.33918088
-6.8023774,0.98499791,1.0982896,1,3,0,7.0485463,0.21037067
-6.8401132,0.98977459,1.0982896,1,1,0,6.8492135,0.19907485
-6.8401132,0.61655027,1.0982896,1,3,0,9.1287662,0.19907485
-9.9980797,0.47756683,1.0982896,1,3,0,11.038001,0.040397619
-6.7620007,1,1.0982896,2,3,0,9.1898423,0.27127842
-6.9373222,0.95504671,1.0982896,1,3,0,6.9375175,0.33160641
-8.6937976,0.40175305,1.0982896,2,3,0,10.22985,0.06813794
-9.0345694,0.96657419,1.0982896,1,1,0,9.2460756,0.059082268
-7.3560909,0.99467441,1.0982896,1,3,0,8.8176503,0.13142323
-9.5854536,0.82421628,1.0982896,1,3,0,9.7562824,0.047381195
-8.1766382,1,1.0982896,2,3,0,9.4328646,0.085717407
-7.4658517,1,1.0982896,1,1,0,8.0813748,0.1231485
-6.8402343,1,1.0982896,1,3,0,7.3333198,0.19904326
-6.7545959,0.98733703,1.0982896,2,3,0,6.8952223,0.26451253
-7.2347273,0.81464743,1.0982896,2,3,0,7.7313592,0.14194531
-7.0639787,1,1.0982896,1,1,0,7.2403118,0.16036773
-7.0639787,0.83639554,1.0982896,1,3,0,8.279306,0.16036773
-7.0692365,0.99960691,1.0982896,2,3,0,7.1482726,0.159713
-6.8855687,1,1.0982896,1,1,0,7.0337328,0.18855
-7.7852134,0.79485535,1.0982896,2,3,0,8.5251081,0.4509423
-6.8259596,1,1.0982896,1,1,0,7.423405,0.30137135
-6.7769022,0.88625388,1.0982896,2,3,0,7.2418496,0.28081213
-11.068383,0.35794053,1.0982896,2,3,0,11.075535,0.027134992
-12.078138,0.96219143,1.0982896,1,1,0,12.222843,0.018895792
-11.866292,1,1.0982896,2,3,0,12.505326,0.020370051
-10.338389,1,1.0982896,1,1,0,11.828422,0.035521127
-6.8192937,1,1.0982896,2,3,0,9.7324287,0.20489773
-7.0068661,0.86207642,1.0982896,2,3,0,7.8081518,0.16797349
-7.053834,0.98925922,1.0982896,1,1,0,7.1095648,0.161651
-7.0209854,0.95969652,1.0982896,2,3,0,7.549671,0.16600191
-6.8253454,0.97712889,1.0982896,2,3,0,7.2346136,0.20311718
-7.0993645,0.95319738,1.0982896,1,3,0,7.0994103,0.15608859
-7.0993645,0.86815376,1.0982896,1,3,0,8.1121569,0.15608859
-6.8298411,0.9771899,1.0982896,2,3,0,7.3166708,0.20184409
-6.8350664,0.91306722,1.0982896,2,3,0,7.3498136,0.30440129
-6.9525211,0.98808689,1.0982896,2,3,0,6.9526731,0.17625462
-6.935292,0.92503412,1.0982896,2,3,0,7.5027035,0.33114576
-6.8121289,1,1.0982896,2,3,0,6.9064406,0.20711759
-6.9511011,0.95931169,1.0982896,1,3,0,7.0758084,0.33467461
-6.8606695,1,1.0982896,1,1,0,6.9472428,0.31220606
-7.6664711,0.73534979,1.0982896,1,1,0,7.6732541,0.43839038
-6.760398,1,1.0982896,1,3,0,7.3553052,0.27000112
-6.8151525,0.9810839,1.0982896,1,3,0,6.8537351,0.20616491
-6.9613805,0.98565331,1.0982896,2,3,0,6.9754822,0.33690169
-6.8966623,0.93920463,1.0982896,2,3,0,7.2751007,0.1863001
-7.6690621,0.81958635,1.0982896,1,3,0,7.9900745,0.43867237
-7.895628,0.51090483,1.0982896,1,3,0,9.824534,0.098048591
-7.4120898,1,1.0982896,2,3,0,7.8554506,0.12707458
-7.4120898,0.85846079,1.0982896,1,3,0,8.3417496,0.12707458
-6.8909496,1,1.0982896,1,3,0,7.2933791,0.18744599
-6.7634367,0.96240231,1.0982896,2,3,0,7.2184617,0.22849176
-6.7704537,0.99794988,1.0982896,1,1,0,6.7738581,0.22416705
-6.7557881,0.99459855,1.0982896,2,3,0,6.8072149,0.23464114
-7.2309127,0.87924446,1.0982896,1,3,0,7.2926559,0.38385278
-6.781329,0.99447619,1.0982896,1,3,0,7.2159847,0.21869946
-7.132755,0.90816894,1.0982896,1,3,0,7.2360642,0.36864642
-6.7480872,0.77547141,1.0982896,2,3,0,7.9937471,0.24857182
-6.7480271,1,1.0982896,2,3,0,6.7480858,0.2504084
-6.8359991,0.9576656,1.0982896,2,3,0,6.9503158,0.30470304
-9.5505694,0.47454183,1.0982896,1,3,0,9.552913,0.58661659
-7.0576204,1,1.0982896,1,1,0,8.5689441,0.35575423
-6.9350604,0.94695805,1.0982896,1,3,0,7.3647681,0.17919656
-6.9350604,0.56392646,1.0982896,1,3,0,9.2446923,0.17919656
-6.995074,0.98565825,1.0982896,1,1,0,7.0317558,0.1696721
-6.8294055,1,1.0982896,1,1,0,6.955273,0.20196569
-6.7532078,0.98826715,1.0982896,2,3,0,6.8826261,0.26287217
-8.5974308,0.68173338,1.0982896,2,3,0,8.7203225,0.071018866
-6.7621487,0.90410712,1.0982896,1,3,0,8.5948792,0.22939154
-6.7493486,0.99783417,1.0982896,2,3,0,6.775332,0.24359784
-7.20369,0.88414413,1.0982896,1,3,0,7.2430356,0.37979079
-6.7702032,1,1.0982896,1,3,0,7.0512023,0.27692285
-6.7515906,0.99062779,1.0982896,2,3,0,6.8158129,0.23953978
-6.7566458,0.99947228,1.0982896,2,3,0,6.7567346,0.26665094
-7.4603458,0.74516354,1.0982896,2,3,0,8.1768183,0.12354021
-7.3469429,0.95197749,1.0982896,2,3,0,8.2711444,0.13216115
-6.7669126,0.99040693,1.0982896,2,3,0,7.3981028,0.22624363
-6.8744448,0.98228158,1.0982896,2,3,0,6.9072983,0.31606258
-6.7936218,1,1.0982896,1,1,0,6.8537127,0.28895183
-6.7636395,0.93610488,1.0982896,2,3,0,7.0755443,0.22835375
-6.8004646,0.97663585,1.0982896,2,3,0,6.8967108,0.29186013
-6.7870489,1,1.0982896,1,1,0,6.806941,0.28595633
-6.760456,1,1.0982896,2,3,0,6.780628,0.23064169
-6.8157403,0.98361383,1.0982896,1,3,0,6.8472433,0.29776634
-6.7743186,1,1.0982896,1,1,0,6.8059726,0.2793694
-6.9012081,0.97951706,1.0982896,2,3,0,6.9120805,0.18540654
-7.1052433,0.95243505,1.0982896,1,1,0,7.1148048,0.15540514
-6.803084,0.93709947,1.0982896,2,3,0,7.8520619,0.21012473
-7.0983641,0.9212107,1.0982896,1,3,0,7.231142,0.36290382
-7.0983641,0.31406295,1.0982896,1,1,0,8.8195996,0.36290382
-6.7908126,0.98886135,1.0982896,1,3,0,7.1320285,0.21467347
-8.5868712,0.67184847,1.0982896,1,3,0,8.9935007,0.071344217
-7.6968351,1,1.0982896,1,1,0,8.4780516,0.10849025
-7.0858992,1,1.0982896,1,1,0,7.5764849,0.15768255
-7.7739829,0.94348721,1.0982896,2,3,0,7.8609429,0.44978609
-8.3595994,0.78382124,1.0982896,1,1,0,8.7172326,0.50346207
-6.749227,0.45304644,1.0982896,2,3,0,11.263348,0.24389661
-6.8284198,0.98051056,1.0982896,1,3,0,6.8343801,0.20224227
-6.7481411,0.99941823,1.0982896,1,3,0,6.8135711,0.24807171
-6.8537237,0.97295627,1.0982896,1,3,0,6.8673794,0.19566136
-6.7722593,1,1.0982896,1,1,0,6.8311165,0.22317472
-7.2863699,0.87039296,1.0982896,1,3,0,7.3866423,0.39181331
-8.3557977,0.82951674,1.0982896,2,3,0,8.4945307,0.50314942
-7.4808985,1,1.0982896,1,1,0,8.2171526,0.41709442
-6.8490937,0.98112458,1.0982896,1,3,0,7.5673618,0.19679306
-6.8653097,0.92361582,1.0982896,2,3,0,7.3325968,0.31352837
-7.1328814,0.90522866,1.0982896,1,1,0,7.1532274,0.36866709
-7.1443688,0.99554169,1.0982896,1,1,0,7.2841597,0.37053201
-6.7575242,0.88295672,1.0982896,2,3,0,7.6198643,0.2330373
-6.7678045,0.91132769,1.0982896,2,3,0,7.2089931,0.27539535
-7.7248304,0.76972361,1.0982896,1,3,0,7.7329725,0.44465172
-8.113396,0.95037606,1.0982896,2,3,0,8.4633791,0.48235329
-11.149603,0.29162466,1.0982896,1,1,0,11.500668,0.66868963
-6.8068628,1,1.0982896,1,3,0,10.03945,0.20883778
-6.8699029,0.97682391,1.0982896,2,3,0,6.9851462,0.31481358
-6.8699029,0.56208473,1.0982896,1,3,0,9.0656304,0.31481358
-6.7686649,1,1.0982896,2,3,0,6.8671823,0.22519261
-6.7686649,0.73905057,1.0982896,1,3,0,7.9896086,0.22519261
-6.8646003,0.98055103,1.0982896,1,3,0,6.8646171,0.1931093
-6.8672676,0.97229715,1.0982896,2,3,0,7.135399,0.19250445
-6.8672676,0.58350616,1.0982896,1,3,0,9.495466,0.19250445
-8.0490953,0.81007414,1.0982896,1,3,0,8.1509414,0.091012301
-9.3216196,0.86193997,1.0982896,1,1,0,9.325942,0.052595853
-9.9630951,0.95296168,1.0982896,1,1,0,10.133343,0.040940983
-8.8523873,1,1.0982896,1,1,0,9.9166785,0.063718651
-8.7610194,1,1.0982896,1,1,0,9.1462355,0.066217997
-9.8162556,0.91057893,1.0982896,1,1,0,9.8686274,0.043315721
-9.1930271,1,1.0982896,1,1,0,9.9343436,0.055387529
-6.8225711,0.89862585,1.0982896,1,3,0,9.2048667,0.20392347
-6.7733173,1,1.0982896,2,3,0,6.8103018,0.22261136
-6.8537873,0.92678679,1.0982896,2,3,0,7.2216198,0.19564602
-6.9895725,0.95882234,1.0982896,1,3,0,7.1739599,0.34276887
-7.339916,0.87305252,1.0982896,1,1,0,7.3988127,0.3991463
-6.7540122,1,1.0982896,1,3,0,7.1493012,0.2638456
-6.7491599,1,1.0982896,1,1,0,6.7524846,0.25599513
-7.2635602,0.86987005,1.0982896,1,3,0,7.2840218,0.38858731
-7.688274,0.8422567,1.0982896,1,1,0,7.8480984,0.44075146
-10.290973,0.342122,1.0982896,1,1,0,10.516098,0.627772
-7.0401101,1,1.0982896,1,1,0,8.9894131,0.35254968
-6.8899275,1,1.0982896,1,1,0,7.0192811,0.32017138
-6.8899275,0.46075018,1.0982896,1,1,0,8.085292,0.32017138
-6.7934036,1,1.0982896,1,1,0,6.8626929,0.28885582
-6.7648341,1,1.0982896,1,1,0,6.7863278,0.27337422
-6.7648341,0.53264913,1.0982896,1,3,0,9.2371414,0.27337422
-7.3436347,0.85432765,1.0982896,1,3,0,7.348161,0.39964388
-7.6568519,0.88065061,1.0982896,1,1,0,7.8557729,0.43734012
-6.8512255,1,1.0982896,1,1,0,7.3556173,0.30943417
-6.8512255,0.71019285,1.0982896,1,1,0,7.4107219,0.30943417
-6.7975995,1,1.0982896,1,1,0,6.8431532,0.29066567
-6.7975995,0.89242602,1.0982896,1,1,0,7.0010612,0.29066567
-6.7997556,0.87944589,1.0982896,2,3,0,7.2476406,0.29156745
-7.0149959,0.92577085,1.0982896,1,1,0,7.0190883,0.3477955
-6.9278348,0.94889231,1.0982896,1,3,0,7.3101395,0.18046217
-6.7548953,1,1.0982896,2,3,0,6.9095638,0.26484334
-6.7483271,0.98037903,1.0982896,2,3,0,6.8427639,0.25309773
-6.7483271,0.58537302,1.0982896,1,3,0,8.1223494,0.25309773
-6.8599823,0.97003027,1.0982896,1,3,0,6.8814445,0.19417552
-7.1718963,0.9268518,1.0982896,1,1,0,7.1720696,0.14812905
-7.6700019,0.95046431,1.0982896,2,3,0,7.6766217,0.43877456
-6.9795317,1,1.0982896,1,1,0,7.4412583,0.34071719
-6.7480388,1,1.0982896,1,3,0,6.9196705,0.25073115
-7.5804646,0.80149473,1.0982896,1,3,0,7.7980697,0.11547371
-7.2607722,1,1.0982896,1,1,0,7.5690219,0.139543
-7.6376791,0.93239376,1.0982896,1,1,0,7.6769411,0.11194849
-6.9949272,1,1.0982896,2,3,0,7.4355159,0.34384703
-7.6385897,0.6782184,1.0982896,2,3,0,8.4739495,0.11189386
-6.7789414,0.98097788,1.0982896,2,3,0,7.7321366,0.2819078
-6.9800596,0.93166727,1.0982896,1,3,0,7.1073583,0.17190907
-6.9151866,1,1.0982896,1,1,0,6.9954493,0.1827526
-6.9482683,0.89641733,1.0982896,2,3,0,7.9372156,0.17695678
-6.7869367,0.94991,1.0982896,2,3,0,7.459868,0.21625433
-6.7578473,1,1.0982896,2,3,0,6.7796415,0.26778953
-6.7578473,0.23842028,1.0982896,1,3,0,10.524732,0.26778953
-6.8660202,0.97245903,1.0982896,1,3,0,6.8661162,0.31372867
-6.7494287,0.94647692,1.0982896,2,3,0,7.0714686,0.25666957
-6.9341506,0.915661,1.0982896,2,3,0,7.1690219,0.17935429
-7.0724064,0.98929541,1.0982896,2,3,0,7.0954682,0.15932159
-7.0174241,1,1.0982896,1,1,0,7.1161129,0.16649307
-6.8379549,1,1.0982896,1,1,0,6.9748232,0.19964174
-6.7898524,1,1.0982896,2,3,0,6.823121,0.28726113
-7.2312202,0.85899048,1.0982896,1,3,0,7.4818163,0.14227556
-7.5191377,0.98212913,1.0982896,2,3,0,7.5687108,0.11947092
-6.7934779,1,1.0982896,1,3,0,7.3913193,0.21363076
-6.7500459,1,1.0982896,2,3,0,6.7917984,0.25800896
-6.768114,0.99662797,1.0982896,2,3,0,6.7718964,0.22551777
-6.8310336,0.93853146,1.0982896,2,3,0,7.1346286,0.20151296
-8.9722013,0.63899726,1.0982896,1,3,0,9.4528633,0.060620168
-8.1863378,1,1.0982896,1,1,0,8.9441853,0.085333048
-7.8562661,1,1.0982896,1,1,0,8.2662573,0.099986694
-6.9807536,1,1.0982896,1,3,0,7.6853799,0.17180375
-7.4783895,0.87738727,1.0982896,1,3,0,7.8939048,0.41678995
-7.0412277,1,1.0982896,2,3,0,7.3646062,0.16328403
-7.9622272,0.80097288,1.0982896,1,3,0,8.5063857,0.4684146
-6.9832521,0.98973538,1.0982896,2,3,0,8.3094774,0.17142613
-6.9345179,0.91878362,1.0982896,2,3,0,7.5815756,0.33096951
-6.802876,1,1.0982896,1,1,0,6.8953793,0.29284174
-6.7483487,0.99364048,1.0982896,2,3,0,6.8353861,0.24681281
-7.229907,0.90474934,1.0982896,2,3,0,7.3677576,0.14239964
-7.3348869,0.97937072,1.0982896,1,1,0,7.4224854,0.13314621
-7.2219297,1,1.0982896,1,1,0,7.3965555,0.14315849
-6.7757341,0.96237985,1.0982896,1,3,0,7.2743509,0.28016785
-6.7748478,1,1.0982896,1,1,0,6.7841107,0.27967023
-6.9177675,0.95147995,1.0982896,1,1,0,6.9187281,0.32706966
-6.7901684,1,1.0982896,1,1,0,6.8773199,0.28740561
-6.7897626,0.90808796,1.0982896,2,3,0,7.131641,0.28722003
-6.7858381,1,1.0982896,2,3,0,6.8003612,0.28537903
-6.7734326,1,1.0982896,1,1,0,6.7882807,0.27885911
-6.9102433,0.95267814,1.0982896,1,3,0,7.0022861,0.18367563
-10.518999,0.44807597,1.0982896,2,3,0,11.719205,0.033206049
-9.3728297,1,1.0982896,1,1,0,10.502465,0.051531841
-10.839746,0.968497,1.0982896,2,3,0,10.861444,0.029498314
-9.414389,1,1.0982896,1,1,0,10.771307,0.05068738
-8.6796161,1,1.0982896,1,1,0,9.4513096,0.068552183
-9.1369667,0.9853103,1.0982896,2,3,0,9.3127761,0.056661158
-7.9078149,1,1.0982896,1,1,0,8.9868777,0.09746025
-7.1180885,0.94706535,1.0982896,1,3,0,8.6115761,0.36622747
-6.754776,0.88282794,1.0982896,2,3,0,7.5871017,0.23566275
-7.0019373,0.93445509,1.0982896,1,3,0,7.0448673,0.34524241
-7.6290198,0.78154667,1.0982896,1,1,0,7.6806394,0.43427092
-7.3631216,0.82336234,1.0982896,2,3,0,8.7249551,0.13086156
-6.8314199,1,1.0982896,1,3,0,7.2445486,0.20140626
-8.3555449,0.68202425,1.0982896,1,3,0,8.6222996,0.50312861
-8.3590368,0.99854374,1.0982896,1,1,0,9.0005572,0.50341583
-7.2875619,0.82330575,1.0982896,1,3,0,9.244984,0.13715944
-6.7562114,1,1.0982896,2,3,0,7.2103315,0.26622045
-6.8334493,0.97561165,1.0982896,1,3,0,6.8704754,0.20085027
-8.3501844,0.74178092,1.0982896,1,3,0,8.5766852,0.079191615
-6.80448,0.96775825,1.0982896,2,3,0,8.6409791,0.29348347
-6.8204293,0.84441399,1.0982896,2,3,0,7.4846506,0.2045574
-7.1893461,0.93491399,1.0982896,1,3,0,7.1925146,0.14635229
-8.9903378,0.68548142,1.0982896,1,3,0,9.8235817,0.55070428
-8.9903378,0.12278806,1.0982896,1,1,0,13.006284,0.55070428
-7.0936287,1,1.0982896,2,3,0,8.2696833,0.36209319
-6.8203781,1,1.0982896,2,3,0,7.0918489,0.20457269
-6.7598406,0.9694397,1.0982896,2,3,0,7.039456,0.23111798
-7.2600541,0.89080374,1.0982896,1,3,0,7.3152948,0.13960808
-7.4082987,0.97171801,1.0982896,1,1,0,7.4910762,0.12736027
-8.1906661,0.87964728,1.0982896,1,1,0,8.1997756,0.085162325
-7.0503054,1,1.0982896,1,3,0,7.9943045,0.16210371
-7.0841263,0.99243844,1.0982896,1,1,0,7.1526767,0.15789547
-6.8837759,1,1.0982896,1,1,0,7.0429351,0.1889234
-6.8212134,1,1.0982896,1,1,0,6.8773892,0.20432414
-6.7486663,0.98599396,1.0982896,2,3,0,6.9022796,0.25450581
-6.8018699,0.98608191,1.0982896,1,3,0,6.8040671,0.29243473
-6.9073806,0.96331903,1.0982896,1,1,0,6.916054,0.32456183
-6.9717786,0.80917295,1.0982896,2,3,0,7.7233004,0.17318109
-6.8071807,1,1.0982896,2,3,0,6.9291575,0.20873159
-7.2405401,0.90886727,1.0982896,2,3,0,7.5083205,0.3852639
-6.7609769,1,1.0982896,1,3,0,7.1687781,0.23024803
-6.7543309,0.99535678,1.0982896,2,3,0,6.7885521,0.23613696
-6.9626995,0.95207583,1.0982896,1,3,0,6.9773306,0.17460922
-6.8712769,1,1.0982896,1,1,0,6.9568897,0.19160972
-9.3086588,0.25195402,1.0982896,2,3,0,12.456108,0.57169071
-6.7732601,1,1.0982896,1,3,0,8.6564885,0.2226415
-6.748265,0.99807495,1.0982896,2,3,0,6.7839307,0.24724984
-7.0861161,0.91635217,1.0982896,1,3,0,7.1441343,0.15765655
-6.9322569,1,1.0982896,1,1,0,7.0703643,0.17968408
-6.8875608,1,1.0982896,1,1,0,6.9496556,0.18813841
-6.8890519,0.92150457,1.0982896,2,3,0,7.4109434,0.31994474
-7.468178,0.8015785,1.0982896,1,1,0,7.4857382,0.41554568
-6.9424779,0.94419746,1.0982896,1,3,0,7.7512002,0.17792744
-6.9424779,0.91121802,1.0982896,1,1,0,7.2646122,0.17792744
-7.0973,0.98814843,1.0982896,2,3,0,7.1195647,0.15633036
-7.0628546,1,1.0982896,1,1,0,7.1607861,0.16050862
-6.9597692,1,1.0982896,1,1,0,7.0727145,0.17507797
-7.2034935,0.94614901,1.0982896,1,1,0,7.2177626,0.14494643
-6.7622562,1,1.0982896,2,3,0,7.1315098,0.27147537
-6.9307795,0.93409735,1.0982896,2,3,0,7.0782301,0.17994278
-6.7594631,0.98767496,1.0982896,1,3,0,6.9446391,0.26921871
-6.7623891,0.99903688,1.0982896,1,1,0,6.7656333,0.27157713
-6.824505,0.97921738,1.0982896,1,1,0,6.8251298,0.30087237
-7.0148681,0.9332615,1.0982896,1,1,0,7.0261693,0.34777079
-7.0148681,0.85670726,1.0982896,1,1,0,7.3221608,0.34777079
-6.7480299,0.86275117,1.0982896,2,3,0,7.5287096,0.2505052
-6.7512407,0.99557018,1.0982896,2,3,0,6.7686644,0.26011785
-6.7482426,0.99999486,1.0982896,2,3,0,6.7513624,0.24737909
-6.7482426,0.67457231,1.0982896,1,3,0,8.2645447,0.24737909
-9.2547865,0.5065331,1.0982896,1,3,0,10.333676,0.054024802
-8.0872447,1,1.0982896,1,1,0,9.1310613,0.089379858
-9.443408,0.85656273,1.0982896,1,1,0,9.4453485,0.050107577
-9.5851665,0.98908094,1.0982896,1,1,0,9.9281142,0.047386525
-6.7741684,0.93412366,1.0982896,2,3,0,10.904555,0.22216711
-8.658842,0.71940107,1.0982896,2,3,0,8.8965352,0.069164946
-10.05166,0.88242749,1.0982896,1,1,0,10.063162,0.039581441
-8.0293886,0.92049167,1.0982896,1,3,0,9.8564677,0.091872781
-7.9053149,1,1.0982896,2,3,0,8.2028884,0.097580502
-7.1226412,0.98388058,1.0982896,1,3,0,7.7549151,0.15342471
-7.9441164,0.93726167,1.0982896,2,3,0,8.0745442,0.46668756
-6.881648,0.98745327,1.0982896,1,3,0,8.005157,0.18937032
-6.8252942,1,1.0982896,1,1,0,6.8786826,0.2031319
-6.8015536,1,1.0982896,1,1,0,6.8297769,0.21065965
-6.8411864,0.93999271,1.0982896,2,3,0,7.1630934,0.30635483
-7.012179,0.93947864,1.0982896,1,1,0,7.0294492,0.34724971
-7.1895479,0.9339758,1.0982896,1,1,0,7.2675313,0.37763647
-7.3465813,0.97987948,1.0982896,2,3,0,7.49518,0.40003713
-6.7532438,1,1.0982896,1,3,0,7.2185955,0.23737285
-6.7481784,0.99982885,1.0982896,1,3,0,6.7529549,0.25221674
-6.7480392,0.99996095,1.0982896,2,3,0,6.7483895,0.2507392
-6.9115095,0.95746454,1.0982896,1,3,0,6.9394397,0.18343764
-6.7951135,1,1.0982896,1,1,0,6.8813762,0.21300722
-7.0377393,0.9341194,1.0982896,1,3,0,7.1517276,0.35210911
-7.0377393,0.36079605,1.0982896,1,1,0,8.5614511,0.35210911
-7.4157743,0.34361152,1.0982896,2,3,0,11.762282,0.40902541
-7.1821598,1,1.0982896,1,1,0,7.4627299,0.37649838
-7.9600368,0.7300703,1.0982896,1,1,0,8.0710333,0.46820641
-7.9600368,0.42390802,1.0982896,1,1,0,9.5308223,0.46820641
-6.7486931,1,1.0982896,1,3,0,7.5806254,0.2545989
-6.7891447,0.80154963,1.0982896,2,3,0,7.7497846,0.2153439
-7.3177954,0.75187788,1.0982896,2,3,0,8.4490527,0.13456798
-6.7486942,0.99760692,1.0982896,2,3,0,7.2952677,0.24543451
-6.7493357,0.89047888,1.0982896,2,3,0,7.292037,0.25644409
-8.5261532,0.61381347,1.0982896,1,3,0,9.226832,0.073253866
-7.7730586,1,1.0982896,2,3,0,8.4590711,0.10428616
-7.2673114,1,1.0982896,1,1,0,7.7041176,0.13895326
-6.7509915,0.98806211,1.0982896,1,3,0,7.198436,0.24044999
-7.2104764,0.88291559,1.0982896,1,3,0,7.2569164,0.38081365
-6.8406037,1,1.0982896,2,3,0,7.232945,0.19894708
-7.8069021,0.83608729,1.0982896,1,3,0,7.8795528,0.10250285
-9.4139559,0.84013616,1.0982896,2,3,0,10.306728,0.050696094
-7.1677377,0.99462587,1.0982896,2,3,0,9.4954557,0.14855975
-6.7557044,1,1.0982896,2,3,0,7.1139293,0.26570367
-6.7491984,1,1.0982896,1,1,0,6.753624,0.25609627
-7.9181416,0.72574852,1.0982896,1,3,0,8.3025377,0.096965938
-8.3064116,0.94855528,1.0982896,1,1,0,8.4257952,0.08077028
-9.1209042,0.91486999,1.0982896,1,1,0,9.1868019,0.057032708
-9.1056003,1,1.0982896,2,3,0,9.4848908,0.057389513
-8.5530732,0.9647832,1.0982896,2,3,0,10.427211,0.072398924
-9.3102868,0.92739907,1.0982896,1,1,0,9.403691,0.052834899
-7.454536,0.99047335,1.0982896,1,3,0,9.0960838,0.12395604
-7.3258842,1,1.0982896,1,1,0,7.5296185,0.13389135
-7.488874,0.97007249,1.0982896,1,1,0,7.5796985,0.12153485
-6.9666772,0.91180178,1.0982896,2,3,0,8.3125127,0.33802998
-6.750459,0.85341479,1.0982896,2,3,0,7.5066971,0.25879419
-6.7481935,0.99576727,1.0982896,2,3,0,6.7699489,0.25232164
-6.7586269,0.99363548,1.0982896,2,3,0,6.7783573,0.23209657
-6.7480248,0.99991898,1.0982896,1,3,0,6.7567451,0.25031012
-6.7704067,0.81873575,1.0982896,2,3,0,7.6740708,0.22419346
-6.7704067,0.74669415,1.0982896,1,3,0,7.9507916,0.22419346
-7.0785063,0.93563102,1.0982896,1,3,0,7.0919271,0.15857526
-7.0614828,1,1.0982896,2,3,0,7.1500285,0.16068097
-7.1643971,0.97773103,1.0982896,1,1,0,7.2194416,0.14890781
-7.4543609,0.94407103,1.0982896,1,1,0,7.4934674,0.12396861
-7.5330273,0.89165783,1.0982896,1,3,0,8.5569454,0.42331258
-6.9340455,1,1.0982896,2,3,0,7.331492,0.33086181
-6.8767623,1,1.0982896,1,1,0,6.9509794,0.31669185
-6.8000604,1,1.0982896,2,3,0,6.859575,0.29169352
-6.9252628,0.68511753,1.0982896,2,3,0,8.1790357,0.32883567
-6.7493102,0.90398567,1.0982896,2,3,0,7.2819919,0.25638091
-6.8582953,0.96977273,1.0982896,1,3,0,6.8844582,0.19457128
-6.7499498,0.97509618,1.0982896,2,3,0,7.0449761,0.24229193
-6.7483057,1,1.0982896,1,1,0,6.7494415,0.24702908
-7.2174592,0.88063531,1.0982896,1,3,0,7.2507864,0.38185891
-6.9288109,1,1.0982896,2,3,0,7.1445724,0.18028945
-7.0282284,0.97649826,1.0982896,1,1,0,7.0563035,0.16501527
-6.7503917,0.98754495,1.0982896,1,3,0,7.0119452,0.25867096
-7.2778768,0.86674483,1.0982896,1,3,0,7.2951535,0.39061965
-6.7480235,1,1.0982896,1,3,0,7.1327614,0.24976694
-7.5913864,0.80020855,1.0982896,1,3,0,7.8083851,0.11478622
-6.7742829,0.99027862,1.0982896,1,3,0,7.4739818,0.22210794
-7.0166107,0.95037901,1.0982896,1,3,0,7.0220783,0.16660582
-6.7710373,0.94849549,1.0982896,2,3,0,7.5154472,0.22384184
-7.2716698,0.79882693,1.0982896,2,3,0,7.9169262,0.38974168
-6.945538,1,1.0982896,2,3,0,7.19117,0.33344774
-6.755525,0.99793276,1.0982896,1,3,0,6.9277379,0.23489982
-6.7536694,1,1.0982896,1,1,0,6.7563657,0.23687461
-6.7481628,1,1.0982896,1,3,0,6.7522044,0.24790448
-6.8392588,0.9755761,1.0982896,1,3,0,6.8489037,0.30574617
-6.977239,0.95109525,1.0982896,1,1,0,6.9957259,0.34024303
-7.6446085,0.76995887,1.0982896,1,1,0,7.6866212,0.43599561
-6.8680364,1,1.0982896,2,3,0,7.3565529,0.31429408
-7.2525935,0.86554343,1.0982896,1,1,0,7.2695159,0.38701279
-6.7889858,1,1.0982896,1,1,0,7.0848815,0.28686238
-7.076969,0.90212102,1.0982896,1,1,0,7.077934,0.35920003
-7.9801492,0.85455686,1.0982896,2,3,0,8.0484879,0.47011103
-6.7942016,1,1.0982896,1,3,0,7.5389865,0.28920592
-7.9194439,0.733097,1.0982896,1,3,0,7.9209312,0.46431373
-6.7862545,1,1.0982896,1,3,0,7.5023802,0.28557856
-6.7644771,1,1.0982896,2,3,0,6.7797469,0.22779332
-6.8218753,0.98373302,1.0982896,1,1,0,6.8220339,0.20412829
-6.8981353,0.99192778,1.0982896,2,3,0,6.8984192,0.32226542
-7.1696941,0.90280379,1.0982896,1,1,0,7.2005177,0.37455771
-6.9257712,1,1.0982896,2,3,0,7.1004657,0.18082918
-6.8000486,1,1.0982896,1,1,0,6.8935362,0.21119387
-6.8335563,0.9908757,1.0982896,1,1,0,6.8426815,0.20082115
-6.8092168,1,1.0982896,1,1,0,6.8398156,0.20805879
-6.9988048,0.95173424,1.0982896,1,1,0,6.9990036,0.16912935
-6.7544673,0.96532946,1.0982896,2,3,0,7.1568598,0.26436811
-7.6871129,0.78985204,1.0982896,2,3,0,8.0176239,0.10904633
-6.7671542,0.89477687,1.0982896,2,3,0,8.1455301,0.2749661
-6.9030936,0.95425238,1.0982896,1,1,0,6.9032589,0.32350487
-6.8811733,1,1.0982896,1,1,0,6.938445,0.31787525
-6.7665994,1,1.0982896,2,3,0,6.8421637,0.27459433
-6.8230322,0.98100896,1.0982896,1,1,0,6.8246392,0.30036256
-7.8108835,0.83705519,1.0982896,2,3,0,7.8112569,0.45356238
-7.2662925,1,1.0982896,1,1,0,7.7442596,0.38897717
-7.050723,1,1.0982896,1,1,0,7.2723174,0.35450211
-6.8026803,1,1.0982896,1,1,0,6.965336,0.29276287
-6.9907493,0.9721577,1.0982896,2,3,0,6.9992677,0.17030762
-6.9907493,0.91063524,1.0982896,1,3,0,7.498245,0.17030762
-7.1912257,0.95606539,1.0982896,1,1,0,7.2157274,0.14616375
-7.2840329,0.99376679,1.0982896,2,3,0,7.3672141,0.13746859
-7.0929465,1,1.0982896,1,1,0,7.2877355,0.15684328
-8.5366905,0.84217225,1.0982896,1,3,0,8.6019722,0.07291762
-9.4256521,0.91599969,1.0982896,1,1,0,9.4931976,0.05046139
-7.6844814,0.95084158,1.0982896,1,3,0,9.2168309,0.10919766
-7.5564044,1,1.0982896,1,1,0,7.8012041,0.11701362
-8.3780525,0.88278224,1.0982896,1,1,0,8.3926985,0.078208651
-8.9866255,0.93593451,1.0982896,1,1,0,9.0989208,0.060260077
-8.8868378,1,1.0982896,1,1,0,9.2891353,0.062807598
-8.0953552,1,1.0982896,1,1,0,8.8472945,0.089038324
-7.2141972,0.97614379,1.0982896,1,3,0,7.9362272,0.14390247
-7.7794515,0.88751978,1.0982896,2,3,0,8.5047163,0.10394553
-8.0567318,0.96000698,1.0982896,1,1,0,8.1869839,0.090682049
-7.9659293,1,1.0982896,1,1,0,8.2543197,0.094727363
-7.1894458,0.80618727,1.0982896,2,3,0,10.690712,0.14634227
-6.8289133,0.92928211,1.0982896,2,3,0,8.1333145,0.20210355
-6.8253191,1,1.0982896,1,1,0,6.8491423,0.20312474
-6.8492317,0.92610145,1.0982896,2,3,0,7.2764364,0.30883412
-9.0642588,0.58722207,1.0982896,2,3,0,9.09723,0.058367291
-10.787067,0.87900859,1.0982896,1,1,0,10.788624,0.03007439
-11.763335,0.95952383,1.0982896,1,1,0,11.908559,0.021130433
-8.1810126,0.99896567,1.0982896,2,3,0,11.952262,0.085543762
-7.5956467,1,1.0982896,1,1,0,8.1370849,0.11451996
-6.9697385,0.91206647,1.0982896,2,3,0,9.5369254,0.17349887
-6.9823015,0.99701007,1.0982896,1,1,0,7.0377219,0.17156951
-7.9172242,0.87980731,1.0982896,1,3,0,7.9362558,0.097009698
-7.3947316,1,1.0982896,1,1,0,7.8627029,0.12839272
-7.7692994,0.93710575,1.0982896,1,1,0,7.8267049,0.10448729
-7.6936118,0.87158517,1.0982896,1,3,0,9.1513362,0.44132547
-10.534745,0.31094407,1.0982896,1,1,0,10.751329,0.64005035
-8.3829254,1,1.0982896,1,1,0,10.16102,0.50537201
-6.7880741,1,1.0982896,1,3,0,7.7898325,0.2864385
-9.9241345,0.43342856,1.0982896,1,3,0,9.946134,0.60816374
-6.9137884,1,1.0982896,1,3,0,9.5472709,0.18301202
-6.9137884,0.97561219,1.0982896,1,1,0,7.0156999,0.18301202
-6.7875889,1,1.0982896,1,1,0,6.8798369,0.21598258
-7.0783137,0.94337727,1.0982896,1,3,0,7.0832712,0.15859868
-6.7598946,1,1.0982896,1,3,0,7.0119323,0.23107567
-6.785821,0.96474553,1.0982896,2,3,0,6.9601289,0.21672497
-6.9071481,0.95878285,1.0982896,2,3,0,7.0819589,0.18426205
-7.5946338,0.89901768,1.0982896,1,3,0,7.6045174,0.11458317
-7.6002219,0.99968508,1.0982896,2,3,0,7.7820629,0.1142352
-9.358064,0.8252975,1.0982896,1,3,0,9.3927939,0.051835945
-6.9136043,0.93744496,1.0982896,1,3,0,9.3130106,0.18304628
-6.7480218,0.99662227,1.0982896,1,3,0,6.8897466,0.24996338
-7.3861216,0.75075968,1.0982896,2,3,0,8.1886596,0.12905626
-8.5772584,0.85541627,1.0982896,1,3,0,8.5801662,0.071642111
-6.9176804,0.99362212,1.0982896,2,3,0,8.6035002,0.18229308
-7.2134043,0.93358494,1.0982896,1,1,0,7.2180951,0.14397924
-7.4734141,0.98358825,1.0982896,2,3,0,7.5251887,0.12261416
-8.6739987,0.90747882,1.0982896,2,3,0,8.7588363,0.52807731
-7.0026451,0.97668146,1.0982896,1,3,0,8.8562575,0.16857588
-6.9572748,1,1.0982896,1,1,0,7.0366868,0.17548012
-6.8378179,1,1.0982896,2,3,0,6.9204095,0.30528725
-6.9053589,0.97601515,1.0982896,1,1,0,6.9284187,0.32406503
-7.8126289,0.70323945,1.0982896,1,1,0,7.8279738,0.4537394
-7.1719469,1,1.0982896,2,3,0,7.6525151,0.14812383
-6.7749126,0.95230885,1.0982896,2,3,0,7.3317931,0.2797069
-6.7789221,0.99864921,1.0982896,1,1,0,6.7871433,0.28189759
-6.7685737,0.8888622,1.0982896,2,3,0,7.2690781,0.22524613
-7.5312003,0.86125966,1.0982896,2,3,0,7.7737621,0.11866564
-7.8178434,0.86014054,1.0982896,1,3,0,8.9848366,0.45426741
-7.8178434,0.68162494,1.0982896,1,3,0,8.9264203,0.45426741
-6.7587412,1,1.0982896,1,3,0,7.4551892,0.26859314
-6.7692922,0.99651814,1.0982896,1,1,0,6.7714357,0.27635258
-6.7574713,1,1.0982896,1,1,0,6.7670502,0.26744083
-7.5144818,0.85922559,1.0982896,2,3,0,7.6198779,0.11978435
-7.1839697,1,1.0982896,2,3,0,7.4857711,0.14689457
-9.9184644,0.69847329,1.0982896,1,3,0,10.335355,0.041646445
-7.9660384,0.92500283,1.0982896,1,3,0,9.7199751,0.094722342
-7.201045,1,1.0982896,2,3,0,7.8265936,0.1451876
-7.2166872,0.99677832,1.0982896,1,1,0,7.3222129,0.14366198
-6.8809826,1,1.0982896,1,1,0,7.137174,0.18951092
-7.1307388,0.92706874,1.0982896,2,3,0,7.501434,0.15252356
-6.922165,1,1.0982896,1,1,0,7.0940347,0.18147666
-7.019247,0.97691898,1.0982896,1,1,0,7.0463038,0.16624117
-6.8451792,1,1.0982896,1,1,0,6.979478,0.19777298
-7.0471888,0.98353677,1.0982896,2,3,0,7.0496849,0.16250637
-6.9860193,0.90018995,1.0982896,2,3,0,8.3839769,0.17101076
-7.6373081,0.95045313,1.0982896,2,3,0,7.7871972,0.43518971
-7.6373081,0.30785044,1.0982896,1,1,0,9.5199278,0.43518971
-6.8405955,1,1.0982896,1,1,0,7.3391871,0.30616886
-7.8805078,0.82951926,1.0982896,2,3,0,7.882174,0.46051653
-6.9854767,1,1.0982896,2,3,0,8.1042472,0.17109197
-7.1674868,0.94051079,1.0982896,1,3,0,7.545923,0.37421134
-7.0684397,0.88628013,1.0982896,1,3,0,7.7089437,0.15981177
-6.8443991,0.97901794,1.0982896,2,3,0,7.2306032,0.30735637
-6.9494868,0.96260033,1.0982896,1,1,0,6.9718426,0.33432021
-6.7490293,1,1.0982896,1,3,0,6.8919844,0.25563917
-6.819505,0.96438044,1.0982896,2,3,0,6.9204375,0.20483417
-6.9091802,0.9766834,1.0982896,1,1,0,6.9159539,0.1838763
-7.0114921,0.97548776,1.0982896,1,1,0,7.0349625,0.16732029
-7.4918532,0.90305192,1.0982896,1,1,0,7.4945172,0.12132884
-7.6462776,0.97379369,1.0982896,1,1,0,7.7668937,0.11143447
-7.9812023,0.94947293,1.0982896,1,1,0,8.0799598,0.094028348
-7.0348379,1,1.0982896,1,3,0,7.8024612,0.16412882
-6.8598989,1,1.0982896,1,1,0,6.9973828,0.19419501
-6.9771715,0.98761095,1.0982896,2,3,0,6.9777429,0.34022904
-7.607773,0.89905137,1.0982896,2,3,0,7.6509355,0.43189652
-8.1992565,0.78276427,1.0982896,1,1,0,8.488393,0.48992241
-7.314709,0.79790461,1.0982896,1,3,0,9.1625204,0.13482797
-7.1262426,1,1.0982896,1,1,0,7.3261059,0.15302236
-6.9703342,1,1.0982896,1,1,0,7.1178208,0.1734059
-7.0764129,0.97569904,1.0982896,1,1,0,7.1120401,0.15883037
-6.7487326,0.99518312,1.0982896,2,3,0,7.0909614,0.24530658
-6.7487326,0.76772617,1.0982896,1,3,0,7.7258574,0.24530658
-7.8191203,0.75868503,1.0982896,1,3,0,8.0991004,0.10187088
-6.7783595,0.97954593,1.0982896,1,3,0,7.6973136,0.220084
-6.7488321,1,1.0982896,1,3,0,6.7708081,0.24499045
-6.7657981,0.97292263,1.0982896,2,3,0,6.8796423,0.27404776
-6.7563782,1,1.0982896,1,1,0,6.7642439,0.26638706
-6.7817272,0.99163933,1.0982896,1,1,0,6.7823452,0.28335037
-6.9131919,0.97989468,1.0982896,2,3,0,6.9217438,0.18312309
-7.0257137,0.9732225,1.0982896,1,1,0,7.0484408,0.16535599
-7.3838938,0.9263879,1.0982896,1,1,0,7.3956431,0.12922902
-7.1938737,1,1.0982896,1,1,0,7.4080572,0.14589907
-6.7541123,1,1.0982896,2,3,0,7.1393778,0.2639622
-6.8410546,0.98304759,1.0982896,2,3,0,6.8592554,0.19882995
-7.1851977,0.9430025,1.0982896,1,3,0,7.1856272,0.14677032
-6.9173236,1,1.0982896,1,1,0,7.1291605,0.18235857
-7.0021027,0.97967694,1.0982896,1,1,0,7.0302063,0.16865373
-7.2377167,0.94926204,1.0982896,1,1,0,7.2594115,0.14166511
-9.151042,0.8302646,1.0982896,1,3,0,9.2742159,0.056338026
-9.270154,0.98971167,1.0982896,1,1,0,9.5985354,0.053692097
-8.0811027,1,1.0982896,1,1,0,9.1421319,0.089639769
-6.8717731,1,1.0982896,1,3,0,7.9063876,0.19150015
-7.6679569,0.81382914,1.0982896,1,3,0,7.9534599,0.43855212
-6.8357581,1,1.0982896,1,1,0,7.3557114,0.30462523
-7.0343279,0.93004857,1.0982896,1,1,0,7.0485948,0.35147225
-6.7547731,0.74915396,1.0982896,2,3,0,7.999158,0.26470912
-7.0730878,0.91792327,1.0982896,1,3,0,7.0784846,0.35851644
-7.0730878,0.53517637,1.0982896,1,1,0,8.0455316,0.35851644
-6.7482834,0.83604401,1.0982896,2,3,0,7.6925803,0.24714789
-6.9739282,0.87447031,1.0982896,2,3,0,7.3486905,0.33955444
-7.1411509,0.9794042,1.0982896,2,3,0,7.2054884,0.37001213
-7.1411509,0.9050393,1.0982896,1,1,0,7.4158879,0.37001213
-6.9246259,0.95120968,1.0982896,1,3,0,7.4258953,0.18103396
-7.1191863,0.93331371,1.0982896,2,3,0,7.5381357,0.1538131
-6.7525653,0.99620172,1.0982896,1,3,0,7.0567572,0.23821228
-6.8259325,0.98196931,1.0982896,2,3,0,6.8647931,0.3013621
-6.8259325,0.69133443,1.0982896,1,3,0,8.1324439,0.3013621
-7.0145499,0.97526559,1.0982896,2,3,0,7.0185343,0.16689245
-7.2413924,0.95141467,1.0982896,1,1,0,7.2662485,0.14132219
-6.881967,1,1.0982896,1,1,0,7.1562074,0.18930306
-7.2321144,0.90777771,1.0982896,1,3,0,7.4888614,0.38402962
-6.7615218,1,1.0982896,1,3,0,7.1641522,0.22984493
-6.748076,0.99449076,1.0982896,2,3,0,6.7927368,0.24869943
-9.5984923,0.48174243,1.0982896,1,3,0,9.6986593,0.5894784
-7.5995201,1,1.0982896,2,3,0,9.7434853,0.1142788
-6.8183655,0.9205562,1.0982896,1,3,0,7.7747051,0.29871547
-6.7951665,0.85559413,1.0982896,2,3,0,7.3554819,0.28962549
-6.765739,0.99492994,1.0982896,1,3,0,6.82252,0.22697643
-7.1642078,0.91508904,1.0982896,1,3,0,7.193353,0.14892759
-7.1642078,0.73682083,1.0982896,1,3,0,9.1498355,0.14892759
-7.3192636,0.98963982,1.0982896,2,3,0,7.3831467,0.13444465
-7.2444116,1,1.0982896,1,1,0,7.4024205,0.14104185
-8.2721237,0.92529189,1.0982896,2,3,0,8.4219585,0.49616716
-7.012342,1,1.0982896,1,1,0,7.8070882,0.34728136
-7.0960896,0.96851287,1.0982896,1,1,0,7.1819512,0.36251509
-6.7812911,1,1.0982896,1,1,0,6.9841385,0.28312837
-7.2854118,0.87208985,1.0982896,1,3,0,7.2856329,0.3916791
-7.2854118,0.62309425,1.0982896,1,1,0,8.101581,0.3916791
-7.2854118,0.60231632,1.0982896,1,1,0,8.1466209,0.3916791
-6.7871501,0.92196682,1.0982896,2,3,0,7.6839958,0.21616516
-6.8298179,0.9474929,1.0982896,2,3,0,7.0976515,0.30267422
-6.8298179,0.6750579,1.0982896,1,3,0,8.2300145,0.30267422
-6.7855839,0.9439014,1.0982896,2,3,0,7.0863749,0.21682594
-6.7712445,1,1.0982896,1,1,0,6.785944,0.22372745
-6.7504312,1,1.0982896,1,3,0,6.7650948,0.24139034
-6.7504312,0.92766473,1.0982896,1,3,0,7.002789,0.24139034
-6.8945636,0.91871957,1.0982896,2,3,0,7.1818216,0.18671804
-6.8556592,1,1.0982896,1,1,0,6.9064984,0.19519665
-6.9639876,0.95244151,1.0982896,2,3,0,7.2610537,0.17440439
-7.52371,0.91931499,1.0982896,1,3,0,7.5237795,0.11916454
-8.1493856,0.90620833,1.0982896,1,1,0,8.182516,0.086810671
-9.4826013,0.86207163,1.0982896,1,1,0,9.4863649,0.049337048
-7.6335994,0.96348128,1.0982896,1,3,0,9.2713092,0.11219377
-7.6335994,0.82184369,1.0982896,1,3,0,9.2671181,0.11219377
-6.748128,0.95767657,1.0982896,1,3,0,7.5870248,0.24818061
-6.8426392,0.97593395,1.0982896,2,3,0,6.8907303,0.19842079
-6.8871623,0.91176972,1.0982896,2,3,0,7.5547001,0.18822047
-6.7541257,0.96862355,1.0982896,2,3,0,7.1460398,0.23636132
-6.9695478,0.95037081,1.0982896,1,3,0,6.9853841,0.17352867
-6.7485591,0.99499812,1.0982896,2,3,0,6.991635,0.245917
-8.8079106,0.58056506,1.0982896,1,3,0,9.5833677,0.064919911
-6.9214061,0.99012868,1.0982896,1,3,0,8.6583027,0.18161393
-6.7690923,0.95842809,1.0982896,2,3,0,7.3145378,0.22494344
-6.8488204,0.9777906,1.0982896,1,1,0,6.8488851,0.19686076
-7.0504163,0.95087115,1.0982896,1,1,0,7.0533143,0.16208943
-7.072796,0.99497344,1.0982896,1,1,0,7.1442718,0.15927365
-7.2130953,0.8274399,1.0982896,2,3,0,9.1393623,0.14400919
-6.9401088,1,1.0982896,1,1,0,7.1593546,0.17832958
-7.4469301,0.92548202,1.0982896,1,3,0,7.4469426,0.12450432
-7.420302,1,1.0982896,1,1,0,7.5866727,0.12645985
-6.7955501,0.94081101,1.0982896,1,3,0,7.5288014,0.28979112
-6.7679599,1,1.0982896,2,3,0,6.7874314,0.22560956
-7.5266056,0.84305355,1.0982896,1,3,0,7.625313,0.11897123
-7.4809762,1,1.0982896,2,3,0,7.6681882,0.12208406
-7.4199154,1,1.0982896,1,1,0,7.6041849,0.12648866
-6.8128855,1,1.0982896,1,3,0,7.294979,0.20687694
-6.7597251,0.99413503,1.0982896,1,3,0,6.8309156,0.26944103
-6.7597251,0.6445652,1.0982896,1,3,0,7.8164052,0.26944103
-7.2773796,0.86894954,1.0982896,1,3,0,7.283596,0.3905495
-7.9731329,0.89434109,1.0982896,2,3,0,8.1242225,0.46944837
-6.7922625,1,1.0982896,1,3,0,7.5348389,0.28835008
-7.1310272,0.94280295,1.0982896,2,3,0,7.1318927,0.3683637
-9.2742964,0.41744028,1.0982896,1,1,0,9.3294327,0.56950226
-8.0315562,1,1.0982896,1,1,0,9.1813222,0.47490962
-6.7519314,1,1.0982896,1,3,0,7.6091629,0.26116041
-6.8316908,0.97638011,1.0982896,1,3,0,6.8593801,0.20133162
-6.7485187,0.98082974,1.0982896,2,3,0,6.9669407,0.24607302
-6.9445354,0.95112875,1.0982896,1,3,0,6.9709188,0.17758056
-6.9105661,1,1.0982896,1,1,0,6.9724469,0.18361486
-7.2651402,0.96777877,1.0982896,2,3,0,7.3084662,0.38881287
-7.1441043,1,1.0982896,1,1,0,7.3512173,0.37048935
-6.7727289,1,1.0982896,1,3,0,7.0129261,0.27844773
-7.0882568,0.91912675,1.0982896,1,3,0,7.0883596,0.36116743
-6.7996036,0.98636473,1.0982896,1,3,0,7.1421517,0.21135344
-7.0047218,0.96244278,1.0982896,1,3,0,7.0047826,0.16827874
-7.3798346,0.92218592,1.0982896,1,1,0,7.3879561,0.12954494
-6.7847953,1,1.0982896,1,3,0,7.2667005,0.21716422
-6.8629196,0.92123499,1.0982896,2,3,0,7.2940625,0.19349451
-6.9737896,0.98817971,1.0982896,2,3,0,6.9739746,0.33952551
-8.3660797,0.72332753,1.0982896,2,3,0,8.3771581,0.078628891
-9.7728471,0.86744909,1.0982896,1,1,0,9.7774211,0.044048121
-11.377768,0.91160002,1.0982896,1,1,0,11.394581,0.024260376
-7.1767332,1,1.0982896,2,3,0,10.934117,0.14763167
-6.7905918,1,1.0982896,1,3,0,7.0871387,0.2147614
-7.7963683,0.80882384,1.0982896,1,3,0,7.9238386,0.10305268
-8.5703791,0.8997878,1.0982896,1,1,0,8.6063339,0.071856307
-7.3114095,0.97827982,1.0982896,1,3,0,8.3703087,0.13510704
-6.831268,1,1.0982896,1,3,0,7.2008833,0.2014482
-6.8497593,0.99836298,1.0982896,2,3,0,6.8694317,0.19662858
-6.8762144,0.9977085,1.0982896,2,3,0,6.8990714,0.19053055
-6.7535861,0.97043632,1.0982896,2,3,0,7.1190996,0.23697058
-6.9747477,0.94672035,1.0982896,2,3,0,7.0965386,0.17272175
-7.0677678,0.97865254,1.0982896,1,1,0,7.1067532,0.15989519
-8.6000449,0.74164815,1.0982896,2,3,0,9.7135072,0.52249496
-7.0708006,1,1.0982896,1,1,0,8.0325231,0.35811184
-7.1996929,0.98372918,1.0982896,2,3,0,7.3040335,0.37918506
-7.0138599,0.91338875,1.0982896,1,3,0,7.6432427,0.16698873
-7.0215556,0.99821897,1.0982896,1,1,0,7.0885423,0.16592365
-7.7554377,0.90180917,1.0982896,1,3,0,7.7570392,0.10523434
-6.8009256,0.91137015,1.0982896,1,3,0,7.9170098,0.29204941
-6.8601451,0.97942452,1.0982896,1,1,0,6.8714709,0.31205505
-6.8359296,1,1.0982896,2,3,0,6.8782979,0.30468061
-6.8952829,0.97894263,1.0982896,1,1,0,6.9184158,0.32154385
-7.4261723,0.77677535,1.0982896,2,3,0,7.967164,0.12602383
-7.3011207,0.91004772,1.0982896,2,3,0,8.2453659,0.39386591
-7.3244372,0.99073726,1.0982896,1,1,0,7.5294362,0.39705936
-9.7848226,0.36336679,1.0982896,1,1,0,9.891855,0.60032718
-7.5229592,1,1.0982896,1,1,0,9.0311419,0.42212719
-8.1528216,0.77100743,1.0982896,1,1,0,8.4052485,0.48585825
-8.1528216,0.051494843,1.0982896,1,1,0,13.156579,0.48585825
-7.8049601,1,1.0982896,1,1,0,8.3941714,0.45296056
-7.8049601,0.46994808,1.0982896,1,1,0,9.1756839,0.45296056
-6.9920583,1,1.0982896,1,1,0,7.5267986,0.34327073
-6.7939774,1,1.0982896,1,1,0,6.9247785,0.28910784
-6.7495142,0.99913485,1.0982896,1,3,0,6.7901879,0.24321242
-6.9238752,0.92442369,1.0982896,2,3,0,7.1316007,0.32851137
-7.7518361,0.72462867,1.0982896,1,1,0,7.7735036,0.44748783
-7.2365646,1,1.0982896,1,1,0,7.6876944,0.38468276
-6.7590869,0.82562259,1.0982896,2,3,0,7.9286414,0.23171914
-6.8238733,0.98614494,1.0982896,1,3,0,6.8239733,0.20354299
-6.7513847,0.99610589,1.0982896,1,3,0,6.8246611,0.26034366
-6.7722301,0.99322319,1.0982896,1,1,0,6.7722408,0.27815272
-6.9158872,0.97662501,1.0982896,2,3,0,6.9164803,0.32662104
-6.9158872,0.34314565,1.0982896,1,1,0,8.5334974,0.32662104
-7.0254073,0.78053949,1.0982896,2,3,0,7.8570968,0.16539763
-7.3235364,0.93779613,1.0982896,1,1,0,7.3412297,0.13408704
-6.8614651,0.88430471,1.0982896,2,3,0,8.2692187,0.31243454
-6.8614651,0.67813084,1.0982896,1,1,0,7.4894604,0.31243454
-6.7949433,1,1.0982896,1,1,0,6.8470833,0.2895288
-6.9085558,0.9607028,1.0982896,1,1,0,6.9148676,0.32484928
-6.9085558,0.55797561,1.0982896,1,1,0,7.8182912,0.32484928
-6.7590134,1,1.0982896,1,3,0,6.857967,0.26883142
-7.1583216,0.88627163,1.0982896,1,3,0,7.3036702,0.14954566
-6.7536566,0.99569283,1.0982896,1,3,0,7.0903325,0.23688922
-6.7495178,1,1.0982896,1,1,0,6.7524688,0.24320429
-6.7556512,0.99703121,1.0982896,2,3,0,6.764944,0.26564853
-8.1061242,0.56365483,1.0982896,2,3,0,9.6656093,0.088587769
-6.7617002,0.94453392,1.0982896,1,3,0,8.0315244,0.22971481
-7.2689646,0.89038247,1.0982896,1,3,0,7.3224846,0.13880499
-7.0605838,1,1.0982896,2,3,0,7.2597126,0.1607942
-6.9091542,1,1.0982896,1,1,0,7.0408336,0.18388121
-6.870444,0.92169239,1.0982896,2,3,0,7.6817136,0.19179421
-7.2147765,0.78931575,1.0982896,2,3,0,8.5341001,0.14384644
-7.2147765,0.97315756,1.0982896,1,1,0,7.4016426,0.14384644
-7.3186393,0.93790971,1.0982896,2,3,0,8.0409616,0.13449707
-6.8272149,0.87433247,1.0982896,2,3,0,8.3362938,0.30179848
-6.8444124,0.99393838,1.0982896,1,1,0,6.8689514,0.3073605
-7.4379064,0.58755044,1.0982896,2,3,0,8.8484225,0.12516066
-7.398613,1,1.0982896,1,1,0,7.5675123,0.12809573
-7.7511526,0.98020185,1.0982896,2,3,0,7.8131018,0.10546701
-7.5328884,1,1.0982896,1,1,0,7.8254166,0.11855371
-8.1272189,0.91074417,1.0982896,1,1,0,8.1654173,0.08771474
-7.8981773,1,1.0982896,1,1,0,8.2538076,0.097925069
-6.7524991,0.94913284,1.0982896,1,3,0,7.8348148,0.23829761
-7.861861,0.74443566,1.0982896,1,3,0,7.9425189,0.45867519
-7.0001137,1,1.0982896,1,1,0,7.5647617,0.34488115
-7.0410732,0.98459049,1.0982896,1,1,0,7.1265578,0.35272818
-7.8599232,0.7219717,1.0982896,1,1,0,7.9185704,0.45848296
-7.0384706,1,1.0982896,2,3,0,7.893272,0.16364711
-7.0283962,1,1.0982896,1,1,0,7.1058631,0.16499259
-7.1270145,0.97818715,1.0982896,1,1,0,7.1761588,0.15293644
-6.7536223,0.99221239,1.0982896,2,3,0,7.16547,0.23692875
-7.401575,0.57299011,1.0982896,2,3,0,9.3514401,0.12786996
-7.0753638,1,1.0982896,1,1,0,7.3550297,0.15895863
-7.0806992,0.95559121,1.0982896,2,3,0,7.6446582,0.15830912
-8.4089604,0.85323152,1.0982896,1,3,0,8.4580975,0.077137914
-10.543644,0.84008898,1.0982896,2,3,0,10.554576,0.64048799
-6.7508789,1,1.0982896,1,3,0,9.3335885,0.24063125
-6.8117518,0.98403318,1.0982896,2,3,0,6.8464026,0.29629062
-7.4431491,0.79136193,1.0982896,1,1,0,7.4440246,0.4124603
-7.4431491,0.26115505,1.0982896,1,1,0,9.4918095,0.4124603
-8.7394091,0.5851897,1.0982896,1,1,0,8.9286781,0.53291741
-7.253225,1,1.0982896,2,3,0,9.0404585,0.14023022
-7.253225,0.79817327,1.0982896,1,3,0,9.2939978,0.14023022
-7.2398844,1,1.0982896,1,1,0,7.3646101,0.14146266
-7.0227834,1,1.0982896,1,1,0,7.219968,0.16575546
-6.9582696,1,1.0982896,1,1,0,7.0485458,0.1753194
-6.7789074,0.85335774,1.0982896,2,3,0,7.9283908,0.28188982
-7.34905,0.83036155,1.0982896,1,3,0,7.6251588,0.13199047
-7.7355842,0.93382265,1.0982896,1,1,0,7.7849113,0.10631939
-6.8455042,1,1.0982896,1,3,0,7.5777706,0.19769078
-6.7480242,0.98027374,1.0982896,2,3,0,6.9711016,0.25027651
-6.7518593,0.99708597,1.0982896,2,3,0,6.7618211,0.23915715
-6.7740328,0.99507028,1.0982896,1,3,0,6.7740393,0.22223737
-6.7607834,0.99234815,1.0982896,2,3,0,6.8248617,0.23039323
-6.7607834,0.47100112,1.0982896,1,3,0,9.9349252,0.23039323
-6.9201451,0.96517348,1.0982896,1,3,0,6.9245793,0.18184281
-6.8638847,1,1.0982896,1,1,0,6.9267133,0.19327293
-6.8521799,0.9743222,1.0982896,2,3,0,7.1112251,0.19603554
-6.8062979,1,1.0982896,2,3,0,6.8487104,0.20902721
-6.7898289,1,1.0982896,1,1,0,6.8108037,0.21506716
-6.8527051,0.97981263,1.0982896,1,3,0,6.9303837,0.30987602
-6.7792575,1,1.0982896,1,1,0,6.8312655,0.28207454
-6.7792575,0.95535758,1.0982896,1,1,0,6.8664004,0.28207454
-7.9824505,0.71871373,1.0982896,1,3,0,7.9881602,0.47032797
-6.9850664,0.98613099,1.0982896,2,3,0,8.3514673,0.17115346
-7.0421887,0.96139623,1.0982896,1,3,0,7.3961179,0.35293459
-6.7802249,0.63963875,1.0982896,2,3,0,8.5829847,0.28257979
-7.1983397,0.63123844,1.0982896,2,3,0,8.6247825,0.14545509
-6.9872152,0.91643171,1.0982896,2,3,0,8.7376915,0.17083218
-6.8386875,1,1.0982896,1,1,0,6.9543467,0.19944848
-6.9325728,0.97607927,1.0982896,1,1,0,6.9426384,0.17962893
-8.9023915,0.41272942,1.0982896,2,3,0,11.206582,0.54460479
-7.2071384,1,1.0982896,1,1,0,8.2987126,0.38031142
-6.838491,1,1.0982896,2,3,0,7.2323989,0.19950023
-6.7495611,0.83253928,1.0982896,2,3,0,7.8656674,0.25697817
-6.7495611,0.42283711,1.0982896,1,3,0,10.227327,0.25697817
lp__,accept_stat__,stepsize__,treedepth__,n_leapfrog__,divergent__,energy__,theta
-7.950196,0.7533857,1.1632231,2,3,0,8.2022422,0.095455654
-7.9965847,0.99206989,1.1632231,1,1,0,8.2693533,0.093332114
-7.0782816,1,1.1632231,1,1,0,7.7840817,0.15860259
-6.8077278,1,1.1632231,2,3,0,7.0317382,0.29475704
-7.1681873,0.91213133,1.1632231,2,3,0,7.2577701,0.14851305
-6.9811929,1,1.1632231,1,1,0,7.1585328,0.17173717
-7.4068841,0.89504151,1.1632231,1,1,0,7.4219119,0.12746718
-6.9198227,1,1.1632231,1,1,0,7.2791145,0.18190149
-7.3370389,0.90851647,1.1632231,2,3,0,7.5502887,0.39876033
-7.020505,1,1.1632231,1,1,0,7.2988573,0.34885536
-7.1665286,0.93463654,1.1632231,1,1,0,7.2795269,0.37406072
-7.1498516,1,1.1632231,1,1,0,7.3357641,0.37141335
-7.5362666,0.95158475,1.1632231,2,3,0,7.5457239,0.11833028
-7.3483389,0.94933429,1.1632231,2,3,0,8.0964334,0.40027126
-6.8307046,1,1.1632231,1,1,0,7.1382203,0.30296956
-6.7658733,0.9825146,1.1632231,2,3,0,6.8998601,0.22689125
-6.7480776,0.99834943,1.1632231,2,3,0,6.768512,0.24868007
-6.8009972,0.77671549,1.1632231,2,3,0,7.7090063,0.29207874
-6.7845327,1,1.1632231,1,1,0,6.8074779,0.28474673
-7.4684811,0.73904274,1.1632231,1,1,0,7.4738476,0.41558272
-7.067672,1,1.1632231,1,1,0,7.4100301,0.35755628
-6.7657965,1,1.1632231,1,3,0,6.9894282,0.22693994
-8.5740459,0.63469406,1.1632231,1,3,0,8.8601547,0.07174203
-7.0254706,1,1.1632231,2,3,0,8.0464147,0.34980228
-6.7887275,1,1.1632231,2,3,0,6.9326405,0.28674273
-6.7887275,0.41861278,1.1632231,1,3,0,10.502874,0.28674273
-7.310945,0.41921569,1.1632231,2,3,0,9.710963,0.13514642
-6.8708049,1,1.1632231,1,1,0,7.1877635,0.19171417
-6.7481594,0.98830459,1.1632231,2,3,0,6.9253706,0.25207806
-7.5329432,0.7915637,1.1632231,1,3,0,7.538026,0.42330272
-7.5329432,0.15106204,1.1632231,1,1,0,9.8372286,0.42330272
-8.0198708,0.78546598,1.1632231,1,1,0,8.3800131,0.47382745
-7.8847082,1,1.1632231,1,1,0,8.4882186,0.46092924
-7.1599467,0.94199457,1.1632231,1,3,0,8.1983084,0.14937442
-7.0189552,1,1.1632231,1,1,0,7.1794344,0.16628142
-6.9031524,1,1.1632231,1,1,0,7.017056,0.18502908
-7.238266,0.96899272,1.1632231,2,3,0,7.2482997,0.14161375
-7.238266,0.743982,1.1632231,1,3,0,9.2819842,0.14161375
-8.2220449,0.81372853,1.1632231,1,1,0,8.2266763,0.083939032
-8.3616501,0.9792588,1.1632231,1,1,0,8.64746,0.078785151
-6.7580233,0.85515043,1.1632231,1,3,0,8.1847167,0.26795043
-7.2517015,0.89481034,1.1632231,2,3,0,7.2517202,0.38688404
-7.2796435,0.98675718,1.1632231,1,1,0,7.5047167,0.39086868
-6.8817718,0.98025863,1.1632231,1,3,0,7.3213922,0.18934421
-8.7451799,0.62297136,1.1632231,1,3,0,8.8965857,0.53334017
-6.7863487,1,1.1632231,1,1,0,7.8503262,0.28562354
-6.9064019,0.97193944,1.1632231,2,3,0,6.9384841,0.18440442
-7.1171693,0.97817201,1.1632231,2,3,0,7.2540378,0.36607442
-6.7481727,1,1.1632231,1,3,0,6.9714688,0.25217593
-6.7576416,0.99519647,1.1632231,2,3,0,6.7663278,0.26759955
-8.0670185,0.66645903,1.1632231,2,3,0,8.4003261,0.09023996
-7.8561581,1,1.1632231,1,1,0,8.2388841,0.099992093
-7.253055,1,1.1632231,2,3,0,7.6351187,0.38707937
-7.253055,0.54551566,1.1632231,1,1,0,8.0982943,0.38707937
-7.253055,0.77747914,1.1632231,1,1,0,7.7393098,0.38707937
-6.9271648,1,1.1632231,1,1,0,7.1700569,0.32927829
-8.9834113,0.61607061,1.1632231,2,3,0,9.0473098,0.55022891
-6.9520041,1,1.1632231,1,1,0,8.0798163,0.3348723
-7.9726919,0.77644738,1.1632231,2,3,0,8.0478985,0.46940666
-8.0125407,0.98026323,1.1632231,1,1,0,8.5924217,0.47314606
-8.0125407,0.5714634,1.1632231,1,3,0,9.1085541,0.47314606
-6.99306,0.9874728,1.1632231,1,3,0,7.9932208,0.1699672
-7.3697349,0.57949931,1.1632231,2,3,0,9.2830221,0.40309632
-6.9075187,0.97756877,1.1632231,1,3,0,7.4239553,0.18419148
-6.7887978,1,1.1632231,1,1,0,6.8724549,0.21548515
-7.0124458,0.9312798,1.1632231,1,1,0,7.0127152,0.16718652
-7.0124458,0.93448163,1.1632231,1,1,0,7.2413685,0.16718652
-7.7912948,0.82617826,1.1632231,1,1,0,7.7921474,0.10331917
-6.8339683,1,1.1632231,2,3,0,7.56417,0.30404407
-7.1896726,0.85835667,1.1632231,2,3,0,7.391198,0.1463195
-7.088468,1,1.1632231,2,3,0,7.2450477,0.15737532
-7.3166565,0.94418939,1.1632231,1,1,0,7.375507,0.1346638
-7.8355832,0.89600418,1.1632231,1,1,0,7.891124,0.10102902
-6.7481005,0.89999362,1.1632231,2,3,0,7.7577512,0.25157074
-6.748319,0.99933646,1.1632231,2,3,0,6.7500281,0.25305624
-6.8181811,0.80496243,1.1632231,2,3,0,7.5558692,0.29864934
-6.8181811,0.26609302,1.1632231,1,1,0,8.3211995,0.29864934
-6.8955286,0.96738952,1.1632231,1,1,0,6.9197842,0.32160625
-6.8955286,0.32297388,1.1632231,1,1,0,8.1763253,0.32160625
-6.7531048,0.82025314,1.1632231,2,3,0,7.5048447,0.23754006
-6.7531048,0.42295069,1.1632231,1,3,0,8.5321181,0.23754006
-6.8342138,0.57455547,1.1632231,2,3,0,8.5549613,0.30412411
-6.7877083,1,1.1632231,2,3,0,6.8315951,0.21593312
-6.7877083,0.50938938,1.1632231,1,3,0,8.3372015,0.21593312
-7.0439532,0.92189895,1.1632231,1,1,0,7.043958,0.16292724
-6.9045666,1,1.1632231,1,1,0,7.0327042,0.18475629
-6.9207126,0.9951598,1.1632231,1,1,0,6.9688877,0.18173968
-7.197898,0.97525298,1.1632231,2,3,0,7.2155835,0.14549887
-7.1302477,0.99017943,1.1632231,2,3,0,8.008398,0.15257785
-7.3733813,0.94219283,1.1632231,1,1,0,7.438683,0.13005027
-7.5143152,0.96950661,1.1632231,1,1,0,7.6517891,0.11979559
-7.5107495,1,1.1632231,2,3,0,9.0971024,0.12003666
-6.7599873,0.9675163,1.1632231,1,3,0,7.3199381,0.23100329
-6.7663639,0.65754277,1.1632231,2,3,0,8.6870362,0.22658316
-7.4141391,0.85835349,1.1632231,1,3,0,7.4460198,0.12692065
-7.9671439,0.89504942,1.1632231,1,1,0,8.031839,0.094671484
-9.1587928,0.94140346,1.1632231,2,3,0,9.5721928,0.56201349
-7.4483149,0.91308285,1.1632231,1,3,0,9.5984821,0.12440417
-8.1555113,1,1.1632231,2,3,0,8.7175428,0.48609553
-7.0408051,1,1.1632231,1,1,0,7.735035,0.35267851
-7.0375929,1,1.1632231,1,1,0,7.164724,0.35208184
-6.7746347,1,1.1632231,1,1,0,6.9296169,0.27954942
-6.7711585,1,1.1632231,2,3,0,6.782027,0.27750894
-6.7563024,1,1.1632231,2,3,0,6.7722707,0.23414829
-6.7767778,0.96984942,1.1632231,2,3,0,6.8640504,0.22085102
-6.8784255,0.96686327,1.1632231,1,1,0,6.8804268,0.19005504
-7.0691468,0.97327658,1.1632231,2,3,0,7.213545,0.35781847
-7.7561171,0.71934641,1.1632231,1,1,0,7.887243,0.44793399
-7.9338649,0.9152726,1.1632231,1,1,0,8.4054675,0.46570421
-7.7933744,1,1.1632231,2,3,0,8.354065,0.45177868
-8.6049263,0.66611213,1.1632231,1,1,0,9.0958683,0.52286714
-7.1052058,1,1.1632231,2,3,0,8.0212914,0.36406617
-6.8065776,0.99186286,1.1632231,1,3,0,7.0834247,0.2089333
-6.8065776,0.81884931,1.1632231,1,3,0,7.5115042,0.2089333
-6.858956,0.99439038,1.1632231,2,3,0,6.8721689,0.19441587
-6.7485541,0.68956296,1.1632231,2,3,0,8.7377923,0.2540935
-7.2535715,0.86451189,1.1632231,1,3,0,7.3189748,0.14019851
-6.7705981,0.95228503,1.1632231,2,3,0,7.3474251,0.2240862
-6.7485237,0.99698856,1.1632231,2,3,0,6.7839376,0.2539743
-9.525259,0.44822997,1.1632231,1,3,0,9.5295482,0.58509286
-6.9208694,1,1.1632231,2,3,0,8.3319196,0.3278048
-6.7591251,0.81952499,1.1632231,2,3,0,7.5289574,0.23168817
-6.7825858,0.99179573,1.1632231,1,1,0,6.784467,0.21813336
-6.8918043,0.93449966,1.1632231,2,3,0,7.0847358,0.32065505
-7.8064859,0.65230452,1.1632231,1,1,0,7.8542665,0.45311574
-7.8064859,0.68781288,1.1632231,2,3,0,8.657273,0.45311574
-6.7630508,1,1.1632231,1,3,0,7.4259897,0.22875707
-7.649346,0.7497454,1.1632231,2,3,0,8.0460343,0.111252
-6.8155391,0.96894528,1.1632231,2,3,0,7.8975753,0.20604481
-6.8527981,0.99601536,1.1632231,2,3,0,6.8705185,0.19588533
-6.764424,1,1.1632231,1,1,0,6.8232617,0.22782835
-6.764424,0.54985993,1.1632231,1,3,0,8.0554151,0.22782835
-7.4379487,0.82903572,1.1632231,1,3,0,7.4723004,0.41181272
-7.0594116,0.92236949,1.1632231,2,3,0,7.9208851,0.16094214
-7.5858583,0.8505346,1.1632231,2,3,0,8.4309242,0.11513331
-10.591218,0.78855647,1.1632231,1,3,0,10.767408,0.032328067
-8.2181435,1,1.1632231,1,3,0,10.319619,0.084089764
-7.0109362,1,1.1632231,1,3,0,7.9406834,0.1673984
-7.4549141,0.89308229,1.1632231,1,1,0,7.4727822,0.12392889
-6.9652698,1,1.1632231,1,1,0,7.335518,0.17420124
-7.3938007,0.89331002,1.1632231,1,1,0,7.406336,0.12846415
-7.0612596,1,1.1632231,2,3,0,7.3486227,0.16070907
-7.4418889,0.93476407,1.1632231,2,3,0,7.9288079,0.41230358
-7.2376037,1,1.1632231,1,1,0,7.5591501,0.38483486
-6.7504667,1,1.1632231,1,3,0,7.0362505,0.2588082
-6.9545754,0.94101651,1.1632231,1,3,0,6.9828758,0.1759186
-6.8737672,1,1.1632231,2,3,0,6.9590112,0.19106238
-6.9802894,0.96861841,1.1632231,1,1,0,7.0056987,0.17187418
-7.332024,0.91147829,1.1632231,1,1,0,7.353432,0.13338227
-6.9549834,1,1.1632231,2,3,0,7.2462742,0.1758521
-6.9774145,0.99354538,1.1632231,1,1,0,7.0390914,0.17231231
-6.9692933,1,1.1632231,1,1,0,7.0437467,0.17356846
-10.253363,0.5446986,1.1632231,1,3,0,10.794753,0.036673577
-7.3019926,0.94576148,1.1632231,1,3,0,9.9336125,0.13590997
-7.262573,1,1.1632231,1,1,0,7.4300164,0.13938007
-6.7501498,0.98778834,1.1632231,2,3,0,7.2857418,0.25821336
-8.222259,0.6488454,1.1632231,1,3,0,8.5556749,0.08393077
-7.6305707,1,1.1632231,1,1,0,8.2039152,0.11237645
-8.7956813,0.82591464,1.1632231,1,3,0,9.639296,0.53701124
-6.8296596,1,1.1632231,1,1,0,7.8956322,0.30262136
-7.2016349,0.84729554,1.1632231,1,1,0,7.2249903,0.37947967
-7.2016349,0.47514371,1.1632231,1,1,0,8.1656641,0.37947967
-6.8583805,0.91050275,1.1632231,2,3,0,7.5344956,0.1945512
-6.7480247,0.99732025,1.1632231,1,3,0,6.8257307,0.25030562
-6.7660531,0.96967606,1.1632231,2,3,0,6.8399025,0.27422295
-10.924627,0.32969253,1.1632231,2,3,0,11.069026,0.028595516
-6.7933433,0.9682409,1.1632231,2,3,0,11.346153,0.28882925
-6.7481168,0.75406069,1.1632231,2,3,0,7.7356853,0.25172617
-9.9475752,0.47574676,1.1632231,2,3,0,10.222784,0.041184724
-6.7697252,0.75707007,1.1632231,1,3,0,9.7898795,0.22457932
-6.7697252,0.48643853,1.1632231,1,3,0,9.8019826,0.22457932
-6.8359231,0.97253387,1.1632231,2,3,0,6.9090259,0.30467852
-6.7557991,0.72219498,1.1632231,2,3,0,7.6606311,0.23463044
-6.8924615,0.94902874,1.1632231,2,3,0,6.9732531,0.32082372
-6.9593443,0.97082715,1.1632231,1,1,0,7.0163734,0.33646452
-6.7690455,0.98238358,1.1632231,2,3,0,7.003327,0.22497062
-6.7505178,1,1.1632231,2,3,0,6.762419,0.24123823
-6.8727131,0.93685602,1.1632231,2,3,0,7.0210592,0.19129328
-6.7480597,0.98647904,1.1632231,2,3,0,6.9388174,0.24891233
-7.6158978,0.78223519,1.1632231,1,3,0,7.7380567,0.11326863
-6.9403192,1,1.1632231,1,1,0,7.4399486,0.17829375
-7.0331683,0.98641245,1.1632231,2,3,0,7.034743,0.35125497
-7.5130124,0.89236801,1.1632231,2,3,0,7.6276777,0.4209489
-7.7593936,0.93142554,1.1632231,2,3,0,8.1098584,0.44827485
-7.4148743,1,1.1632231,1,1,0,7.8917276,0.40891137
-8.5784434,0.69954203,1.1632231,2,3,0,8.8802938,0.52084152
-6.7939046,1,1.1632231,1,3,0,7.9443578,0.21346697
-7.2096655,0.86729132,1.1632231,2,3,0,7.5258402,0.14434244
-7.4000314,0.95591809,1.1632231,1,1,0,7.4919344,0.12798752
-7.851044,0.91170994,1.1632231,1,1,0,7.9302977,0.10024827
-9.6897274,0.47244037,1.1632231,2,3,0,13.029872,0.59484465
-7.7648846,1,1.1632231,1,1,0,9.2038487,0.44884487
-7.2643247,1,1.1632231,2,3,0,7.8073781,0.13922196
-7.8826213,0.90225993,1.1632231,1,3,0,8.3828451,0.46072429
-7.018732,0.9738853,1.1632231,1,3,0,7.9535192,0.16631222
-6.7543807,0.9827416,1.1632231,2,3,0,6.9712276,0.26427015
-6.7779686,0.50790049,1.1632231,2,3,0,9.0624907,0.28138959
-6.7779686,0.68658944,1.1632231,1,1,0,7.2537717,0.28138959
-6.7489879,0.62299545,1.1632231,2,3,0,8.0907855,0.25552156
-7.0076063,0.92637429,1.1632231,1,3,0,7.0092843,0.34635799
-7.2104085,0.91024171,1.1632231,1,1,0,7.3161837,0.38080345
-7.7784114,0.8592373,1.1632231,2,3,0,7.9785596,0.45024276
-6.8142958,1,1.1632231,2,3,0,7.3547093,0.2972367
-10.431905,0.36239544,1.1632231,2,3,0,10.563868,0.034300559
-11.707332,0.93153941,1.1632231,1,1,0,11.851764,0.021556745
-9.109689,0.91442008,1.1632231,1,3,0,11.499567,0.057293917
-7.1057929,0.95326993,1.1632231,2,3,0,9.48594,0.36416544
-6.8710069,1,1.1632231,2,3,0,7.0434616,0.31511912
-8.4878037,0.46622823,1.1632231,1,1,0,8.5265451,0.51378604
-7.6234025,0.98599888,1.1632231,2,3,0,9.1946617,0.11281081
-6.7507411,0.99205679,1.1632231,2,3,0,7.5719839,0.25929305
-6.7709473,0.64077181,1.1632231,2,3,0,8.0486401,0.27738041
-6.8428692,0.97074328,1.1632231,1,1,0,6.8483488,0.30688141
-11.766157,0.44487903,1.1632231,2,3,0,11.782697,0.6945087
-8.832099,0.96435714,1.1632231,2,3,0,11.321579,0.53962724
-7.8628464,1,1.1632231,2,3,0,8.8723779,0.45877287
-6.9148881,1,1.1632231,1,1,0,7.4752246,0.32638173
-6.7851312,0.61455664,1.1632231,2,3,0,8.1623627,0.21701965
-7.029967,0.92485733,1.1632231,1,1,0,7.0299707,0.16478082
-7.4406925,0.90138713,1.1632231,1,1,0,7.4645928,0.12495733
-6.8990948,1,1.1632231,1,1,0,7.2935477,0.18581999
-8.734801,0.70114138,1.1632231,1,3,0,8.8678703,0.066958392
-9.2962286,0.93800201,1.1632231,1,1,0,9.5177363,0.053133263
-9.4047109,0.98931751,1.1632231,1,1,0,9.8293061,0.050882537
-8.1387317,1,1.1632231,1,1,0,9.2723245,0.087243508
-8.9300245,0.89483859,1.1632231,1,1,0,9.0389946,0.061688714
-6.9369448,1,1.1632231,2,3,0,8.2876829,0.33152095
-6.7759375,1,1.1632231,1,1,0,6.8745735,0.28028093
-6.78305,0.99711243,1.1632231,1,1,0,6.7934783,0.28401537
-6.8376266,0.97754578,1.1632231,1,1,0,6.8483228,0.30522607
-6.7484061,0.98390557,1.1632231,2,3,0,6.8894105,0.24654502
-6.9329647,0.95126113,1.1632231,1,3,0,6.9436114,0.17956059
-7.112546,0.98080681,1.1632231,2,3,0,7.160552,0.36530193
-7.1093859,1,1.1632231,2,3,0,7.2696376,0.36477131
-7.8253582,0.70794489,1.1632231,1,1,0,7.9759157,0.45502614
-7.7576088,1,1.1632231,1,1,0,8.2641524,0.44808924
-7.0781426,1,1.1632231,1,1,0,7.5669475,0.35940602
-11.51946,0.11560303,1.1632231,1,1,0,11.634358,0.68449548
-7.5079735,1,1.1632231,2,3,0,9.8748349,0.42034922
-7.0941305,1,1.1632231,1,1,0,7.4550289,0.36217934
-6.7546248,1,1.1632231,1,3,0,6.9830104,0.23582201
-6.9349673,0.90880879,1.1632231,2,3,0,7.1420868,0.33107187
-6.8331119,1,1.1632231,2,3,0,6.939513,0.20094221
-7.6247769,0.86176535,1.1632231,1,3,0,7.6377131,0.11272731
-6.9393482,0.956064,1.1632231,2,3,0,8.1112225,0.17845932
-6.8746087,1,1.1632231,1,1,0,6.9510677,0.19087883
-7.0074354,0.96130437,1.1632231,1,1,0,7.0298885,0.16789271
-6.7644544,0.9750058,1.1632231,2,3,0,7.0799339,0.22780826
-6.8085836,0.98492245,1.1632231,1,1,0,6.8106738,0.20826671
-8.2252056,0.72931987,1.1632231,1,3,0,8.3382134,0.083817196
-6.7958388,0.92311823,1.1632231,1,3,0,7.9311526,0.21273447
-6.7958388,0.58037619,1.1632231,1,3,0,8.0851163,0.21273447
-6.8137983,0.99404033,1.1632231,1,1,0,6.8278657,0.20658862
-6.7488307,0.99321683,1.1632231,2,3,0,6.8440167,0.25505022
-6.7484529,0.71096323,1.1632231,2,3,0,8.1017,0.25368242
-7.6363716,0.7981766,1.1632231,2,3,0,7.9510629,0.112027
-8.961761,0.93410555,1.1632231,2,3,0,8.9683008,0.060882491
-6.9848887,0.8415545,1.1632231,2,3,0,9.9237688,0.17118011
-7.0216411,0.98971039,1.1632231,1,1,0,7.088902,0.16591192
-7.129633,0.815129,1.1632231,2,3,0,8.1560316,0.36813512
-6.9957157,1,1.1632231,2,3,0,7.0740804,0.16957838
-6.8399317,0.97700255,1.1632231,2,3,0,7.2418902,0.19912225
-6.9709508,0.96065882,1.1632231,1,1,0,6.9850498,0.17330982
-6.8186079,1,1.1632231,1,1,0,6.9310437,0.20510471
-6.8267355,0.99735454,1.1632231,1,1,0,6.8496558,0.20271923
-6.8719228,0.99396518,1.1632231,2,3,0,6.874261,0.31537165
-6.9054529,0.99515627,1.1632231,2,3,0,6.9549569,0.3240882
-6.995392,0.96066635,1.1632231,1,1,0,7.0573335,0.34394011
-6.7675935,0.91774246,1.1632231,2,3,0,7.2601147,0.22582939
-6.8695064,0.86635843,1.1632231,2,3,0,7.2643951,0.31470353
-7.1821377,0.934344,1.1632231,2,3,0,7.2285874,0.14708039
-6.7515982,0.96103519,1.1632231,2,3,0,7.1968076,0.23952881
-7.6353829,0.75146452,1.1632231,2,3,0,7.9645097,0.11208643
-8.1646201,0.87147394,1.1632231,2,3,0,10.504943,0.08619708
-6.7507264,0.8940868,1.1632231,1,3,0,7.9176704,0.24088253
-6.9077492,0.95675707,1.1632231,1,3,0,6.9177385,0.32465209
-6.8803462,1,1.1632231,2,3,0,6.9492801,0.31765475
-6.7499038,1,1.1632231,1,3,0,6.8284721,0.25772076
-6.7499038,0.86622487,1.1632231,1,3,0,7.0314326,0.25772076
-6.7499038,0.87488388,1.1632231,1,3,0,7.1006387,0.25772076
-7.0009611,0.9285945,1.1632231,1,3,0,7.0339779,0.16881794
-7.5096315,0.87870381,1.1632231,1,1,0,7.5211551,0.12011243
-7.9960566,0.9303521,1.1632231,2,3,0,8.008396,0.47160646
-7.9960566,0.30756116,1.1632231,1,1,0,9.7838988,0.47160646
-7.4839932,1,1.1632231,1,1,0,8.0783475,0.41746929
-7.4839932,0.48564771,1.1632231,1,1,0,8.5482654,0.41746929
-10.559703,0.34457804,1.1632231,2,3,0,10.563054,0.032707968
-7.8188692,1,1.1632231,1,3,0,10.253486,0.10188381
-8.3376207,0.91698267,1.1632231,1,1,0,8.4652203,0.079640327
-7.5250576,1,1.1632231,2,3,0,8.2305459,0.11907451
-7.8084422,0.94531772,1.1632231,1,1,0,7.9422506,0.10242285
-8.8618001,0.84739,1.1632231,1,1,0,8.9006101,0.063468067
-7.3682845,1,1.1632231,2,3,0,8.2825435,0.40290626
-6.9375331,0.96585557,1.1632231,2,3,0,7.5009227,0.17877019
-6.7528058,0.98988579,1.1632231,1,3,0,6.8983327,0.2623579
-6.8307767,0.87293388,1.1632231,2,3,0,7.2365318,0.3029935
-6.7506599,0.99967467,1.1632231,1,3,0,6.8083999,0.24099436
-6.9900737,0.93439955,1.1632231,1,3,0,7.0015268,0.34287025
-6.846741,1,1.1632231,1,1,0,6.9614279,0.3080767
-6.846741,0.56448814,1.1632231,1,1,0,7.5330787,0.3080767
-6.7664363,1,1.1632231,2,3,0,6.8174007,0.27448402
-6.7529112,1,1.1632231,1,1,0,6.7621536,0.26249465
-6.7980248,0.98219945,1.1632231,1,1,0,6.7983945,0.290845
-6.7980248,0.82195675,1.1632231,1,1,0,7.0579171,0.290845
-6.7487339,0.99502222,1.1632231,2,3,0,6.8090003,0.24530244
-6.9700341,0.92677252,1.1632231,2,3,0,7.0598495,0.17345272
-7.4279686,0.90935259,1.1632231,1,3,0,7.6581241,0.41056351
-7.5028669,0.96415146,1.1632231,1,1,0,7.8124984,0.41973958
-7.0592451,1,1.1632231,1,1,0,7.419645,0.35604729
-6.85683,0.90248613,1.1632231,2,3,0,7.4222016,0.19491783
-6.8919457,0.9664157,1.1632231,2,3,0,7.1616005,0.18724428
-6.7633079,1,1.1632231,1,1,0,6.8485022,0.22857997
-6.9203755,0.96386039,1.1632231,1,3,0,6.9205222,0.18180091
-6.9203755,0.92114618,1.1632231,1,1,0,7.1501894,0.18180091
-7.0345817,0.9849933,1.1632231,2,3,0,7.0438842,0.35151974
-8.0046536,0.62731412,1.1632231,1,1,0,8.118958,0.47241068
-7.319001,1,1.1632231,1,1,0,7.9213238,0.39632025
-6.8053029,1,1.1632231,1,1,0,7.10377,0.29380936
-6.7481328,0.51697051,1.1632231,2,3,0,8.7718013,0.24814002
-6.7688295,0.97145702,1.1632231,2,3,0,6.8375751,0.2760584
-6.7688295,0.69391834,1.1632231,1,1,0,7.2370029,0.2760584
-7.2067806,0.82857494,1.1632231,1,1,0,7.2084573,0.38025748
-6.7723714,1,1.1632231,1,1,0,7.0221104,0.27823659
-6.7502446,0.63651843,1.1632231,2,3,0,8.0249061,0.25839557
-6.7586614,0.99237371,1.1632231,2,3,0,6.7787959,0.26852281
-7.6730141,0.67197368,1.1632231,1,1,0,7.673017,0.43910174
-8.6830976,0.60357382,1.1632231,1,1,0,9.1138718,0.52875597
-7.4915376,1,1.1632231,1,1,0,8.4298784,0.41838005
-7.1559645,1,1.1632231,1,1,0,7.5054995,0.3723895
-7.1559645,0.56845614,1.1632231,2,3,0,8.3691091,0.3723895
-6.8292071,0.96539945,1.1632231,2,3,0,7.2811358,0.20202122
-6.7737236,1,1.1632231,2,3,0,6.8142135,0.22239832
-6.7999312,0.95097374,1.1632231,2,3,0,6.9646326,0.21123589
-7.0524984,0.88710874,1.1632231,2,3,0,7.4400056,0.16182196
-6.8320932,1,1.1632231,1,1,0,6.9915084,0.20122097
-6.8856922,0.9832292,1.1632231,1,1,0,6.9062541,0.1885244
-7.3084597,0.88833816,1.1632231,1,1,0,7.3116697,0.13535752
-8.4755665,0.79311002,1.1632231,1,1,0,8.4769925,0.074897316
-6.8144594,0.83602537,1.1632231,2,3,0,8.4151232,0.29729698
-6.8144594,0.57362305,1.1632231,1,1,0,7.4851578,0.29729698
-6.8259873,0.99838605,1.1632231,2,3,0,6.8520683,0.30138082
-7.5581684,0.7173316,1.1632231,1,1,0,7.5782938,0.42624156
-6.7481945,1,1.1632231,1,3,0,7.224438,0.25232834
-6.8631533,0.961587,1.1632231,2,3,0,6.9016294,0.19344075
-7.5025894,0.89889962,1.1632231,1,3,0,7.5037509,0.12059163
-8.2269697,0.94847194,1.1632231,2,3,0,8.47106,0.49231613
-7.8970881,0.5737044,1.1632231,1,3,0,9.7593483,0.097977815
-7.2467062,1,1.1632231,2,3,0,7.6579897,0.38616102
-6.9588121,0.96186649,1.1632231,2,3,0,7.5516449,0.17523193
-7.0015567,0.98784893,1.1632231,1,1,0,7.0604108,0.16873222
-7.451393,0.85999535,1.1632231,2,3,0,8.2200782,0.12418207
-7.9412686,0.93404306,1.1632231,2,3,0,7.9662927,0.46641482
-6.8491565,1,1.1632231,2,3,0,7.4641823,0.30881136
-6.7608523,0.87105203,1.1632231,2,3,0,7.2118032,0.23034142
-6.7654876,0.99835928,1.1632231,1,1,0,6.7695388,0.22713668
-7.1719244,0.87130175,1.1632231,2,3,0,7.4011366,0.14812615
-7.6550012,0.7155457,1.1632231,2,3,0,9.062902,0.43713745
-7.5950913,0.60697225,1.1632231,2,3,0,9.0617372,0.11455462
-7.0387392,1,1.1632231,1,1,0,7.470649,0.16361163
-9.1194817,0.61352862,1.1632231,1,3,0,9.4141593,0.55941657
-8.2646,1,1.1632231,1,1,0,9.4181273,0.49552963
-7.0284082,1,1.1632231,1,1,0,7.7793699,0.35035881
-7.0284082,0.51460931,1.1632231,1,1,0,7.8491646,0.35035881
-7.0284082,0.0692388,1.1632231,1,1,0,9.9828581,0.35035881
-6.8392284,0.62801954,1.1632231,2,3,0,8.2133935,0.19930633
-7.783298,0.8343037,1.1632231,1,3,0,7.8070853,0.10374143
-7.3460571,1,1.1632231,2,3,0,7.6290727,0.39996724
-6.867717,0.98579577,1.1632231,1,3,0,7.3430351,0.19240331
-8.3281075,0.74061953,1.1632231,2,3,0,8.9691426,0.079982428
-8.3428453,0.9978317,1.1632231,1,1,0,8.6858671,0.079453306
-7.3724105,1,1.1632231,1,1,0,8.1670352,0.13012662
-6.7536119,0.94233962,1.1632231,2,3,0,7.3911715,0.23694075
-7.262639,0.8796188,1.1632231,1,3,0,7.2945871,0.1393741
-6.9727186,1,1.1632231,1,1,0,7.2114511,0.17303526
-7.2372526,0.93135725,1.1632231,1,1,0,7.2665176,0.14170853
-7.3415439,0.9755047,1.1632231,1,1,0,7.4577642,0.1326005
-7.3635356,0.99496318,1.1632231,1,1,0,7.5237077,0.13082863
-6.8379603,1,1.1632231,1,3,0,7.2117566,0.19964031
-6.9799024,0.9574812,1.1632231,1,1,0,6.9925316,0.17193297
-7.0380544,0.98381715,1.1632231,1,1,0,7.0998368,0.1637021
-7.4440635,0.60268339,1.1632231,2,3,0,9.2619954,0.41257393
-7.4440635,0.026132524,1.1632231,1,1,0,11.78053,0.41257393
-7.0213262,1,1.1632231,1,1,0,7.3543314,0.34901251
-6.7900636,0.99343905,1.1632231,1,3,0,7.0008765,0.21497276
-7.0495384,0.91677198,1.1632231,2,3,0,7.2045324,0.35428575
-7.7753902,0.70645684,1.1632231,1,1,0,7.8970154,0.44993131
-6.9167564,1,1.1632231,2,3,0,7.431596,0.32682872
-6.9167564,0.64584671,1.1632231,1,1,0,7.4683803,0.32682872
-7.4709672,0.77336699,1.1632231,1,1,0,7.5308874,0.41588635
-9.2205212,0.41867193,1.1632231,1,1,0,9.5495203,0.56604151
-6.9297672,1,1.1632231,1,3,0,8.6123599,0.18012076
-7.6717358,0.90148642,1.1632231,1,3,0,7.6718715,0.10993554
-8.3970292,0.88177909,1.1632231,1,1,0,8.4677715,0.077548856
-7.4042242,1,1.1632231,1,1,0,8.2210483,0.12766868
-7.3336865,1,1.1632231,1,1,0,7.5341374,0.13324508
-7.5816361,0.94705982,1.1632231,1,1,0,7.687425,0.11539962
-8.4062773,0.93836595,1.1632231,2,3,0,9.5096969,0.50726971
-6.7816658,1,1.1632231,1,1,0,7.670862,0.2833192
-7.5022497,0.85021688,1.1632231,2,3,0,7.5067184,0.41966577
-7.2132162,1,1.1632231,2,3,0,7.3833536,0.14399747
-6.8484599,1,1.1632231,2,3,0,7.1276573,0.30860034
-6.7491003,0.79073939,1.1632231,2,3,0,7.5846295,0.24422466
-6.7710626,0.74001721,1.1632231,2,3,0,7.9389477,0.27745066
-6.7710626,0.24176099,1.1632231,1,1,0,8.4261465,0.27745066
-6.8583074,0.96450542,1.1632231,1,1,0,6.8634416,0.31152323
-6.7480906,0.85210812,1.1632231,2,3,0,7.3584815,0.25146858
-6.8350464,0.94794344,1.1632231,2,3,0,6.9462377,0.3043948
-6.7520465,0.91274425,1.1632231,2,3,0,7.1153246,0.26132511
-6.8112266,0.94551507,1.1632231,2,3,0,6.9506342,0.29609309
-6.7480905,1,1.1632231,1,3,0,6.787863,0.2514679
-7.9691534,0.70399553,1.1632231,1,3,0,8.1903554,0.094579151
-7.9791001,0.9994317,1.1632231,2,3,0,8.2668186,0.0941241
-7.2219128,1,1.1632231,1,1,0,7.8324831,0.1431601
-6.9377786,1,1.1632231,1,1,0,7.164181,0.17872805
-7.5500474,0.83705593,1.1632231,2,3,0,8.2582123,0.11742647
-7.0250105,1,1.1632231,2,3,0,7.3746355,0.34971487
-7.383066,0.84513574,1.1632231,1,1,0,7.4948308,0.40483363
-6.9314966,0.97275397,1.1632231,1,3,0,7.4718517,0.17981706
-7.2279781,0.97388435,1.1632231,2,3,0,7.2459027,0.14258233
-7.1337058,0.9322067,1.1632231,2,3,0,8.0573751,0.15219652
-6.817766,1,1.1632231,2,3,0,7.0385447,0.20536034
-6.8609683,0.98621585,1.1632231,1,1,0,6.8786007,0.19394579
-6.9080324,0.98560578,1.1632231,1,1,0,6.9380224,0.18409383
-6.8659772,1,1.1632231,2,3,0,6.9273471,0.1927961
-8.6337454,0.63546414,1.1632231,1,3,0,8.7705081,0.52505365
-7.9035191,1,1.1632231,1,1,0,8.8138594,0.46276835
-7.6518345,1,1.1632231,1,1,0,8.1980266,0.4367902
-7.2131882,1,1.1632231,2,3,0,7.650179,0.14400018
-6.9471518,1,1.1632231,2,3,0,7.1283057,0.33380526
-9.3270555,0.57436387,1.1632231,2,3,0,9.3996954,0.57285511
-9.3270555,0.69802922,1.1632231,1,3,0,10.396606,0.57285511
-7.6581161,1,1.1632231,1,1,0,8.916307,0.43747846
-6.7568276,1,1.1632231,1,3,0,7.3233198,0.23366101
-7.3250478,0.84705006,1.1632231,2,3,0,7.6784442,0.13396099
-7.2653311,1,1.1632231,1,1,0,7.4440068,0.1391313
-7.6307111,0.92190977,1.1632231,1,1,0,7.7017596,0.11236797
-6.8860292,1,1.1632231,1,3,0,7.4307039,0.18845454
-7.1091175,0.92082585,1.1632231,2,3,0,7.5445919,0.15495875
-7.2651586,0.97491271,1.1632231,2,3,0,7.2654075,0.38881549
-7.6377377,0.83451566,1.1632231,1,1,0,7.8653914,0.43523723
-6.7568908,1,1.1632231,1,3,0,7.3117044,0.23360343
-6.75006,1,1.1632231,1,1,0,6.7546712,0.24207623
-6.7904323,0.98290455,1.1632231,2,3,0,6.8213519,0.21482509
-6.7869148,0.9537067,1.1632231,2,3,0,6.9700912,0.21626353
-7.300705,0.84099025,1.1632231,2,3,0,7.637169,0.13602051
-6.7824984,0.99523673,1.1632231,1,3,0,7.1488028,0.21817238
-6.7824984,0.77756971,1.1632231,1,3,0,7.4116924,0.21817238
-6.7824984,0.67859299,1.1632231,1,3,0,7.6982727,0.21817238
-6.7900031,0.99744646,1.1632231,1,1,0,6.8010929,0.21499708
-7.097037,0.43568507,1.1632231,2,3,0,10.164791,0.36267714
-6.8179566,0.86637311,1.1632231,2,3,0,7.5609873,0.2053023
-6.787943,1,1.1632231,2,3,0,6.8179954,0.21583605
-6.8985725,0.94576371,1.1632231,2,3,0,7.060532,0.32237547
-6.7849549,0.94313085,1.1632231,2,3,0,7.0899971,0.21709547
-6.8408745,0.99174019,1.1632231,2,3,0,6.8658844,0.30625673
-6.7593028,1,1.1632231,1,1,0,6.8091236,0.26908151
-6.8278306,0.97977834,1.1632231,2,3,0,6.8593587,0.20240847
-6.8278306,0.89411097,1.1632231,1,3,0,7.2615294,0.20240847
-6.7855573,1,1.1632231,1,1,0,6.8218089,0.21683728
-6.7832834,0.98702672,1.1632231,2,3,0,6.8750326,0.21782391
-6.9128517,0.64328694,1.1632231,2,3,0,8.248507,0.32589187
-7.4974198,0.87202916,1.1632231,2,3,0,7.5554213,0.41908713
-6.7817871,1,1.1632231,1,3,0,7.2859429,0.21849182
-10.012889,0.53188589,1.1632231,2,3,0,10.394224,0.040170113
-8.6687277,1,1.1632231,1,1,0,9.9251372,0.068872463
-10.994465,0.83672526,1.1632231,1,3,0,10.996784,0.027875488
-7.0762297,0.77372885,1.1632231,1,3,0,10.861809,0.15885275
-6.8857943,1,1.1632231,1,1,0,7.0397593,0.18850323
-7.0090984,0.96426292,1.1632231,1,1,0,7.0355251,0.16765739
-7.1883983,0.97655004,1.1632231,2,3,0,7.2039783,0.37745995
-9.712715,0.51988788,1.1632231,2,3,0,9.8995608,0.59618015
-7.4584938,0.97382502,1.1632231,1,3,0,9.989278,0.12367249
-7.1427899,1,1.1632231,1,1,0,7.4389673,0.1512055
-6.8513296,1,1.1632231,1,1,0,7.0620621,0.19624296
-8.2163704,0.70279869,1.1632231,1,3,0,8.339688,0.49140338
-9.6707665,0.48539094,1.1632231,1,1,0,10.368496,0.59373812
-6.8503263,1,1.1632231,1,1,0,8.3590712,0.30916422
-6.748314,0.84661127,1.1632231,2,3,0,7.37361,0.25303045
-6.7983944,0.98304516,1.1632231,2,3,0,6.814854,0.21179085
-8.346862,0.65849139,1.1632231,1,3,0,8.4188116,0.50241299
-6.7496826,1,1.1632231,1,3,0,7.683689,0.24284216
-7.7462556,0.74783817,1.1632231,1,3,0,7.759543,0.44690483
-7.1245918,1,1.1632231,1,1,0,7.6047073,0.3673054
-6.9694147,0.67459359,1.1632231,2,3,0,8.2467263,0.17354947
-6.8433381,1,1.1632231,2,3,0,6.9462762,0.19824159
-10.070322,0.44336722,1.1632231,1,3,0,10.190095,0.61614979
-7.1658077,1,1.1632231,1,1,0,8.8161928,0.37394729
-7.6850178,0.91914173,1.1632231,2,3,0,7.7011432,0.10916678
-7.9171559,0.95773637,1.1632231,1,1,0,8.091239,0.097012957
-7.0242492,1,1.1632231,2,3,0,7.6195061,0.3495701
-6.7760942,0.99694855,1.1632231,1,3,0,6.9797894,0.22118946
-7.0216596,0.90041946,1.1632231,2,3,0,7.2473968,0.34907623
-6.8383808,0.90875259,1.1632231,2,3,0,7.3542237,0.19952926
-7.1573096,0.92721757,1.1632231,1,3,0,7.2628795,0.37260338
-6.7668872,1,1.1632231,1,1,0,6.9920225,0.27478782
-6.7668872,0.4511284,1.1632231,1,1,0,7.7355326,0.27478782
-6.8559004,0.9639616,1.1632231,1,1,0,6.8595645,0.31082038
-6.8726481,0.99279423,1.1632231,1,1,0,6.9161147,0.31557103
-6.7537761,1,1.1632231,1,1,0,6.824555,0.26356691
-6.7871687,0.96572243,1.1632231,2,3,0,6.877493,0.28601296
-6.7533656,0.98839314,1.1632231,2,3,0,6.8270656,0.2372282
-6.8269836,0.80118005,1.1632231,2,3,0,7.4213306,0.30172003
-6.7534969,0.69606093,1.1632231,2,3,0,7.7530407,0.23707411
-7.0392439,0.89353349,1.1632231,2,3,0,7.291796,0.16354505
-8.2075457,0.86978629,1.1632231,1,3,0,8.2130849,0.084501159
-6.9970803,1,1.1632231,2,3,0,7.8096324,0.34427753
-7.5040761,0.78762163,1.1632231,1,1,0,7.6014913,0.41988412
-6.766043,1,1.1632231,2,3,0,7.1833194,0.274216
-6.7580075,0.98305512,1.1632231,2,3,0,6.8267266,0.26793603
-7.2689504,0.80483185,1.1632231,1,1,0,7.2689652,0.38935552
-7.1371022,1,1.1632231,1,1,0,7.3749384,0.36935524
-7.1371022,0.39247804,1.1632231,1,1,0,8.2712822,0.36935524
-7.2687537,0.93969559,1.1632231,1,1,0,7.4370385,0.38932755
-6.7630246,1,1.1632231,2,3,0,7.0526771,0.2720576
-6.7630246,0.24967216,1.1632231,1,1,0,8.4001755,0.2720576
-8.5880176,0.43980539,1.1632231,1,1,0,8.5883127,0.52157566
-6.9778871,1,1.1632231,1,1,0,7.8998759,0.34037729
-6.8311026,0.99001553,1.1632231,2,3,0,7.0808363,0.20149388
-6.7656644,1,1.1632231,1,1,0,6.8101634,0.22702381
-7.2434235,0.89494842,1.1632231,1,3,0,7.2588283,0.14113347
-8.9714174,0.85402935,1.1632231,1,3,0,8.994042,0.060639815
-11.300265,1,1.1632231,2,3,0,12.225851,0.67524791
-8.2634208,1,1.1632231,2,3,0,10.514487,0.49542957
-6.9933317,1,1.1632231,1,1,0,7.7477759,0.34352692
-6.8092127,0.47418774,1.1632231,2,3,0,9.0247005,0.20806016
-6.8092127,0.62370351,1.1632231,1,3,0,7.9794008,0.20806016
-6.7783709,1,1.1632231,2,3,0,6.8009994,0.28160483
-6.8579455,0.98223735,1.1632231,2,3,0,6.8790254,0.19465377
-7.1612202,0.91533991,1.1632231,1,1,0,7.1664987,0.14924055
-6.9987564,1,1.1632231,1,1,0,7.1662673,0.16913635
-7.1067833,0.97090623,1.1632231,1,1,0,7.1645754,0.15522732
-7.1067833,0.86345662,1.1632231,1,1,0,7.6017465,0.15522732
-7.1299217,0.9939683,1.1632231,1,1,0,7.2327385,0.15261391
-6.9527312,1,1.1632231,2,3,0,7.1165993,0.17622016
-7.2113666,0.93186554,1.1632231,1,1,0,7.2372293,0.14417694
-8.119569,0.82324491,1.1632231,1,1,0,8.1260924,0.088029895
-7.6247276,1,1.1632231,1,1,0,8.1344313,0.11273031
-7.3349599,0.94470061,1.1632231,2,3,0,8.1668243,0.39848088
-6.7653767,1,1.1632231,1,1,0,7.0900846,0.27375554
-7.3142479,0.78944565,1.1632231,1,1,0,7.3150511,0.39567134
-7.0177133,1,1.1632231,2,3,0,7.3809848,0.16645304
-6.748187,0.97769997,1.1632231,2,3,0,7.011749,0.24773209
-7.6915475,0.76676291,1.1632231,1,3,0,7.8267639,0.1087921
-8.9853972,0.81058589,1.1632231,1,1,0,8.995884,0.060290636
-7.1353852,1,1.1632231,1,3,0,8.6439262,0.15201215
-7.1353852,0.80708519,1.1632231,1,1,0,7.8835792,0.15201215
-6.8771864,1,1.1632231,2,3,0,7.0719827,0.19032094
-6.8771864,0.77735946,1.1632231,1,3,0,7.7024482,0.19032094
-7.0040731,0.98767522,1.1632231,2,3,0,7.0278712,0.16837139
-6.9555904,0.98038519,1.1632231,2,3,0,7.4620309,0.17575332
-6.7825359,1,1.1632231,1,1,0,6.900178,0.2181556
-7.0582983,0.90665211,1.1632231,2,3,0,7.2870556,0.16108297
-7.0322423,1,1.1632231,1,1,0,7.133587,0.16447539
-6.8229555,1,1.1632231,2,3,0,6.9729891,0.20381076
-7.5552267,0.82782417,1.1632231,1,3,0,7.6508602,0.4259011
-7.8094994,0.92547765,1.1632231,2,3,0,8.1809023,0.4534219
-6.7655546,1,1.1632231,1,1,0,7.3494964,0.27387934
-7.1827777,0.83680559,1.1632231,1,1,0,7.1838176,0.3765939
-8.3092614,0.75653779,1.1632231,2,3,0,8.3508538,0.080666181
-7.5404818,1,1.1632231,1,1,0,8.2178116,0.11805253
-7.3904107,1,1.1632231,2,3,0,7.6466921,0.1287249
-8.0471389,0.84386045,1.1632231,2,3,0,9.2172666,0.47634503
-6.7660839,1,1.1632231,1,1,0,7.4775873,0.27424403
-6.748896,0.99964725,1.1632231,1,3,0,6.7620073,0.24479754
-6.7991606,0.88475899,1.1632231,2,3,0,7.1138217,0.29132041
-6.7991606,0.35069106,1.1632231,1,1,0,8.0149953,0.29132041
-9.0470109,0.35169843,1.1632231,1,1,0,9.0568554,0.5545624
-6.7480246,1,1.1632231,1,3,0,8.0446222,0.250301
-6.7539715,0.9956485,1.1632231,2,3,0,6.7634113,0.23653247
-6.7544733,0.98706927,1.1632231,2,3,0,6.7950001,0.23598341
-6.8125877,0.76461459,1.1632231,2,3,0,7.8241839,0.29660342
-7.0454838,0.94567374,1.1632231,2,3,0,7.0984033,0.16272778
-7.6621377,0.86045518,1.1632231,1,1,0,7.6715991,0.11049668
-7.7369292,0.98559251,1.1632231,1,1,0,7.9493515,0.10624531
-6.7631339,0.94973008,1.1632231,1,3,0,7.5095987,0.22869967
-6.8392636,0.94155268,1.1632231,2,3,0,6.9957492,0.30574768
-6.904099,0.99074217,1.1632231,2,3,0,6.9378812,0.32375394
-8.3119997,0.51304837,1.1632231,1,1,0,8.3653545,0.499519
-7.1144829,1,1.1632231,1,1,0,7.8817486,0.3656261
-6.8830255,0.80960606,1.1632231,2,3,0,7.7315926,0.18908053
-6.8830255,0.62143171,1.1632231,1,3,0,8.8829796,0.18908053
-6.7547181,0.97858302,1.1632231,2,3,0,7.0064768,0.23572348
-6.8882681,0.82007129,1.1632231,2,3,0,7.5518172,0.31974129
-6.8523373,1,1.1632231,1,1,0,6.9135485,0.30976645
-7.2813077,0.90822386,1.1632231,2,3,0,7.3136414,0.39110291
-6.8465758,1,1.1632231,1,1,0,7.1152588,0.30802615
-7.7111801,0.67192756,1.1632231,1,1,0,7.7394639,0.44320374
-7.3444468,1,1.1632231,1,1,0,7.7985704,0.39975235
-7.3444468,0.29070472,1.1632231,1,1,0,8.8675854,0.39975235
-6.951643,1,1.1632231,1,1,0,7.2393612,0.33479331
-6.8005695,1,1.1632231,1,1,0,6.9016561,0.29190326
-6.9200954,0.97627283,1.1632231,2,3,0,6.9356902,0.32762193
-6.7515312,0.93382118,1.1632231,2,3,0,7.1259653,0.23962638
-8.3837876,0.70873268,1.1632231,2,3,0,8.7893463,0.078008443
-8.3031828,1,1.1632231,1,1,0,8.6887934,0.080888449
-7.3189985,1,1.1632231,1,1,0,8.1150465,0.13446691
-7.0664131,0.96305967,1.1632231,2,3,0,7.5987664,0.35733201
-7.181738,0.94766735,1.1632231,1,1,0,7.3169541,0.37643313
-8.2152451,0.60322098,1.1632231,1,1,0,8.4012603,0.49130627
-9.1522466,0.66854305,1.1632231,2,3,0,9.8533771,0.56158278
-7.9628666,0.88460313,1.1632231,2,3,0,10.42235,0.094868474
-7.3376069,1,1.1632231,1,1,0,7.877834,0.1329227
-7.790017,0.90878454,1.1632231,1,1,0,7.8590192,0.10338646
-7.4569402,1,1.1632231,2,3,0,7.8334337,0.12378365
-7.0866459,0.81593289,1.1632231,2,3,0,8.786083,0.36088851
-6.7856099,1,1.1632231,1,1,0,6.9639612,0.28526928
-7.0621489,0.88775369,1.1632231,1,1,0,7.0695777,0.35656935
-6.8557367,0.7934575,1.1632231,2,3,0,7.7047468,0.19517814
-6.748817,0.99619996,1.1632231,1,3,0,6.8275024,0.25500707
-6.9602797,0.93256869,1.1632231,2,3,0,7.0212834,0.17499604
-6.86958,1,1.1632231,1,1,0,6.9592377,0.19198634
-6.9971294,0.98630215,1.1632231,2,3,0,7.0349799,0.34428731
-6.7925495,0.99200563,1.1632231,2,3,0,6.9901794,0.21399015
-6.9858498,0.82655826,1.1632231,2,3,0,7.6510273,0.34201286
-7.0313488,0.97953271,1.1632231,1,1,0,7.1313693,0.35091325
-7.7871121,0.82582399,1.1632231,2,3,0,7.8999761,0.45113717
-6.8715857,1,1.1632231,1,1,0,7.4007718,0.31527881
-6.8715857,0.14585465,1.1632231,1,1,0,9.0013479,0.31527881
-6.7530772,0.99959705,1.1632231,1,3,0,6.8397428,0.23757354
-7.3599364,0.855728,1.1632231,1,3,0,7.4057983,0.13111544
-7.6836654,0.93321818,1.1632231,1,1,0,7.7793262,0.10924466
-7.5514866,1,1.1632231,1,1,0,7.83246,0.11733278
-8.3234573,0.94688456,1.1632231,2,3,0,8.5844939,0.50047381
-6.9860386,1,1.1632231,1,3,0,8.1783004,0.17100787
-6.8361862,1,1.1632231,1,1,0,6.9517119,0.20011201
-7.5577793,0.83236073,1.1632231,1,3,0,7.6660879,0.42619656
-6.7665683,1,1.1632231,1,1,0,7.2128105,0.27457331
-6.7756519,0.99890793,1.1632231,2,3,0,6.7758768,0.22141081
-7.3920983,0.87125083,1.1632231,1,3,0,7.4133133,0.12859497
-7.2621041,1,1.1632231,1,1,0,7.4778322,0.13942245
-7.5285701,0.92570349,1.1632231,2,3,0,8.7706168,0.11884041
-7.5819605,0.98897691,1.1632231,1,1,0,7.7740581,0.11537913
-6.9237026,1,1.1632231,2,3,0,7.4078104,0.18119962
-6.9866608,0.99007642,1.1632231,2,3,0,6.9866616,0.34217801
-6.9866608,0.62481411,1.1632231,1,1,0,7.5930437,0.34217801
-6.8469725,1,1.1632231,1,1,0,6.9598391,0.30814747
-7.7226822,0.81495942,1.1632231,2,3,0,7.7511189,0.4444245
-7.4669808,1,1.1632231,1,1,0,7.9245632,0.41539924
-7.4669808,0.62953651,1.1632231,1,1,0,8.263179,0.41539924
-8.8403134,0.50480089,1.1632231,1,1,0,9.1681289,0.54021375
-8.2200288,1,1.1632231,1,1,0,9.2338914,0.4917188
-6.8672675,1,1.1632231,1,3,0,7.8897544,0.19250449
-6.8672675,0.72449913,1.1632231,1,3,0,8.1527408,0.19250449
-6.849953,1,1.1632231,1,1,0,6.8931706,0.19658084
-7.2215468,0.8974793,1.1632231,1,1,0,7.2232431,0.14319513
-7.7232862,0.8941174,1.1632231,1,1,0,7.7668355,0.10700064
-7.4623114,1,1.1632231,1,1,0,7.7971692,0.12340011
-7.5508975,0.91152524,1.1632231,2,3,0,8.7504656,0.11737111
-6.9336547,1,1.1632231,2,3,0,7.3890796,0.17944047
-7.2382335,0.88286652,1.1632231,2,3,0,7.8868171,0.14161678
-6.8311055,1,1.1632231,2,3,0,7.1180376,0.20149309
-6.7546504,0.97833517,1.1632231,2,3,0,6.9371336,0.23579485
-6.7546504,0.65319973,1.1632231,1,3,0,7.6480251,0.23579485
-6.847606,0.54958193,1.1632231,2,3,0,8.7592037,0.30834072
-7.2804873,0.90739177,1.1632231,2,3,0,7.3107852,0.39098748
-8.1077068,0.6660165,1.1632231,1,1,0,8.3423496,0.48184327
-6.8985182,1,1.1632231,2,3,0,7.5882865,0.3223618
-6.7920315,0.9801374,1.1632231,2,3,0,7.0000281,0.21419241
-6.7661034,1,1.1632231,2,3,0,6.786799,0.2267462
-7.1915581,0.86597023,1.1632231,2,3,0,7.4298274,0.14613047
-12.204495,0.48025847,1.1632231,2,3,0,12.604696,0.018070823
-7.2891633,0.99148522,1.1632231,2,3,0,12.373378,0.13701963
-8.1112161,0.84359548,1.1632231,1,1,0,8.1293052,0.088375887
-7.9390398,1,1.1632231,2,3,0,8.3149617,0.095977213
-7.8354413,1,1.1632231,2,3,0,8.1560915,0.10103623
-7.8422781,0.99875598,1.1632231,1,1,0,8.107408,0.10068977
-6.7611095,0.89457855,1.1632231,2,3,0,7.9008735,0.23014914
-7.2647491,0.4547972,1.1632231,2,3,0,10.092414,0.13918372
-6.7487626,0.97568083,1.1632231,1,3,0,7.1328596,0.24520906
-7.2340517,0.87768052,1.1632231,1,3,0,7.2773627,0.1420088
-7.7374966,0.89447832,1.1632231,1,1,0,7.7827222,0.10621409
-9.3421442,0.77933088,1.1632231,1,1,0,9.3425969,0.052166247
-6.9502223,0.88236053,1.1632231,1,3,0,8.9967008,0.17663306
-7.2164323,0.97246424,1.1632231,2,3,0,7.4303428,0.38170565
-6.9752976,1,1.1632231,2,3,0,7.2379844,0.17263709
-7.0427245,0.96009562,1.1632231,2,3,0,7.5693135,0.16308783
-6.749454,0.99153564,1.1632231,1,3,0,6.957537,0.24335002
-6.7851818,0.97236285,1.1632231,2,3,0,6.8517817,0.21699796
-7.2433593,0.90708664,1.1632231,1,3,0,7.2488225,0.14113942
-7.2433593,0.90199602,1.1632231,1,1,0,7.657508,0.14113942
-7.9972814,0.87118806,1.1632231,1,3,0,8.478286,0.47172121
-6.7631939,1,1.1632231,1,1,0,7.4509226,0.27218396
-7.083459,0.87349464,1.1632231,1,1,0,7.0842905,0.36033492
-7.1687634,0.53562479,1.1632231,2,3,0,8.8453395,0.14845326
-6.7814849,1,1.1632231,2,3,0,7.1290111,0.2832272
-6.8343316,0.99067128,1.1632231,2,3,0,6.8444756,0.30416249
-7.9834683,0.58814215,1.1632231,1,1,0,8.0065969,0.47042385
-7.7664342,0.62829061,1.1632231,1,3,0,9.32564,0.104641
-6.771004,0.90183349,1.1632231,2,3,0,7.869514,0.2238603
-6.7794354,0.99708246,1.1632231,1,1,0,6.786513,0.21957433
-6.7643402,1,1.1632231,1,1,0,6.7782922,0.22788386
-6.8622509,0.95854169,1.1632231,2,3,0,6.9651033,0.19364866
-6.913147,0.91192547,1.1632231,2,3,0,7.3322407,0.18313146
-6.9184332,0.99841694,1.1632231,1,1,0,6.9712484,0.18215514
-6.8769423,1,1.1632231,1,1,0,6.9413666,0.1903735
-7.7216834,0.86871487,1.1632231,1,3,0,7.7290677,0.10708995
-7.0607182,1,1.1632231,2,3,0,7.4953851,0.35631242
-6.8556164,0.69523531,1.1632231,2,3,0,8.0036237,0.19520687
-9.3643443,0.52696223,1.1632231,1,3,0,9.4923238,0.57520003
-7.2456478,1,1.1632231,1,3,0,9.336271,0.14092741
-7.2627912,0.92341937,1.1632231,2,3,0,8.237421,0.13936035
-7.3480628,0.98010866,1.1632231,1,1,0,7.4744892,0.13207038
-6.7537202,0.97545942,1.1632231,1,3,0,7.1915425,0.23681634
-6.8279391,0.82737378,1.1632231,2,3,0,7.3321678,0.30204346
-6.8822398,0.97697058,1.1632231,1,1,0,6.9116301,0.31815865
-6.8822398,0.50065682,1.1632231,2,3,0,8.5886456,0.31815865
-6.7636518,0.99407269,1.1632231,2,3,0,6.879363,0.22834543
-7.6383062,0.75238631,1.1632231,2,3,0,8.0332317,0.11191087
-6.9428658,1,1.1632231,1,1,0,7.457729,0.17786188
-6.7961376,1,1.1632231,2,3,0,6.899416,0.21262273
-6.9861429,0.9415499,1.1632231,1,1,0,6.9878509,0.17099228
-7.4384352,0.88959484,1.1632231,1,1,0,7.4520986,0.12512203
-7.9152384,0.90890326,1.1632231,1,1,0,7.9960556,0.097104518
-8.2121782,0.95188759,1.1632231,1,1,0,8.4065311,0.08432098
-8.5130155,0.95690979,1.1632231,1,1,0,8.7485551,0.073675997
-8.8643403,0.69487936,1.1632231,2,3,0,13.987573,0.063400658
-7.5688974,1,1.1632231,1,1,0,8.646875,0.11620961
-8.1177175,0.88770124,1.1632231,1,3,0,8.9030823,0.48273997
-7.4275166,0.64217568,1.1632231,2,3,0,9.5967907,0.12592438
-7.5351968,0.87998403,1.1632231,2,3,0,8.5148362,0.42356707
-7.2128635,1,1.1632231,1,1,0,7.5822356,0.38117178
-7.7196305,0.78206175,1.1632231,1,1,0,7.9211313,0.44410129
-7.3201303,1,1.1632231,2,3,0,7.5715012,0.13437196
-7.9134805,0.90541078,1.1632231,2,3,0,8.7957611,0.46373625
-7.9134805,0.45458787,1.1632231,1,3,0,9.3008232,0.46373625
-9.5999428,0.43154892,1.1632231,1,1,0,10.147352,0.58956456
-7.1632603,1,1.1632231,1,1,0,8.5763957,0.37354576
-8.3453266,0.56081579,1.1632231,1,1,0,8.5223886,0.50228623
-7.7507427,1,1.1632231,2,3,0,8.0346451,0.10548931
-8.5701598,0.90427742,1.1632231,2,3,0,8.639627,0.52020467
-8.3153255,0.96264976,1.1632231,2,3,0,9.1943562,0.49979653
-7.6703762,1,1.1632231,1,1,0,8.4224628,0.43881524
-6.7680687,1,1.1632231,1,3,0,7.3591932,0.22554475
-6.7962919,0.95436969,1.1632231,2,3,0,6.9428199,0.2125652
-6.7962919,0.47247283,1.1632231,1,3,0,8.5479884,0.2125652
-6.7962919,0.41521565,1.1632231,1,3,0,8.8534737,0.2125652
-6.8159759,0.99347908,1.1632231,1,1,0,6.8299594,0.20590958
-6.766662,0.96671232,1.1632231,2,3,0,6.9591897,0.22639801
-6.9500126,0.95866643,1.1632231,1,3,0,6.950201,0.17666772
-7.0341689,0.97635852,1.1632231,1,1,0,7.0832687,0.16421796
-7.2150184,0.9845351,1.1632231,2,3,0,7.2693268,0.14382306
-7.771177,0.85088418,1.1632231,2,3,0,8.7735436,0.10438675
-7.4921995,1,1.1632231,2,3,0,7.8438241,0.12130494
-6.9986433,1,1.1632231,2,3,0,7.3785877,0.16915274
-6.9986433,0.49312716,1.1632231,1,3,0,9.2211945,0.16915274
-7.3172799,0.96504755,1.1632231,2,3,0,7.6172289,0.39608558
-7.0561551,1,1.1632231,2,3,0,7.2718254,0.16135501
-7.4334136,0.90775844,1.1632231,2,3,0,8.0026171,0.41124611
-7.4334136,0.021789915,1.1632231,1,1,0,11.999411,0.41124611
-6.8529057,1,1.1632231,1,1,0,7.2006896,0.30993569
-6.761005,0.80583728,1.1632231,2,3,0,7.4013359,0.23022702
-6.7498845,1,1.1632231,1,1,0,6.7570619,0.24242255
-8.7769167,0.58317174,1.1632231,1,3,0,9.2249095,0.065774204
-8.0374474,1,1.1632231,1,1,0,8.7765617,0.091519455
-8.9701076,0.87424158,1.1632231,1,1,0,9.0445948,0.06067266
-7.3342108,1,1.1632231,1,3,0,8.6672099,0.13320188
-7.2586273,1,1.1632231,1,1,0,7.4440722,0.13973758
-7.0394581,0.97521133,1.1632231,2,3,0,7.9255991,0.16351681
-6.7740525,0.97179619,1.1632231,2,3,0,7.1410129,0.2222272
-6.7740525,0.16192736,1.1632231,2,3,0,12.906454,0.2222272
-7.1264936,0.88586198,1.1632231,2,3,0,7.3624482,0.1529944
-6.9527338,1,1.1632231,1,1,0,7.1145507,0.17621973
-6.9746595,0.99789303,1.1632231,2,3,0,7.0357924,0.17273535
-7.4706624,0.84743307,1.1632231,2,3,0,8.2396708,0.1228081
-8.1849395,0.87249739,1.1632231,1,1,0,8.2338158,0.085388305
-7.319649,1,1.1632231,1,1,0,8.0268643,0.13441232
-7.2207433,0.83039895,1.1632231,2,3,0,8.5300499,0.38234804
-6.7506063,1,1.1632231,1,3,0,7.0264814,0.25905798
-6.803533,0.98385218,1.1632231,2,3,0,6.8141686,0.20996933
-7.0434033,0.94238328,1.1632231,1,3,0,7.1132362,0.35315895
-6.7526388,1,1.1632231,1,3,0,6.9470754,0.23811839
-6.7661512,0.99515696,1.1632231,1,1,0,6.7668043,0.22671622
-6.7530221,1,1.1632231,2,3,0,6.765815,0.2626371
-7.5564123,0.78227374,1.1632231,1,3,0,7.5569749,0.42603839
-6.7844838,1,1.1632231,1,1,0,7.218931,0.28472285
-6.7484247,0.94405612,1.1632231,2,3,0,6.9341105,0.24646245
-6.8237748,0.95819034,1.1632231,2,3,0,6.916466,0.20357163
-6.9972729,0.72353169,1.1632231,2,3,0,7.9922357,0.34431596
-6.7487116,1,1.1632231,1,3,0,6.9073201,0.24537602
-6.8076959,0.57728359,1.1632231,2,3,0,8.4990195,0.29474469
-7.0500452,0.89981922,1.1632231,1,1,0,7.0660811,0.35437836
-6.9023422,1,1.1632231,2,3,0,7.0363053,0.18518604
-7.4784335,0.84154477,1.1632231,2,3,0,8.1334222,0.12226184
-8.2016389,0.87159508,1.1632231,1,1,0,8.2502404,0.084731694
-7.0399278,0.9637537,1.1632231,2,3,0,8.6963934,0.16345494
-6.9225089,1,1.1632231,1,1,0,7.0428539,0.18141456
-6.7738472,1,1.1632231,2,3,0,6.8738028,0.22233387
-7.3520779,0.87866354,1.1632231,1,3,0,7.3708894,0.13174594
-7.925047,0.85335452,1.1632231,2,3,0,9.0441438,0.096637527
-7.1952188,1,1.1632231,1,1,0,7.7810362,0.14576503
-7.3375544,0.98875087,1.1632231,2,3,0,7.435986,0.13292701
-8.1512814,0.84852229,1.1632231,1,1,0,8.1746078,0.086733976
-6.7620276,0.90765044,1.1632231,1,3,0,7.8838153,0.22947828
-6.8073016,0.75254664,1.1632231,2,3,0,7.9271013,0.2945918
-7.6516448,0.68287775,1.1632231,1,1,0,7.6644707,0.43676938
-7.8671344,0.89856526,1.1632231,1,1,0,8.2865873,0.45919746
-8.0505188,0.92040358,1.1632231,2,3,0,8.5776442,0.47665523
-8.2495889,0.42642352,1.1632231,1,3,0,10.257471,0.082885618
-6.7493666,0.85694516,1.1632231,2,3,0,8.2285926,0.24355476
-6.8067487,0.97750973,1.1632231,2,3,0,6.8422313,0.20887594
-6.775849,1,1.1632231,1,1,0,6.8025004,0.22131193
-8.4305167,0.63331129,1.1632231,1,3,0,8.4787553,0.50922461
-6.8330957,1,1.1632231,1,1,0,7.7081617,0.30375867
-6.7519677,0.8740151,1.1632231,2,3,0,7.2534569,0.26121256
-7.3259304,0.83992988,1.1632231,1,3,0,7.4233653,0.1338875
-6.8951568,1,1.1632231,1,1,0,7.2101732,0.18659956
-6.8951568,0.60700602,1.1632231,1,3,0,8.33758,0.18659956
-7.067004,0.98381466,1.1632231,2,3,0,7.0899819,0.15999015
-11.789221,0.36029638,1.1632231,1,3,0,12.150553,0.69542432
-8.0240729,1,1.1632231,1,1,0,10.523785,0.47421717
-7.3803386,1,1.1632231,2,3,0,8.3881618,0.12950563
-7.6292872,0.94806285,1.1632231,1,1,0,7.7439223,0.11245402
-7.6292872,0.85730271,1.1632231,1,1,0,8.4057849,0.11245402
-7.4371134,1,1.1632231,1,1,0,7.7271333,0.12521865
-7.0773983,1,1.1632231,1,1,0,7.3859301,0.15871015
-7.1122803,0.99078929,1.1632231,1,1,0,7.2048184,0.15459665
-7.5020282,0.97463335,1.1632231,2,3,0,7.6994834,0.41963926
-7.3730654,0.63599208,1.1632231,2,3,0,8.7790142,0.13007511
-6.8740377,1,1.1632231,1,1,0,7.2335586,0.1910033
-6.8797718,0.97345653,1.1632231,2,3,0,7.1647678,0.18976782
-6.7816647,1,1.1632231,2,3,0,6.8661573,0.28331863
-6.8861023,0.97550716,1.1632231,2,3,0,6.9151008,0.18843943
-6.9876607,0.99010414,1.1632231,2,3,0,7.0169867,0.17076579
-7.2773343,0.92612523,1.1632231,1,1,0,7.3066775,0.13805937
-6.8627322,1,1.1632231,1,1,0,7.1602454,0.19353766
-7.2225586,0.89139427,1.1632231,2,3,0,7.521768,0.38261773
-7.0603822,1,1.1632231,2,3,0,7.1506668,0.16081961
-6.7614898,0.99433014,1.1632231,2,3,0,7.0636589,0.27087932
-9.0857372,0.51729849,1.1632231,1,3,0,9.8761197,0.057856744
-7.8916391,1,1.1632231,1,1,0,8.9366043,0.098242341
-7.8491712,0.92252507,1.1632231,1,3,0,8.9491192,0.45741339
-6.7657845,1,1.1632231,1,3,0,7.4576756,0.2269475
-6.8382958,0.97562654,1.1632231,1,1,0,6.8394375,0.19955171
-6.7492356,0.99959628,1.1632231,1,3,0,6.8087117,0.24387496
-7.8545375,0.7370469,1.1632231,1,3,0,8.0146142,0.10007316
-8.6158475,0.88590117,1.1632231,1,1,0,8.7010128,0.070456101
-6.7538479,0.82352292,1.1632231,2,3,0,8.6884264,0.23667137
-7.2204014,0.87615762,1.1632231,1,3,0,7.2395292,0.38229719
-6.8354729,0.98878234,1.1632231,1,3,0,7.2068771,0.20030317
-9.3223961,0.52552283,1.1632231,1,3,0,9.4311676,0.57256067
-8.0473376,0.9114571,1.1632231,2,3,0,10.548706,0.091088564
-7.5534864,1,1.1632231,1,1,0,8.0490803,0.11720281
-6.7735689,0.97445429,1.1632231,2,3,0,7.7085886,0.22247921
-6.7735689,0.67449898,1.1632231,1,3,0,8.0840505,0.22247921
-7.1348636,0.88338515,1.1632231,2,3,0,7.3728056,0.15206935
-8.2396962,0.78885528,1.1632231,1,3,0,8.6213963,0.49340762
-6.947897,1,1.1632231,1,3,0,8.0549919,0.17701852
-7.445802,0.87672688,1.1632231,1,1,0,7.4519275,0.12458602
-8.1409126,0.87399941,1.1632231,1,1,0,8.1893745,0.087154651
-6.7748095,1,1.1632231,2,3,0,7.8739414,0.27964854
-6.7827708,0.99677117,1.1632231,1,1,0,6.7926743,0.28387602
-6.8259283,0.99297345,1.1632231,2,3,0,6.8370009,0.30136065
-6.9967688,0.92814918,1.1632231,1,1,0,7.0215269,0.34421534
-7.1862623,0.91614908,1.1632231,1,1,0,7.2872466,0.37713143
-6.951465,1,1.1632231,2,3,0,7.1576554,0.33475433
-6.8015795,0.61394427,1.1632231,2,3,0,8.1958612,0.21065053
-6.7486531,0.99994445,1.1632231,1,3,0,6.7836493,0.24557594
-6.9620284,0.94427151,1.1632231,1,3,0,6.9742572,0.17471623
-7.4726647,0.8963047,1.1632231,1,3,0,7.6960806,0.4160934
-6.8165631,1,1.1632231,1,3,0,7.3365954,0.20572854
-6.7998848,1,1.1632231,2,3,0,6.8111022,0.29162095
-6.7998848,0.80452545,1.1632231,1,1,0,7.0854092,0.29162095
-8.7392179,0.2397395,1.1632231,2,3,0,11.565188,0.066832914
-10.878437,0.81096925,1.1632231,1,1,0,10.878613,0.029082954
-9.5274965,1,1.1632231,1,1,0,10.869454,0.048471731
-8.9076414,1,1.1632231,1,1,0,9.6831931,0.062265442
-7.793208,1,1.1632231,2,3,0,8.4787156,0.45176166
-7.0463022,0.34918668,1.1632231,2,3,0,11.196426,0.1626214
-6.8082443,1,1.1632231,1,1,0,6.9741659,0.20837859
-7.5410139,0.81881988,1.1632231,2,3,0,8.0619102,0.11801755
-6.7481093,0.94720597,1.1632231,1,3,0,7.3734971,0.25165698
-6.8498439,0.93318877,1.1632231,2,3,0,7.0036814,0.30901895
-7.0168973,0.97022666,1.1632231,2,3,0,7.0386172,0.16656607
-7.6213385,0.86044011,1.1632231,1,1,0,7.6287226,0.11293641
-6.7480272,0.94108256,1.1632231,1,3,0,7.4393814,0.24958674
-7.3141525,0.83139139,1.1632231,2,3,0,7.4925132,0.13487496
-7.9379921,0.70008163,1.1632231,2,3,0,9.5573255,0.46610061
-7.8335153,1,1.1632231,1,1,0,8.3961684,0.45584677
-7.2798356,1,1.1632231,2,3,0,8.1304602,0.13783816
-6.9856061,1,1.1632231,2,3,0,7.1827214,0.34196317
-7.0564673,0.9894053,1.1632231,2,3,0,7.1554529,0.35554579
-8.0973887,0.60498255,1.1632231,1,1,0,8.2222543,0.48091552
-6.7619405,1,1.1632231,1,1,0,7.5050027,0.27123176
-7.5334868,0.71542035,1.1632231,1,1,0,7.533695,0.42336651
-7.5334868,0.20214873,1.1632231,1,3,0,10.188283,0.42336651
-6.923499,1,1.1632231,2,3,0,7.3121637,0.32842323
-6.7705238,0.99186456,1.1632231,2,3,0,6.9247793,0.22412776
-6.8534408,0.95168933,1.1632231,2,3,0,6.985281,0.31009461
-6.7809636,1,1.1632231,1,1,0,6.8324435,0.28296081
-6.8172444,0.99537887,1.1632231,2,3,0,6.8218388,0.20551957
-6.794688,1,1.1632231,2,3,0,6.8097489,0.28941793
-6.7487264,0.90833737,1.1632231,2,3,0,7.0417943,0.24532705
-7.0327327,0.50464296,1.1632231,2,3,0,9.4889072,0.16440976
-6.8336728,1,1.1632231,1,1,0,6.9796405,0.20078949
-7.0488975,0.56346423,1.1632231,2,3,0,8.9324955,0.35416853
-6.8506308,0.88293227,1.1632231,2,3,0,7.454203,0.19641415
-7.0803045,0.97516671,1.1632231,2,3,0,7.0887507,0.15835694
-6.7481088,0.97335582,1.1632231,2,3,0,7.0567181,0.2516516
-6.8627248,0.85910773,1.1632231,2,3,0,7.3199183,0.31279482
-6.7720266,1,1.1632231,2,3,0,6.8304842,0.27803156
-6.7720266,0.75276368,1.1632231,1,1,0,7.1406022,0.27803156
-6.750067,0.84556272,1.1632231,2,3,0,7.1977114,0.25805085
-6.750067,0.7651032,1.1632231,1,3,0,7.4787604,0.25805085
-7.3392401,0.83917849,1.1632231,1,3,0,7.4306453,0.13278885
-6.7513526,0.96021576,1.1632231,1,3,0,7.2185353,0.26029371
-6.8278313,0.97658339,1.1632231,2,3,0,6.8432268,0.20240826
-6.8278313,0.63844487,1.1632231,1,3,0,8.5397373,0.20240826
-6.7971143,0.72847587,1.1632231,2,3,0,8.2837107,0.2904602
-6.7482847,0.75252227,1.1632231,2,3,0,7.5214956,0.2471406
-6.7912486,0.98367499,1.1632231,2,3,0,6.8137341,0.21450055
-6.8758977,0.9806275,1.1632231,2,3,0,6.9384884,0.31645769
-8.6859812,0.65824972,1.1632231,2,3,0,8.7268996,0.52897068
-8.6859812,0.097013301,1.1632231,1,1,0,12.243808,0.52897068
-7.9110087,1,1.1632231,1,1,0,8.8474448,0.46349646
-8.6373796,0.69486582,1.1632231,1,1,0,9.1871937,0.52532808
-7.584289,1,1.1632231,1,1,0,8.4983051,0.42923926
-7.0269032,1,1.1632231,1,1,0,7.4311708,0.35007403
-7.0269032,0.038459762,1.1632231,1,1,0,10.661019,0.35007403
-6.7578668,1,1.1632231,1,1,0,6.9149782,0.26780743
-6.7581221,0.84471993,1.1632231,2,3,0,7.192833,0.26804017
-6.9524922,0.92278544,1.1632231,1,1,0,6.9528661,0.33497898
-6.8040475,0.8899165,1.1632231,2,3,0,7.3025017,0.20979212
-6.7833024,0.72326451,1.1632231,2,3,0,8.2606767,0.2841409
-7.9537748,0.66651377,1.1632231,2,3,0,8.325641,0.095289249
-8.4566713,0.92363968,1.1632231,1,1,0,8.6056139,0.075523893
-8.5497881,0.98726691,1.1632231,1,1,0,8.883789,0.072502538
-6.81268,0.89909533,1.1632231,1,3,0,8.2320555,0.20694213
-6.7569257,1,1.1632231,1,1,0,6.7934731,0.2335717
-6.9513623,0.87851708,1.1632231,2,3,0,7.2925278,0.33473185
-7.7045855,0.35791372,1.1632231,2,3,0,9.9936094,0.10805028
-8.4699699,0.85467879,1.1632231,1,3,0,9.3852828,0.51237475
-7.6688214,1,1.1632231,1,1,0,8.4982581,0.43864618
-7.6989281,0.98521541,1.1632231,1,1,0,8.127446,0.44189561
-7.2937162,1,1.1632231,2,3,0,7.5683359,0.13662372
-7.9662372,0.8683579,1.1632231,1,1,0,7.9991034,0.094713193
-6.9239241,0.9707544,1.1632231,2,3,0,8.0492224,0.32852281
-7.0240081,0.95601444,1.1632231,1,1,0,7.0939094,0.3495242
-7.9656897,0.78563978,1.1632231,2,3,0,8.0749254,0.46874332
-7.9656897,0.23329166,1.1632231,1,1,0,10.032057,0.46874332
-7.5861926,1,1.1632231,1,1,0,8.1640513,0.42945597
-6.9282142,0.98151866,1.1632231,1,3,0,7.6026949,0.18039498
-7.1407128,0.94221018,1.1632231,1,1,0,7.1665695,0.15143075
-7.1494157,0.99776307,1.1632231,1,1,0,7.2643579,0.15049218
-7.2990567,0.84449781,1.1632231,2,3,0,8.2452476,0.39358024
-7.0063274,1,1.1632231,2,3,0,7.3837651,0.16805002
-7.1774101,0.98506533,1.1632231,2,3,0,7.2267483,0.14756238
-6.8919455,1,1.1632231,1,1,0,7.1080534,0.18724434
-7.0954191,0.94299674,1.1632231,1,1,0,7.1143363,0.15655145
-7.2915982,0.95171158,1.1632231,1,1,0,7.3573027,0.13680759
-7.5906387,0.93575664,1.1632231,1,1,0,7.6782805,0.11483307
-6.9737554,0.93956433,1.1632231,2,3,0,8.1970406,0.17287485
-6.9737554,0.85997842,1.1632231,1,1,0,7.4149941,0.17287485
-7.2687292,0.9645236,1.1632231,2,3,0,7.5408749,0.38932405
-9.1469806,0.39501551,1.1632231,1,1,0,9.3757572,0.5612358
-8.5150961,0.5461645,1.1632231,2,3,0,11.717996,0.073608929
-7.5265724,0.95388153,1.1632231,2,3,0,9.4913158,0.11897345
-6.8369774,0.92922662,1.1632231,2,3,0,7.8192175,0.19990098
-6.7892447,1,1.1632231,2,3,0,6.8246229,0.28698192
-6.8911284,0.9798032,1.1632231,2,3,0,6.9027043,0.3204812
-7.0788254,0.91917259,1.1632231,1,1,0,7.1315454,0.35952571
-6.9030283,1,1.1632231,2,3,0,7.0963486,0.1850531
-7.4692236,0.85745024,1.1632231,1,1,0,7.4697934,0.12290973
-8.3877966,0.84233317,1.1632231,1,1,0,8.4132701,0.077868905
-8.2224229,1,1.1632231,1,1,0,8.6408064,0.083924446
-7.3497975,1,1.1632231,1,1,0,8.0677451,0.13193002
-6.7873193,0.99444767,1.1632231,1,3,0,7.187189,0.21609462
-6.7969608,0.99674654,1.1632231,1,1,0,6.8093677,0.21231688
-6.7535048,1,1.1632231,1,1,0,6.7816579,0.23706493
-6.8507102,0.97590225,1.1632231,1,3,0,6.8511736,0.19639467
-6.9013113,0.98441212,1.1632231,1,1,0,6.9277607,0.18538643
-7.0697955,0.98418594,1.1632231,2,3,0,7.0945964,0.15964379
-7.6473243,0.9566729,1.1632231,2,3,0,7.6621159,0.11137217
-6.7569089,0.92571036,1.1632231,2,3,0,7.5105286,0.26690658
-6.7503382,0.96604444,1.1632231,2,3,0,6.8461583,0.25857185
-7.0747103,0.90819575,1.1632231,1,3,0,7.1202059,0.15903865
-6.774267,0.96826603,1.1632231,2,3,0,7.2910965,0.22211617
-7.9161007,0.72900806,1.1632231,1,3,0,7.9627482,0.46399016
-7.0375818,1,1.1632231,1,1,0,7.6102691,0.35207977
-6.9349396,1,1.1632231,2,3,0,6.9971121,0.17921748
-6.8650217,1,1.1632231,2,3,0,6.9414944,0.19301323
-7.3814805,0.8643317,1.1632231,1,1,0,7.3815357,0.12941666
-7.8351905,0.94046772,1.1632231,2,3,0,7.8656358,0.45601493
-8.5030165,0.35254884,1.1632231,1,3,0,10.521734,0.073999464
-6.8186284,0.83907274,1.1632231,2,3,0,8.8693304,0.20509851
-6.7735858,0.9616869,1.1632231,2,3,0,6.9840732,0.22247036
-6.8871754,0.8346996,1.1632231,2,3,0,7.3927352,0.3194568
-6.8266919,1,1.1632231,2,3,0,6.8720358,0.20273165
-7.1773098,0.90053292,1.1632231,1,1,0,7.1778469,0.14757264
-7.0352276,1,1.1632231,2,3,0,7.2006729,0.16407696
-7.4236438,0.89135658,1.1632231,2,3,0,7.9299587,0.41001949
-7.2350516,1,1.1632231,1,1,0,7.5474919,0.384461
-6.7744158,1,1.1632231,1,1,0,7.0387566,0.27942488
-6.7482589,0.92810888,1.1632231,2,3,0,6.9645111,0.252729
-7.0928889,0.90335894,1.1632231,1,3,0,7.0963133,0.3619661
-6.8014656,0.93515503,1.1632231,2,3,0,7.3194865,0.21069066
-7.2292427,0.89577312,1.1632231,1,3,0,7.3010618,0.38360668
-7.2292427,0.77149806,1.1632231,2,3,0,7.9050449,0.38360668
-8.8928509,0.44011894,1.1632231,1,1,0,9.1025331,0.54393464
-6.937342,1,1.1632231,1,1,0,8.0218474,0.33161088
-6.937342,0.24409686,1.1632231,1,1,0,8.5140267,0.33161088
lp__,accept_stat__,stepsize__,treedepth__,n_leapfrog__,divergent__,energy__,theta
-8.2085422,0.90817966,1.0856155,1,1,0,8.262766,0.084462355
-6.7680679,0.93274713,1.0856155,1,3,0,8.0677435,0.22554519
-6.7680679,0.46744498,1.0856155,1,3,0,10.106113,0.22554519
-6.7680679,0.43844781,1.0856155,1,3,0,8.9858585,0.22554519
-6.7928641,0.99251601,1.0856155,1,1,0,6.7958507,0.21386792
-7.2667521,0.88014499,1.0856155,1,3,0,7.3772328,0.38904266
-6.8073171,1,1.0856155,1,1,0,7.0926535,0.29459785
-8.407313,0.52510404,1.0856155,1,1,0,8.407331,0.50735354
-6.8380597,1,1.0856155,1,3,0,8.1477298,0.19961403
-6.824771,0.85837308,1.0856155,2,3,0,7.637298,0.30096392
-6.749336,1,1.0856155,1,3,0,6.8002273,0.25644492
-7.0508834,0.91955941,1.0856155,1,3,0,7.0588702,0.35453138
-6.8504415,1,1.0856155,1,1,0,6.9958623,0.30919886
-6.8421251,1,1.0856155,1,1,0,6.8802503,0.30664909
-6.8590615,0.99788172,1.0856155,2,3,0,6.8910252,0.31174196
-6.9307677,0.99095547,1.0856155,2,3,0,6.9641623,0.33011087
-6.7595127,0.96897823,1.0856155,2,3,0,7.0750399,0.23137698
-7.4492114,0.85980597,1.0856155,2,3,0,7.7061735,0.1243394
-7.1864221,1,1.0856155,1,1,0,7.4487005,0.14664665
-7.5022242,0.93703442,1.0856155,1,1,0,7.5474894,0.12061657
-7.4219913,1,1.0856155,1,1,0,7.6252986,0.12633408
-6.9554719,0.87767597,1.0856155,2,3,0,8.4224566,0.33562776
-6.74993,1,1.0856155,1,3,0,6.8875554,0.25777464
-6.8171951,0.98199731,1.0856155,1,3,0,6.8180609,0.2982944
-6.7608424,0.88172427,1.0856155,2,3,0,7.2108641,0.27036288
-6.7608424,0.80930929,1.0856155,2,3,0,7.5793626,0.27036288
-6.7608424,0.55493833,1.0856155,1,3,0,8.060623,0.27036288
-6.7967702,0.98736451,1.0856155,1,1,0,6.7983574,0.29031389
-6.7501277,0.96344469,1.0856155,2,3,0,6.9221346,0.25817036
-6.7501277,0.35720678,1.0856155,1,3,0,10.984072,0.25817036
-6.7769394,0.99299581,1.0856155,1,3,0,6.7769752,0.28083248
-7.6369488,0.73788243,1.0856155,2,3,0,8.1437688,0.11199233
-6.7960016,0.98513476,1.0856155,2,3,0,7.735828,0.21267355
-6.7480415,0.9971702,1.0856155,2,3,0,6.8099505,0.25078668
-6.7612149,0.99644105,1.0856155,1,3,0,6.7619973,0.27066155
-6.757488,1,1.0856155,1,1,0,6.7626435,0.26745648
-7.0645486,0.93408862,1.0856155,2,3,0,7.1415889,0.16029642
-6.918378,1,1.0856155,1,1,0,7.0500889,0.18216524
-7.1154767,0.98403879,1.0856155,2,3,0,7.1315779,0.15423279
-7.7156686,0.94817108,1.0856155,2,3,0,7.8077136,0.44368096
-6.9118246,1,1.0856155,1,1,0,7.4142755,0.32564375
-7.7004977,0.48946021,1.0856155,2,3,0,9.3639451,0.10828197
-7.7764627,0.98736834,1.0856155,1,1,0,7.9646761,0.10410455
-7.6523752,1,1.0856155,1,1,0,7.9214803,0.11107236
-6.7500963,0.9578438,1.0856155,1,3,0,7.5447615,0.24200655
-7.5196873,0.84983652,1.0856155,2,3,0,7.7417886,0.11943403
-7.3549251,1,1.0856155,1,1,0,7.5920456,0.13151682
-6.7887032,1,1.0856155,1,3,0,7.2264645,0.21552381
-6.7617793,0.98079171,1.0856155,2,3,0,6.9114997,0.2296574
-6.9834012,0.94065111,1.0856155,1,3,0,7.0288546,0.34151261
-7.0044864,0.7727277,1.0856155,2,3,0,7.8942257,0.16831234
-7.1336722,0.93246741,1.0856155,2,3,0,7.6899404,0.15220021
-6.8107821,1,1.0856155,1,3,0,7.0474395,0.2075499
-6.7495762,0.99191143,1.0856155,2,3,0,6.8405734,0.25701245
-6.7735907,0.99427748,1.0856155,2,3,0,6.7825439,0.22246779
-8.7479613,0.59711211,1.0856155,1,3,0,8.874911,0.5335437
-6.7940749,1,1.0856155,1,3,0,7.9628682,0.28915056
-9.7557934,0.48141842,1.0856155,2,3,0,9.8241988,0.044339803
-9.8395605,0.99385703,1.0856155,1,1,0,10.251953,0.042928369
-8.5285812,1,1.0856155,1,1,0,9.7312548,0.073176207
-6.7634621,0.8997926,1.0856155,1,3,0,8.4263591,0.22847443
-7.0980783,0.92687996,1.0856155,1,3,0,7.1145279,0.15623911
-7.4598492,0.92514579,1.0856155,1,1,0,7.4853599,0.12357565
-6.8767062,1,1.0856155,1,3,0,7.3200387,0.19042438
-8.6479257,0.42245419,1.0856155,2,3,0,11.517048,0.06948981
-9.7759272,0.89628702,1.0856155,1,1,0,9.82579,0.043995678
-8.5451532,1,1.0856155,1,1,0,9.6847083,0.072649065
-7.0503468,1,1.0856155,2,3,0,8.0539657,0.35443345
-6.8180854,0.98312436,1.0856155,1,3,0,7.120813,0.20526316
-7.3807725,0.86114302,1.0856155,1,3,0,7.5326018,0.40453596
-7.7498374,0.8531406,1.0856155,1,1,0,7.9803916,0.4472792
-6.870908,1,1.0856155,1,1,0,7.4077173,0.31509182
-7.1768989,0.88613563,1.0856155,1,1,0,7.2028221,0.37568253
-7.0324664,1,1.0856155,1,1,0,7.2146333,0.35112326
-7.1965507,0.93525489,1.0856155,1,1,0,7.2918496,0.37870714
-6.8274477,0.98304739,1.0856155,1,3,0,7.2543164,0.20251687
-6.7875844,0.9662993,1.0856155,2,3,0,7.0827368,0.21598447
-6.7512875,1,1.0856155,1,3,0,6.7763987,0.23998957
-6.8698,0.94005326,1.0856155,2,3,0,7.0502274,0.19193734
-6.946734,0.9797432,1.0856155,1,1,0,6.9681683,0.17721232
-6.946734,0.4189899,1.0856155,2,3,0,11.21956,0.17721232
-7.905693,0.86887417,1.0856155,1,3,0,7.9253331,0.097562301
-9.9186996,0.91039749,1.0856155,2,3,0,10.364423,0.60786224
-6.9876737,1,1.0856155,1,1,0,8.6957303,0.34238393
-6.7480334,1,1.0856155,1,3,0,6.9180972,0.24939561
-7.2756658,0.86971896,1.0856155,1,3,0,7.3708053,0.13820735
-7.4713043,0.96150837,1.0856155,1,1,0,7.5542827,0.12276281
-7.0471556,1,1.0856155,1,1,0,7.390605,0.16251068
-6.9691408,1,1.0856155,1,1,0,7.0725779,0.17359231
-6.7913193,0.82371077,1.0856155,2,3,0,8.0980859,0.28792734
-7.4920396,0.78459786,1.0856155,2,3,0,7.8512433,0.12131597
-7.2376939,1,1.0856155,1,1,0,7.504959,0.14166724
-7.7727839,0.96713174,1.0856155,2,3,0,7.7958918,0.10430083
-6.8383437,0.98232221,1.0856155,2,3,0,7.926,0.19953906
-6.8383437,0.71958397,1.0856155,1,3,0,7.949733,0.19953906
-6.8708859,0.93742396,1.0856155,2,3,0,7.3335366,0.19169624
-7.5019544,0.84890801,1.0856155,1,3,0,7.7292429,0.41963044
-7.5019544,0.41833561,1.0856155,1,1,0,8.851007,0.41963044
-7.7578979,0.89516978,1.0856155,1,1,0,8.0465254,0.44811931
-7.3398455,1,1.0856155,1,1,0,7.7890377,0.39913686
-7.4238732,0.96495609,1.0856155,1,1,0,7.6530063,0.41004839
-7.0828724,1,1.0856155,2,3,0,7.3146329,0.15804649
-7.4299007,0.92729212,1.0856155,1,1,0,7.4550024,0.12574836
-7.9646189,0.91034449,1.0856155,1,1,0,8.0095157,0.094787701
-7.5103886,0.90563558,1.0856155,1,3,0,9.0268735,0.42063687
-7.4863847,1,1.0856155,1,1,0,7.7960166,0.41775846
-7.0136078,1,1.0856155,2,3,0,7.4379178,0.16702394
-6.7725184,0.97855118,1.0856155,1,3,0,7.0339424,0.27832358
-6.7577799,0.84333577,1.0856155,2,3,0,7.4433963,0.23281434
-6.7594749,0.98778708,1.0856155,2,3,0,6.8252083,0.23140713
-6.8599577,0.94037629,1.0856155,2,3,0,7.0770107,0.19418128
-7.1018044,0.93926426,1.0856155,1,1,0,7.105436,0.15580404
-6.8186885,1,1.0856155,1,3,0,7.0257801,0.20508034
-6.7495085,0.99082354,1.0856155,2,3,0,6.8528314,0.25685721
-6.7526657,0.99959797,1.0856155,2,3,0,6.7529538,0.23808415
-6.8008613,0.98638245,1.0856155,1,3,0,6.815134,0.29202307
-7.3009532,0.83624695,1.0856155,2,3,0,7.5692677,0.13599919
-7.9569945,0.8857771,1.0856155,1,1,0,7.9742468,0.095139921
-10.04117,0.81834434,1.0856155,1,3,0,10.072299,0.039739722
-8.2110322,0.90536576,1.0856155,1,3,0,9.8418091,0.084365505
-8.4717193,0.96678963,1.0856155,1,1,0,8.6754724,0.075024322
-8.6048573,0.98425588,1.0856155,1,1,0,8.8804663,0.070791222
-7.442681,1,1.0856155,2,3,0,8.4138952,0.12481258
-8.0262152,0.90373153,1.0856155,1,1,0,8.0656388,0.09201247
-8.0095232,1,1.0856155,1,1,0,8.2794035,0.092752436
-7.8600753,1,1.0856155,1,1,0,8.1772369,0.099796553
-7.3003185,1,1.0856155,1,1,0,7.7824785,0.13605373
-6.8283702,1,1.0856155,2,3,0,7.1776143,0.30218882
-6.7497702,0.99939324,1.0856155,1,3,0,6.8143123,0.24265721
-10.073152,0.41715651,1.0856155,1,3,0,11.548142,0.039259385
-8.6520061,1,1.0856155,1,1,0,9.9559738,0.069368146
-6.7666346,1,1.0856155,2,3,0,8.4094865,0.22641497
-6.7536218,0.78148141,1.0856155,2,3,0,7.9982551,0.23692931
-6.7748601,0.98011872,1.0856155,2,3,0,6.854194,0.22181174
-8.290573,0.71357925,1.0856155,1,3,0,8.5714527,0.081352255
-6.9927153,1,1.0856155,1,3,0,8.061336,0.17001786
-6.754583,0.98607896,1.0856155,1,3,0,6.9774001,0.26449807
-6.982504,0.93413064,1.0856155,1,3,0,7.0470823,0.17153894
-7.1444235,0.96193885,1.0856155,1,1,0,7.1774794,0.15102889
-10.220259,0.52200026,1.0856155,1,3,0,10.932524,0.62410188
-7.0936621,1,1.0856155,1,1,0,8.928744,0.36209893
-6.952102,0.93818373,1.0856155,2,3,0,7.4295106,0.17632342
-6.9315976,1,1.0856155,1,1,0,6.9941969,0.17979937
-7.179414,0.94126303,1.0856155,1,1,0,7.1925097,0.14735764
-7.042079,1,1.0856155,1,1,0,7.1970598,0.16317237
-6.835914,0.97114559,1.0856155,2,3,0,7.3069981,0.20018486
-7.7249505,0.56044919,1.0856155,2,3,0,9.5405384,0.44466442
-8.0915409,0.85169974,1.0856155,1,1,0,8.4717114,0.48038812
-7.2089402,1,1.0856155,2,3,0,8.1247293,0.14441313
-8.4107656,0.90538733,1.0856155,2,3,0,9.1566675,0.50763283
-6.8134537,1,1.0856155,1,3,0,8.086074,0.20669718
-6.7496087,0.98711094,1.0856155,2,3,0,6.8950512,0.24300229
-7.1899369,0.89453973,1.0856155,1,3,0,7.2484095,0.14629297
-6.8899824,1,1.0856155,1,1,0,7.118683,0.18764263
-6.8090259,0.97549007,1.0856155,2,3,0,7.0949876,0.20812137
-6.8480339,0.96227897,1.0856155,2,3,0,7.0568286,0.1970562
-6.9656869,0.94486838,1.0856155,2,3,0,7.2472755,0.33782
-7.4485281,0.82045151,1.0856155,1,1,0,7.5030273,0.41312773
-7.6589916,0.97111913,1.0856155,2,3,0,7.926996,0.43757421
-8.1091509,0.82129682,1.0856155,1,1,0,8.4564782,0.48197283
-8.1091509,0.40359766,1.0856155,1,3,0,10.00831,0.48197283
-8.1091509,0.33595464,1.0856155,1,3,0,10.307045,0.48197283
-7.1345916,1,1.0856155,1,1,0,7.7994882,0.36894634
-7.0999045,1,1.0856155,2,3,0,7.2527757,0.36316641
-7.3497938,0.90143766,1.0856155,1,1,0,7.4677399,0.40046484
-7.7815197,0.83055935,1.0856155,1,1,0,7.9958676,0.45056271
-7.1885017,1,1.0856155,2,3,0,7.6687982,0.37747583
-7.0200047,1,1.0856155,1,1,0,7.2098882,0.34875952
-7.3560184,0.96500364,1.0856155,2,3,0,7.3563015,0.13142905
-7.632274,0.89375802,1.0856155,1,3,0,8.4406026,0.43463215
-6.8089548,1,1.0856155,1,3,0,7.5381301,0.20814469
-6.8920616,0.99229931,1.0856155,2,3,0,6.8988442,0.18722088
-7.5056523,0.90699761,1.0856155,1,3,0,7.5091096,0.12038278
-6.778017,0.92669623,1.0856155,2,3,0,7.6203054,0.28141552
-6.7639088,1,1.0856155,2,3,0,6.7734038,0.22817186
-6.8765434,0.95716931,1.0856155,2,3,0,7.0165227,0.19045951
-7.8074758,0.85410287,1.0856155,1,3,0,7.8425403,0.10247303
-6.8370606,1,1.0856155,2,3,0,7.5488097,0.30504468
-7.2018966,0.93598952,1.0856155,2,3,0,7.215143,0.37951931
-6.9501823,1,1.0856155,1,1,0,7.1580421,0.33447307
-6.9501823,0.13829624,1.0856155,1,1,0,9.6450865,0.33447307
-6.7492807,1,1.0856155,1,3,0,6.8850838,0.25630713
-6.7565145,0.98426906,1.0856155,2,3,0,6.8167935,0.26652193
-6.8484379,0.96786458,1.0856155,1,1,0,6.8484386,0.30859366
-6.7806918,0.71639337,1.0856155,2,3,0,7.9101341,0.28282109
-7.098707,0.94177984,1.0856155,2,3,0,7.0994839,0.36296231
-6.7498928,0.57655049,1.0856155,2,3,0,8.9301596,0.25769798
-6.9744795,0.93840597,1.0856155,1,3,0,7.0218559,0.1727631
-6.9764,0.92592007,1.0856155,2,3,0,7.8874378,0.17246773
-7.2381219,0.98002796,1.0856155,2,3,0,7.256868,0.14162721
-8.0387507,0.85985274,1.0856155,1,1,0,8.0423223,0.0914625
-6.7945931,0.88569206,1.0856155,1,3,0,8.1429252,0.28937665
-7.5286207,0.8683241,1.0856155,2,3,0,7.5290327,0.42279465
-7.5286207,0.36694216,1.0856155,1,3,0,9.627725,0.42279465
-7.5286207,0.41826594,1.0856155,1,3,0,9.3884367,0.42279465
-6.805958,1,1.0856155,1,1,0,7.2468257,0.29406722
-6.7553237,0.97719166,1.0856155,2,3,0,6.9047868,0.23510081
-7.0707392,0.92754694,1.0856155,1,3,0,7.0933792,0.15952714
-6.7630874,0.96839582,1.0856155,2,3,0,7.1303355,0.27210452
-6.7519277,0.98453013,1.0856155,2,3,0,6.8175813,0.26115504
-7.2982843,0.85521504,1.0856155,1,3,0,7.4385361,0.13622883
-7.7751266,0.91369853,1.0856155,1,1,0,7.8124231,0.10417577
-7.2869792,1,1.0856155,1,1,0,7.7167173,0.13721039
-8.3488526,0.87428879,1.0856155,1,3,0,8.348978,0.079239015
-10.386298,0.79187642,1.0856155,1,3,0,10.396418,0.034889821
-8.1493451,0.94196201,1.0856155,1,3,0,10.173209,0.086812313
-7.9006525,1,1.0856155,1,1,0,8.2802238,0.097805369
-7.9006525,0.82383696,1.0856155,1,3,0,9.9194095,0.097805369
-9.6053792,0.88589396,1.0856155,2,3,0,9.7874166,0.5898872
-6.9173493,1,1.0856155,1,3,0,9.1661285,0.18235385
-7.2335207,0.92566892,1.0856155,1,1,0,7.2393387,0.14205874
-7.7856413,0.94372349,1.0856155,2,3,0,7.8086755,0.45098624
-7.0273322,1,1.0856155,2,3,0,8.0533737,0.16513647
-8.0021481,0.88608988,1.0856155,1,3,0,8.0111654,0.093082197
-7.9457889,1,1.0856155,1,1,0,8.2264123,0.095661177
-7.2799923,1,1.0856155,1,1,0,7.8360773,0.13782432
-6.8026072,1,1.0856155,1,3,0,7.1624901,0.21029052
-7.8129736,0.81499436,1.0856155,1,3,0,7.9050539,0.10218804
-7.8518163,0.99379187,1.0856155,1,1,0,8.0699437,0.10020952
-8.0319644,0.97278722,1.0856155,1,1,0,8.2123327,0.09175963
-7.6929596,1,1.0856155,2,3,0,8.0939434,0.10871136
-7.0808674,1,1.0856155,1,1,0,7.567587,0.15828876
-7.0808674,0.92148888,1.0856155,1,1,0,7.3975886,0.15828876
-6.8963584,1,1.0856155,2,3,0,7.0215439,0.32181668
-6.8680494,0.50593467,1.0856155,2,3,0,9.4958051,0.31429771
-6.9349143,0.97459706,1.0856155,1,1,0,6.9721002,0.33105982
-6.8671516,1,1.0856155,1,1,0,6.9456161,0.31404651
-6.753593,0.98245787,1.0856155,2,3,0,6.9541679,0.23696259
-6.7557157,0.99932583,1.0856155,1,1,0,6.7571746,0.23471181
-6.7534969,0.78866393,1.0856155,2,3,0,7.9046215,0.23707408
-6.7799927,0.99174505,1.0856155,1,1,0,6.7800379,0.219314
-7.3857113,0.84918415,1.0856155,1,3,0,7.4833575,0.40517634
-7.0527515,0.91920375,1.0856155,1,3,0,7.8209712,0.16178952
-6.8205311,0.83532899,1.0856155,2,3,0,8.1573626,0.29948597
-9.3388214,0.53514122,1.0856155,2,3,0,9.4068239,0.052235509
-6.9646639,0.94615964,1.0856155,1,3,0,9.1699369,0.17429715
-6.9827049,0.89916222,1.0856155,2,3,0,7.6564258,0.34136993
-6.8620935,1,1.0856155,1,1,0,6.9672118,0.31261449
-7.0716035,0.97261493,1.0856155,2,3,0,7.0767058,0.15942049
-8.594679,0.83000802,1.0856155,1,3,0,8.6598388,0.071103462
-6.7759068,1,1.0856155,2,3,0,8.1560514,0.28026391
-8.4319179,0.56121853,1.0856155,2,3,0,9.6734346,0.076355496
-7.5027166,1,1.0856155,1,1,0,8.2906573,0.12058294
-6.9443177,1,1.0856155,2,3,0,7.3727286,0.17761717
-7.78167,0.81117907,1.0856155,1,3,0,8.1164569,0.45057817
-8.2211593,0.82459679,1.0856155,1,1,0,8.6226113,0.49181619
-6.8739981,1,1.0856155,2,3,0,7.678386,0.31594067
-9.334669,0.53105667,1.0856155,2,3,0,9.3800845,0.05232222
-6.7884772,1,1.0856155,2,3,0,8.6601461,0.28662647
-7.2934352,0.90777872,1.0856155,2,3,0,7.2940605,0.39279966
-6.8999592,0.96816739,1.0856155,1,3,0,7.4668239,0.18565046
-6.8388481,0.97091322,1.0856155,2,3,0,7.1610327,0.19940623
-6.8350077,1,1.0856155,1,1,0,6.8629297,0.20042832
-6.9124109,0.95246898,1.0856155,2,3,0,7.1947249,0.18326888
-6.7488882,0.99416663,1.0856155,1,3,0,6.8884865,0.25522751
-6.7490843,0.82699648,1.0856155,2,3,0,7.5705632,0.24426734
-6.7490843,0.5675119,1.0856155,1,3,0,9.048241,0.24426734
-6.8782669,0.93908782,1.0856155,2,3,0,7.0452072,0.190089
-7.9210137,0.76687406,1.0856155,1,3,0,8.1794503,0.4644655
-7.2381109,1,1.0856155,1,1,0,7.7854365,0.38490905
-6.9123044,1,1.0856155,1,1,0,7.1475195,0.32575976
-6.7840694,1,1.0856155,2,3,0,6.8692722,0.28451978
-7.8685448,0.78971973,1.0856155,2,3,0,7.981874,0.099375797
-7.2212782,1,1.0856155,1,1,0,7.7548281,0.14322085
-8.7603952,0.86527512,1.0856155,1,3,0,8.7977274,0.066235501
-6.8330514,0.99848505,1.0856155,2,3,0,8.6412352,0.2009587
-8.4471181,0.66285497,1.0856155,1,3,0,8.6633665,0.51055489
-8.148107,1,1.0856155,1,1,0,8.8848411,0.48544179
-7.3192776,0.81904077,1.0856155,1,3,0,8.9793548,0.13444348
-7.0166735,1,1.0856155,1,1,0,7.2706545,0.16659711
-6.9586016,1,1.0856155,1,1,0,7.0482852,0.17526586
-7.5268076,0.94230813,1.0856155,2,3,0,7.7747307,0.42258114
-7.386169,0.74761073,1.0856155,1,3,0,8.5528415,0.12905259
-7.7728681,0.93154411,1.0856155,1,1,0,7.8361095,0.10429633
-6.7678727,0.91804306,1.0856155,1,3,0,7.7855228,0.27543997
-6.8243991,0.99123834,1.0856155,2,3,0,6.8299234,0.20339038
-7.2254728,0.89588188,1.0856155,2,3,0,7.5639487,0.38304968
-7.4043114,0.92746839,1.0856155,1,1,0,7.5788295,0.40756753
-6.830423,0.81098964,1.0856155,2,3,0,8.1788594,0.20168216
-6.7482745,0.78937485,1.0856155,2,3,0,8.0954663,0.25281767
-6.7482745,0.21001739,1.0856155,1,3,0,11.904266,0.25281767
-6.7666514,0.97032216,1.0856155,2,3,0,6.8774287,0.27462941
-7.3604378,0.84472622,1.0856155,1,3,0,7.3616821,0.40187441
-7.3604378,0.44599901,1.0856155,1,1,0,8.5802379,0.40187441
-7.4288473,0.99044566,1.0856155,2,3,0,7.6678179,0.41067384
-6.8363551,1,1.0856155,1,1,0,7.2031694,0.30481785
-6.776761,0.89461174,1.0856155,2,3,0,7.2636342,0.22085928
-7.9522111,0.799896,1.0856155,2,3,0,8.2759751,0.095361905
-6.7630632,0.87813058,1.0856155,2,3,0,8.6955218,0.22874855
-6.9056445,0.95654061,1.0856155,2,3,0,7.0155083,0.3241354
-6.8857512,1,1.0856155,1,1,0,6.9462749,0.31908442
-6.8483359,1,1.0856155,1,1,0,6.9038061,0.30856271
-6.7904367,0.87833406,1.0856155,2,3,0,7.3394479,0.21482334
-6.8287297,0.98889637,1.0856155,1,1,0,6.8359124,0.20215511
-7.4084544,0.87214246,1.0856155,2,3,0,7.7972681,0.12734852
-7.0143247,0.96135265,1.0856155,2,3,0,7.9031634,0.16692385
-6.7484238,0.99026827,1.0856155,1,3,0,6.9744227,0.2535557
-6.9539083,0.65177532,1.0856155,2,3,0,8.5771393,0.17602748
-6.8650978,1,1.0856155,1,1,0,6.9488901,0.1929959
-6.8230501,1,1.0856155,1,1,0,6.8683691,0.20378308
-7.0563382,0.96811674,1.0856155,2,3,0,7.1390577,0.35552244
-6.7559942,1,1.0856155,1,3,0,6.9984092,0.23444166
-6.7559942,0.92760593,1.0856155,1,3,0,6.9995821,0.23444166
-7.5905013,0.81875645,1.0856155,1,3,0,7.7149365,0.11484167
-6.8283525,1,1.0856155,1,3,0,7.4263899,0.20226122
-7.1227652,0.9686173,1.0856155,2,3,0,7.1227832,0.15341082
-8.4734306,0.86507587,1.0856155,1,3,0,8.5034085,0.074967793
-7.1950039,1,1.0856155,2,3,0,8.0385507,0.37847131
-6.8045757,0.98889067,1.0856155,1,3,0,7.2084238,0.20961112
-7.3242956,0.90275455,1.0856155,1,3,0,7.3386233,0.1340237
-6.7484818,0.93383968,1.0856155,2,3,0,7.5586069,0.25380424
-7.1284091,0.90138454,1.0856155,1,3,0,7.200888,0.15278152
-6.9040887,1,1.0856155,1,1,0,7.0832126,0.18484833
-7.2062351,0.90960294,1.0856155,2,3,0,7.6662066,0.14467745
-6.9596052,1,1.0856155,1,1,0,7.1648677,0.17510432
-7.0422305,0.99323618,1.0856155,2,3,0,7.0838188,0.16315252
-7.0399088,0.95222984,1.0856155,2,3,0,7.6098594,0.16345744
-7.4033935,0.97406538,1.0856155,2,3,0,7.4206895,0.12773173
-7.6791002,0.95022002,1.0856155,1,1,0,7.7665905,0.10950819
-7.1332516,1,1.0856155,1,1,0,7.5784553,0.15224648
-6.8290758,1,1.0856155,1,1,0,7.0527029,0.202058
-7.2182981,0.90129354,1.0856155,1,3,0,7.3735425,0.38198401
-7.004158,1,1.0856155,2,3,0,7.1429664,0.16835926
-6.8561589,0.96841682,1.0856155,2,3,0,7.3040961,0.19507744
-6.9552681,0.92765111,1.0856155,2,3,0,7.3380297,0.33558351
-7.2585186,0.88444318,1.0856155,1,1,0,7.3157117,0.38786541
-6.7522494,1,1.0856155,1,3,0,7.0817743,0.2616098
-6.7574904,0.93748187,1.0856155,2,3,0,7.0200971,0.26745876
-6.7574904,0.42079214,1.0856155,1,3,0,8.7219415,0.26745876
-7.4986108,0.81082777,1.0856155,1,3,0,7.5047712,0.41922998
-6.8106022,1,1.0856155,1,1,0,7.2309835,0.29585725
-6.7548758,1,1.0856155,1,1,0,6.791061,0.26482199
-6.7619647,0.99922485,1.0856155,2,3,0,6.7620486,0.22952346
-7.6508134,0.78563641,1.0856155,1,3,0,7.7265453,0.4366781
-7.1677635,1,1.0856155,2,3,0,7.5816337,0.37425481
-8.0251644,0.85032692,1.0856155,2,3,0,8.1477587,0.4743183
-7.9522361,1,1.0856155,2,3,0,8.4888777,0.46746346
-6.8659855,1,1.0856155,1,1,0,7.5206638,0.3137189
-7.3429667,0.8268695,1.0856155,1,1,0,7.3625558,0.3995546
-6.8146784,0.99013088,1.0856155,1,3,0,7.3404273,0.20631272
-7.6843519,0.8440426,1.0856155,1,3,0,7.7398156,0.10920511
-6.9423228,0.97203187,1.0856155,2,3,0,8.0238783,0.17795368
-6.852356,1,1.0856155,1,1,0,6.9336787,0.1959927
-7.0984877,0.97453278,1.0856155,2,3,0,7.1589902,0.36292491
-7.1577845,0.99199842,1.0856155,2,3,0,7.2875598,0.37267881
-6.8310848,1,1.0856155,1,1,0,7.0430172,0.30309573
-6.8081378,1,1.0856155,1,1,0,6.8412865,0.29491547
-6.7547024,0.96248885,1.0856155,2,3,0,6.9645565,0.23574006
-6.9844695,0.89639937,1.0856155,2,3,0,7.3012559,0.17124302
-6.7553541,1,1.0856155,1,3,0,6.9273653,0.23507031
-7.6477878,0.70441653,1.0856155,2,3,0,8.5770921,0.1113446
-6.7526064,0.93922469,1.0856155,1,3,0,7.6025351,0.2620949
-6.8072473,0.98559231,1.0856155,1,3,0,6.8072661,0.29457071
-7.3908286,0.79637695,1.0856155,1,1,0,7.3936174,0.40583743
-6.9238322,1,1.0856155,2,3,0,7.2410198,0.32850129
-6.7765754,1,1.0856155,1,1,0,6.8717062,0.28063317
-7.113176,0.88130015,1.0856155,1,1,0,7.1134354,0.36540745
-7.113176,0.54368983,1.0856155,1,1,0,8.0145981,0.36540745
-7.7455104,0.76561107,1.0856155,1,1,0,7.852976,0.44682686
-6.7489616,1,1.0856155,1,3,0,7.4307949,0.24460693
-6.7552837,0.99812704,1.0856155,1,3,0,6.7578573,0.26526218
-6.8114803,0.98098673,1.0856155,2,3,0,6.8421181,0.20732515
-6.9043262,0.92229036,1.0856155,2,3,0,7.3459018,0.18480257
-6.8021899,0.9607821,1.0856155,2,3,0,7.2786169,0.21043624
-6.7577473,1,1.0856155,2,3,0,6.7945793,0.2676974
-7.3482764,0.84633595,1.0856155,1,3,0,7.3527235,0.40026294
-6.9431899,1,1.0856155,1,1,0,7.2323838,0.33292513
-7.3030935,0.95140511,1.0856155,2,3,0,7.3078672,0.1358156
-6.8011978,0.77086422,1.0856155,2,3,0,9.3691013,0.2107852
-6.8011978,0.46077074,1.0856155,1,3,0,9.0530447,0.2107852
-7.5895715,0.54964273,1.0856155,2,3,0,9.4570729,0.42984006
-7.451165,1,1.0856155,1,1,0,7.8034504,0.41345404
-6.8181853,1,1.0856155,1,1,0,7.206548,0.29865085
-7.0022416,0.93215394,1.0856155,1,1,0,7.0149015,0.34530259
-7.2685362,0.89697685,1.0856155,1,1,0,7.3459206,0.38929661
-6.8027625,0.8408096,1.0856155,2,3,0,7.90103,0.21023642
-6.8287078,0.99253561,1.0856155,1,1,0,6.840819,0.20216125
-6.8396777,0.96473504,1.0856155,2,3,0,7.0718923,0.19918862
-6.9616268,0.98920339,1.0856155,2,3,0,6.9709036,0.17478036
-7.1679355,0.94723684,1.0856155,1,3,0,7.4744514,0.37428182
-7.1679355,0.68437789,1.0856155,1,1,0,7.7977575,0.37428182
-6.7813387,0.85053474,1.0856155,2,3,0,7.737138,0.21869505
-6.9032558,0.96542612,1.0856155,1,1,0,6.9035831,0.18500909
-6.7591627,0.98646778,1.0856155,2,3,0,6.9925891,0.23165772
-6.7976842,0.98868958,1.0856155,1,3,0,6.8204407,0.29070142
-6.7976842,0.63846433,1.0856155,1,3,0,8.3357324,0.29070142
-6.7577437,0.88990428,1.0856155,2,3,0,7.2478946,0.23284572
-6.7524137,1,1.0856155,2,3,0,6.7567947,0.23840849
-6.755849,0.84780478,1.0856155,2,3,0,7.4998763,0.26585278
-6.9529107,0.94189818,1.0856155,1,3,0,7.0133211,0.17619073
-7.4687942,0.8871086,1.0856155,1,1,0,7.4693425,0.12294009
-8.1909094,0.92434218,1.0856155,2,3,0,8.2026839,0.48919681
-7.2928309,0.83839326,1.0856155,1,3,0,8.961778,0.13670052
-8.2770102,0.83745379,1.0856155,1,1,0,8.2772946,0.081855261
-9.080471,0.97017102,1.0856155,2,3,0,9.1603535,0.057981408
-8.4730696,1,1.0856155,1,1,0,9.1506133,0.074979713
-7.6567209,0.86095188,1.0856155,2,3,0,9.8361052,0.43732579
-6.8108299,1,1.0856155,1,1,0,7.3241356,0.29594339
-6.9591491,0.94540807,1.0856155,1,1,0,6.9708448,0.33642251
-8.4998468,0.74625795,1.0856155,2,3,0,8.5321957,0.5147347
-7.7798985,1,1.0856155,1,1,0,8.5714849,0.45039589
-7.0372801,1,1.0856155,2,3,0,7.9885802,0.16380454
-7.0022027,1,1.0856155,1,1,0,7.0902715,0.16863937
-7.0304943,0.99309678,1.0856155,1,1,0,7.0936245,0.16470991
-7.4737618,0.90636909,1.0856155,1,1,0,7.4830709,0.1225897
-6.9100275,0.97020616,1.0856155,2,3,0,7.8091244,0.1837163
-6.7515346,0.99219072,1.0856155,1,3,0,6.8953717,0.26057372
-6.7528661,0.98466231,1.0856155,2,3,0,6.817218,0.26243629
-6.7893464,0.9494099,1.0856155,2,3,0,6.9402208,0.28702878
-6.7980628,0.79254625,1.0856155,2,3,0,7.6788136,0.21191179
-6.9596516,0.9557557,1.0856155,1,1,0,6.9602975,0.17509687
-6.8881518,1,1.0856155,1,1,0,6.9675661,0.18801696
-6.8881518,0.94978769,1.0856155,1,1,0,7.0493647,0.18801696
-6.8594395,1,1.0856155,1,1,0,6.9072386,0.19430248
-6.7488621,0.99706049,1.0856155,2,3,0,6.870827,0.2551479
-6.75117,0.99685929,1.0856155,2,3,0,6.7611081,0.26000508
-7.6543793,0.7757015,1.0856155,1,3,0,7.9071206,0.11095377
-7.5546449,1,1.0856155,1,1,0,7.7932539,0.11712763
-8.2333858,0.89561353,1.0856155,1,1,0,8.2713283,0.083503029
-6.7786994,0.87322497,1.0856155,1,3,0,8.3251624,0.28177962
-6.8172371,0.99538055,1.0856155,2,3,0,6.824131,0.29830958
-6.9001251,0.96929033,1.0856155,1,1,0,6.9173418,0.32276506
-6.9001251,0.37075826,1.0856155,1,1,0,8.2853215,0.32276506
-6.8271816,0.87912706,1.0856155,2,3,0,7.390418,0.20259235
-6.7488159,0.98908256,1.0856155,2,3,0,6.8713989,0.25500372
-6.9067532,0.95699821,1.0856155,1,3,0,6.9354633,0.18433735
-6.7647806,0.9870214,1.0856155,2,3,0,6.9240915,0.27333635
-6.7482478,1,1.0856155,1,3,0,6.7597162,0.25266434
-6.766263,0.9720966,1.0856155,2,3,0,6.8696701,0.27436625
-7.8081415,0.74313943,1.0856155,1,3,0,7.8121454,0.453284
-6.9055545,0.70333296,1.0856155,2,3,0,9.0985185,0.18456659
-7.8713895,0.82789636,1.0856155,2,3,0,8.378087,0.099235094
-6.8033972,0.89845014,1.0856155,1,3,0,7.9751621,0.29305123
-6.8749671,0.97370852,1.0856155,1,1,0,6.8880595,0.31620485
-6.7865746,0.94629703,1.0856155,2,3,0,7.1130839,0.21640627
-6.8031643,0.99510306,1.0856155,1,1,0,6.8122021,0.21009691
-8.2843328,0.53752301,1.0856155,2,3,0,10.353427,0.081583147
-6.7660701,0.85302793,1.0856155,2,3,0,10.100198,0.22676714
-8.2912422,0.76174403,1.0856155,2,3,0,8.5861964,0.081327546
-6.7678523,1,1.0856155,2,3,0,8.1528027,0.22567389
-7.3430121,0.78375076,1.0856155,2,3,0,8.0750792,0.13248074
-7.227353,0.93038749,1.0856155,2,3,0,8.0786075,0.38332774
-6.7588773,1,1.0856155,1,3,0,7.0568193,0.26871264
-7.6367492,0.72679172,1.0856155,2,3,0,8.2376683,0.11200431
-6.7480714,1,1.0856155,2,3,0,7.548435,0.25124741
-6.7727328,0.95074418,1.0856155,2,3,0,6.9662659,0.27845003
-6.7672089,1,1.0856155,1,1,0,6.7766561,0.27500246
-6.7714717,0.99849876,1.0856155,1,1,0,6.7774991,0.27769858
-7.2154913,0.85416332,1.0856155,2,3,0,7.4582783,0.14377737
-6.8136823,0.83552778,1.0856155,2,3,0,8.4233542,0.29701014
-8.1254405,0.64702373,1.0856155,1,3,0,8.8264454,0.087787861
-7.8272692,1,1.0856155,1,1,0,8.2247391,0.1014528
-7.4111571,1,1.0856155,1,1,0,7.8137776,0.12714475
-7.4111571,0.40924236,1.0856155,2,3,0,13.597966,0.12714475
-6.7492878,0.92267661,1.0856155,2,3,0,7.7546086,0.24374535
-7.5080334,0.81082878,1.0856155,1,3,0,7.5457201,0.42035636
-7.0360851,0.92581799,1.0856155,1,3,0,7.8947156,0.16396301
-7.2453368,0.94049341,1.0856155,1,3,0,7.6451936,0.38596222
-6.7495989,1,1.0856155,1,3,0,7.1061504,0.24302383
-6.7950059,0.98299036,1.0856155,2,3,0,6.8346507,0.28955594
-6.7614477,1,1.0856155,2,3,0,6.7849773,0.27084615
-6.7765453,0.99470722,1.0856155,1,1,0,6.7795074,0.28061664
-7.8087392,0.69496404,1.0856155,2,3,0,8.4482905,0.10240743
-7.6758644,1,1.0856155,1,1,0,7.9538102,0.10969562
-7.5689324,0.90169742,1.0856155,1,3,0,8.7461136,0.42748237
-6.8924311,0.86589825,1.0856155,2,3,0,8.2314695,0.18714629
-7.5112569,0.85262421,1.0856155,1,3,0,7.7659587,0.42074019
-7.1398217,1,1.0856155,1,1,0,7.4836813,0.36979682
-7.0991871,0.82485717,1.0856155,2,3,0,7.8676571,0.15610932
-7.1173995,0.94913118,1.0856155,2,3,0,7.5699802,0.36611276
-8.1067098,0.80650742,1.0856155,2,3,0,8.1114694,0.088563366
-7.9274566,1,1.0856155,1,1,0,8.2715407,0.096523326
-7.5158811,1,1.0856155,1,1,0,7.9334268,0.11969
-7.0668526,1,1.0856155,2,3,0,7.4313408,0.16000899
-9.3229717,0.60282981,1.0856155,1,3,0,9.8861233,0.57259707
-9.3229717,0.54369073,1.0856155,1,1,0,11.167023,0.57259707
-8.2353866,1,1.0856155,1,1,0,9.4144207,0.49303855
-7.217101,1,1.0856155,1,1,0,7.9353425,0.38180547
-6.9706195,0.94801889,1.0856155,1,3,0,7.528922,0.17336142
-6.7498337,0.99070245,1.0856155,2,3,0,7.02014,0.24252587
-6.7486532,0.9983683,1.0856155,2,3,0,6.7578976,0.24557554
-6.7979261,0.97755022,1.0856155,2,3,0,6.8530636,0.29080342
-6.9249798,0.9809489,1.0856155,2,3,0,6.9331663,0.18097059
-7.2229698,0.92509692,1.0856155,1,3,0,7.4935883,0.38267875
-6.7593533,0.65374667,1.0856155,2,3,0,8.5927981,0.23150432
-7.4106975,0.76599228,1.0856155,2,3,0,8.1494964,0.12717936
-8.2246789,0.86948297,1.0856155,1,1,0,8.2370457,0.083837481
-7.2221274,0.99383168,1.0856155,1,3,0,8.0370572,0.14313957
-6.7682273,0.96437651,1.0856155,1,3,0,7.2253994,0.27567081
-6.751231,1,1.0856155,2,3,0,6.762488,0.26010253
-6.7782954,0.99160209,1.0856155,1,3,0,6.7893977,0.22011468
-6.8718405,0.97364244,1.0856155,1,3,0,6.9291122,0.31534899
-6.7610106,0.76892545,1.0856155,2,3,0,7.6887693,0.27049831
-7.1140006,0.90570901,1.0856155,1,3,0,7.1149512,0.36554546
-6.7508146,0.67873353,1.0856155,2,3,0,8.3461818,0.24073628
-6.7908624,0.9903568,1.0856155,1,3,0,6.7913467,0.21465368
-6.8691856,0.92438461,1.0856155,2,3,0,7.2161932,0.31461437
-6.7861833,1,1.0856155,1,1,0,6.8454017,0.28554454
-6.7491667,0.93807305,1.0856155,2,3,0,7.0405452,0.24405027
-6.7683024,0.88800911,1.0856155,2,3,0,7.2718441,0.27571948
-7.1542142,0.45561065,1.0856155,2,3,0,9.8488745,0.37211069
-6.7926698,0.91719868,1.0856155,2,3,0,7.517691,0.21394335
-6.7679829,1,1.0856155,1,1,0,6.788165,0.22559587
-6.8619199,0.97250622,1.0856155,1,1,0,6.8619479,0.19372516
-8.0599895,0.7368265,1.0856155,1,3,0,8.3026659,0.47752225
-6.8731743,1,1.0856155,1,3,0,7.988956,0.19119211
-7.4032263,0.88327596,1.0856155,2,3,0,7.8290324,0.4074289
-7.4032263,0.96665556,1.0856155,1,1,0,7.7052306,0.4074289
-8.3181833,0.67177915,1.0856155,1,1,0,8.536632,0.50003476
-8.3181833,0.12194369,1.0856155,1,1,0,11.719481,0.50003476
-7.2037875,1,1.0856155,1,1,0,7.9687665,0.37980554
-7.2384197,0.98568846,1.0856155,1,1,0,7.413771,0.38495421
-7.0398921,1,1.0856155,1,1,0,7.2533405,0.35250924
-6.8070948,1,1.0856155,2,3,0,6.9589772,0.29451144
-7.0892355,0.89487307,1.0856155,2,3,0,7.2838343,0.15728382
-7.8520324,0.85408522,1.0856155,1,1,0,7.8521472,0.10019868
-6.9122421,1,1.0856155,1,3,0,7.6578375,0.18330043
-7.2961987,0.91087955,1.0856155,1,1,0,7.2982516,0.13640882
-7.087343,1,1.0856155,1,1,0,7.2955353,0.15750969
-9.2580525,0.75289929,1.0856155,1,3,0,9.4676117,0.053953882
-6.7835314,0.79397406,1.0856155,1,3,0,9.6024495,0.28425444
-6.7496685,0.98010024,1.0856155,2,3,0,6.8669115,0.24287242
-6.7738616,0.98528372,1.0856155,2,3,0,6.817843,0.27910721
-6.7565288,1,1.0856155,1,1,0,6.7691263,0.26653601
-6.7484171,0.99952742,1.0856155,2,3,0,6.7589749,0.2464962
-7.8636421,0.65654992,1.0856155,2,3,0,8.8831398,0.099619021
-7.158661,1,1.0856155,1,1,0,7.727073,0.14950985
-7.2108351,0.98853993,1.0856155,1,1,0,7.3039053,0.14422861
-6.8848081,1,1.0856155,1,1,0,7.1313547,0.18870808
-7.4585246,0.87147544,1.0856155,2,3,0,7.9400644,0.41436174
-6.759044,1,1.0856155,1,3,0,7.2013808,0.26885798
-6.918712,0.67582275,1.0856155,2,3,0,8.3378477,0.18210415
-7.0342562,0.9711522,1.0856155,1,1,0,7.0610163,0.16420632
-7.0342562,0.34050938,1.0856155,1,3,0,11.296597,0.16420632
-7.6446172,0.86181019,1.0856155,1,3,0,8.078714,0.43599656
-7.1003247,0.90296303,1.0856155,1,3,0,8.1293829,0.15597645
-7.3977855,0.96587146,1.0856155,2,3,0,7.3996723,0.40673223
-6.9163191,1,1.0856155,2,3,0,7.2392608,0.3267243
-6.9412934,0.99032171,1.0856155,1,1,0,7.0009124,0.33250092
-7.5449266,0.78089941,1.0856155,1,1,0,7.5870337,0.42470433
-7.2387655,1,1.0856155,1,1,0,7.5881905,0.38500477
-6.9752158,1,1.0856155,1,1,0,7.198623,0.33982278
-6.9313891,1,1.0856155,1,1,0,7.0217529,0.33025371
-6.9313891,0.40161832,1.0856155,1,1,0,8.2047207,0.33025371
-6.7627569,0.99584239,1.0856155,1,3,0,6.9223102,0.22896154
-7.2787799,0.61348625,1.0856155,2,3,0,8.8069513,0.390747
-7.281457,0.99887714,1.0856155,1,1,0,7.4907314,0.3911239
-7.2326284,1,1.0856155,1,1,0,7.4473491,0.3841052
-7.2326284,0.46201864,1.0856155,1,1,0,8.3688934,0.3841052
-6.8975018,0.96782069,1.0856155,1,3,0,7.4126871,0.18613389
-6.8975018,0.89675605,1.0856155,1,3,0,7.4269738,0.18613389
-7.1036079,0.98309265,1.0856155,2,3,0,7.1152047,0.15559452
-7.546273,0.91045792,1.0856155,1,1,0,7.5637203,0.1176728
-7.055373,1,1.0856155,1,1,0,7.4481329,0.16145458
-6.7492617,0.98667507,1.0856155,1,3,0,7.0160368,0.25625897
-6.9270828,0.95211972,1.0856155,1,3,0,6.9318161,0.32925926
-7.1146437,0.92799545,1.0856155,1,1,0,7.1665885,0.36565298
-9.7514967,0.61969077,1.0856155,2,3,0,9.8174556,0.59841844
-9.654528,1,1.0856155,1,1,0,10.945683,0.59278686
-6.9040913,1,1.0856155,1,1,0,8.5062444,0.32375205
-6.9924291,0.96601874,1.0856155,1,1,0,7.0418119,0.3433454
-7.1113987,0.98440337,1.0856155,2,3,0,7.1935011,0.36510953
-6.7490805,1,1.0856155,1,3,0,6.9927987,0.25578138
-6.7526208,0.99193784,1.0856155,2,3,0,6.7839443,0.26211411
-6.7557251,0.988181,1.0856155,2,3,0,6.7955256,0.2657251
-7.2844393,0.82097357,1.0856155,2,3,0,7.6438913,0.13743292
-6.7744317,0.95729941,1.0856155,1,3,0,7.2998783,0.27943393
-6.7480698,1,1.0856155,1,3,0,6.766998,0.25122668
-7.844825,0.74711567,1.0856155,1,3,0,8.1234224,0.10056119
-6.8420703,1,1.0856155,1,3,0,7.654485,0.19856724
-6.8200765,1,1.0856155,1,1,0,6.8533355,0.2046628
-6.8281895,0.9992283,1.0856155,2,3,0,6.8482643,0.20230715
-7.0556161,0.94092181,1.0856155,1,1,0,7.0567497,0.16142362
-6.7501078,0.9973742,1.0856155,2,3,0,7.0504859,0.25813142
-7.3892861,0.83618754,1.0856155,1,3,0,7.5456325,0.12881163
-6.9871401,1,1.0856155,1,1,0,7.3047272,0.17084337
-6.749106,0.99138353,1.0856155,2,3,0,7.0302693,0.24420931
-6.9783058,0.90261782,1.0856155,2,3,0,7.2362962,0.17217613
-6.7533577,0.98756463,1.0856155,1,3,0,6.961147,0.26305886
-6.8059022,0.98178285,1.0856155,1,1,0,6.805903,0.2940453
-6.8759478,0.97422602,1.0856155,1,1,0,6.8900077,0.31647129
-6.812249,1,1.0856155,1,1,0,6.8688669,0.29647687
-7.2890078,0.9093023,1.0856155,2,3,0,7.3369599,0.13703319
-6.7519048,0.96849543,1.0856155,1,3,0,7.244515,0.26112202
-7.8569868,0.73294383,1.0856155,1,3,0,8.1933796,0.099950677
-7.230632,1,1.0856155,1,1,0,7.7500715,0.14233111
-7.6917361,0.91331426,1.0856155,1,1,0,7.7226572,0.10878132
-7.9980798,0.95193999,1.0856155,1,1,0,8.1218397,0.093264851
-7.9980798,0.84651575,1.0856155,1,1,0,9.1698383,0.093264851
-6.7608189,0.94389515,1.0856155,1,3,0,7.8617621,0.23036652
-6.7689837,0.99915697,1.0856155,2,3,0,6.7718093,0.2250065
-6.8427606,0.95853682,1.0856155,2,3,0,6.9923753,0.30684757
-6.8767498,0.76290585,1.0856155,2,3,0,7.8282045,0.19041498
-6.9883773,0.97117385,1.0856155,1,1,0,7.0065263,0.17065916
-7.3836147,0.91327813,1.0856155,1,1,0,7.3919571,0.12925069
-7.1766019,1,1.0856155,1,1,0,7.4025099,0.14764513
-6.7943991,1,1.0856155,1,3,0,7.0780938,0.21327811
-9.2827828,0.58062003,1.0856155,1,3,0,9.9365124,0.053420548
-8.4436365,1,1.0856155,1,1,0,9.2770997,0.075960268
-6.7928814,1,1.0856155,2,3,0,8.0291225,0.28862513
-6.7928814,0.63908462,1.0856155,1,3,0,8.3322601,0.28862513
-6.8198613,0.9967292,1.0856155,2,3,0,6.8326137,0.29924884
-6.9936229,0.93583796,1.0856155,1,1,0,7.0072138,0.3435854
-6.8491559,1,1.0856155,1,1,0,6.9629342,0.30881119
-6.8520208,0.99964066,1.0856155,2,3,0,6.888247,0.30967202
-7.3913331,0.80277183,1.0856155,2,3,0,7.7889388,0.12865385
-6.7482537,0.96744547,1.0856155,1,3,0,7.3192926,0.25269893
-6.7485961,0.82688599,1.0856155,2,3,0,7.5813199,0.24577927
-7.0190505,0.93259896,1.0856155,1,3,0,7.0517119,0.16626827
-8.557502,0.81190916,1.0856155,1,3,0,8.6412202,0.072259544
-9.7856036,0.88473802,1.0856155,1,1,0,9.8185161,0.043831401
-8.8514171,1,1.0856155,1,1,0,9.7935264,0.06374455
-8.544971,1,1.0856155,2,3,0,9.0437409,0.072654834
-7.6816911,1,1.0856155,1,1,0,8.4418038,0.10935849
-7.2149329,0.92808633,1.0856155,2,3,0,8.4860106,0.38148158
-7.1356053,1,1.0856155,2,3,0,7.3257194,0.3691116
-6.7522402,1,1.0856155,1,3,0,7.0425794,0.23863732
-6.7522402,0.90657968,1.0856155,1,3,0,7.0230697,0.23863732
-6.778321,0.99464407,1.0856155,2,3,0,6.7885746,0.28157821
-6.9519116,0.96739809,1.0856155,2,3,0,6.9763111,0.17635471
-7.1538675,0.94809224,1.0856155,1,3,0,7.4477009,0.3720554
-7.2940483,0.94334667,1.0856155,1,1,0,7.4409505,0.39288498
-6.7986953,1,1.0856155,1,1,0,7.1047598,0.29112624
-6.7487839,0.97095139,1.0856155,2,3,0,6.9011489,0.25490142
-6.9203197,0.9534706,1.0856155,1,3,0,6.9514055,0.18181107
-6.8163608,0.73775391,1.0856155,2,3,0,8.8673768,0.20579083
-6.8163608,0.65740246,1.0856155,1,3,0,8.1201146,0.20579083
-6.8287305,0.95196601,1.0856155,2,3,0,7.1750037,0.20215488
-8.1992041,0.35701127,1.0856155,2,3,0,11.111882,0.48991785
-7.0227601,1,1.0856155,2,3,0,7.7617404,0.34928637
-6.9207807,1,1.0856155,1,1,0,7.0374404,0.32778385
-6.8102346,1,1.0856155,2,3,0,6.8923932,0.29571789
-7.2702979,0.91261793,1.0856155,2,3,0,7.3176153,0.13868566
-7.6904876,0.92186019,1.0856155,1,1,0,7.7321609,0.10885278
-7.0841298,1,1.0856155,1,1,0,7.5669584,0.15789505
-6.9154956,0.94783691,1.0856155,2,3,0,7.9379549,0.18269543
-6.9297033,0.88898838,1.0856155,2,3,0,7.6202631,0.3298657
-6.8169276,0.97699269,1.0856155,2,3,0,7.0608589,0.20561661
-6.848608,0.99105422,1.0856155,1,1,0,6.8636592,0.19691345
-6.8651098,0.87786509,1.0856155,2,3,0,7.5539517,0.31347192
-6.796306,1,1.0856155,1,1,0,6.8504776,0.29011575
-6.796306,0.57486454,1.0856155,1,3,0,7.9499305,0.29011575
-6.9619381,0.93966732,1.0856155,1,1,0,6.9686079,0.33702107
-7.1771528,0.97777765,1.0856155,2,3,0,7.1771763,0.1475887
-7.2716998,0.97975537,1.0856155,1,1,0,7.3583958,0.13856041
-7.3538443,0.98321596,1.0856155,1,1,0,7.4627946,0.1316037
-6.7692266,0.95347718,1.0856155,1,3,0,7.3573183,0.27631106
-6.9889867,0.92731131,1.0856155,2,3,0,7.0987605,0.17056865
-7.2446826,0.97221638,1.0856155,2,3,0,7.2528316,0.38586716
-6.7481988,1,1.0856155,1,3,0,7.0856313,0.25235699
-6.748058,1,1.0856155,2,3,0,6.7481823,0.24893677
-6.7637932,0.89369495,1.0856155,2,3,0,7.2343125,0.27262572
-6.7481286,1,1.0856155,1,3,0,6.759186,0.25183034
-7.6464842,0.77873592,1.0856155,1,3,0,7.6728218,0.43620215
-7.2622741,1,1.0856155,1,1,0,7.6619777,0.38840347
-6.8823662,1,1.0856155,1,1,0,7.1383559,0.31819215
-6.7901113,0.98025823,1.0856155,2,3,0,6.9921052,0.2149536
-7.6004402,0.71325663,1.0856155,2,3,0,8.7153152,0.11422164
-7.9716308,0.85797535,1.0856155,1,3,0,9.101734,0.46930625
-7.044804,1,1.0856155,1,1,0,7.6534457,0.35341714
-6.7692918,1,1.0856155,1,1,0,6.9427576,0.27635229
-6.7987275,0.99677315,1.0856155,2,3,0,6.7995484,0.21166979
-7.6202317,0.84626449,1.0856155,1,3,0,7.6789261,0.11300386
-6.774947,1,1.0856155,2,3,0,7.4517712,0.27972634
-7.1943364,0.92253145,1.0856155,2,3,0,7.1943449,0.37836942
-7.0504075,1,1.0856155,1,1,0,7.2394105,0.35444452
-7.0007159,1,1.0856155,1,1,0,7.1212965,0.34500059
-7.0059748,0.99790618,1.0856155,1,1,0,7.1008862,0.3460381
-6.9769561,1,1.0856155,1,1,0,7.0775934,0.34018436
-6.7506204,0.68821761,1.0856155,2,3,0,8.1564047,0.25908285
-7.1232706,0.89961397,1.0856155,1,3,0,7.2088533,0.15335421
-6.7556474,0.94914483,1.0856155,2,3,0,7.4215369,0.23477884
-7.2757986,0.88588813,1.0856155,2,3,0,7.497797,0.13819556
-8.6623819,0.75185913,1.0856155,1,3,0,9.4502075,0.52720829
-8.3846097,1,1.0856155,1,1,0,9.214657,0.50550936
-8.1895,1,1.0856155,1,1,0,8.8919254,0.48907408
-6.9026935,1,1.0856155,1,1,0,7.6759739,0.32340554
-6.8704148,0.50047625,1.0856155,2,3,0,9.5620228,0.31495542
-6.7654445,1,1.0856155,1,1,0,6.8332518,0.27380277
-6.8327205,0.97612562,1.0856155,1,1,0,6.8343456,0.30363554
-6.7977143,1,1.0856155,2,3,0,6.8336167,0.29071414
-6.9795341,0.93378587,1.0856155,1,1,0,6.9861189,0.34071768
-7.1760306,0.92364361,1.0856155,1,1,0,7.2480746,0.37554743
-6.8384201,0.99738117,1.0856155,2,3,0,7.2739494,0.19951891
-7.7746312,0.84132784,1.0856155,1,3,0,7.8270324,0.1042022
-7.0141498,0.922081,1.0856155,2,3,0,9.4437658,0.16694826
-7.0141498,0.64177995,1.0856155,1,3,0,9.6681166,0.16694826
-7.5406572,0.88966595,1.0856155,1,1,0,7.5438716,0.118041
-7.3658153,1,1.0856155,1,1,0,7.6108583,0.1306476
-7.1235028,1,1.0856155,1,1,0,7.3601202,0.15332822
-6.7594003,0.80659778,1.0856155,2,3,0,8.5255748,0.2691651
-6.8624455,0.96377756,1.0856155,1,1,0,6.8625251,0.31271511
-6.8624455,0.26297917,1.0856155,1,1,0,8.7251658,0.31271511
-6.757653,0.81263268,1.0856155,2,3,0,7.5043644,0.26761015
-6.757653,0.63289795,1.0856155,1,3,0,8.4110322,0.26761015
-6.7510195,1,1.0856155,2,3,0,6.7563012,0.24040542
-7.0051038,0.93216704,1.0856155,1,3,0,7.0312475,0.34586693
-7.0699796,0.97426623,1.0856155,1,1,0,7.161277,0.35796628
-6.8471675,1,1.0856155,1,1,0,7.0041581,0.30820702
-6.7608578,0.82148775,1.0856155,2,3,0,7.4564233,0.27037537
-6.9170195,0.97108598,1.0856155,2,3,0,6.9170198,0.32689148
-6.7538341,0.95222604,1.0856155,2,3,0,7.1041123,0.23668693
-6.7647819,0.99655812,1.0856155,1,1,0,6.7654473,0.22759307
-6.9529929,0.90479496,1.0856155,2,3,0,7.2946004,0.17617727
-6.7641232,1,1.0856155,2,3,0,6.9275514,0.27286556
-6.7641232,0.82622809,1.0856155,1,3,0,7.184933,0.27286556
-6.7480745,1,1.0856155,1,3,0,6.7595593,0.25128565
-6.7546735,0.87414788,1.0856155,2,3,0,7.3284274,0.26459886
-6.7546735,0.59127249,1.0856155,1,3,0,7.9350826,0.26459886
-6.7546735,0.4618376,1.0856155,1,3,0,8.5120902,0.26459886
-6.7831588,0.99540603,1.0856155,2,3,0,6.7835804,0.28406952
-7.0061753,0.95776462,1.0856155,2,3,0,7.0367607,0.16807165
-6.7757112,0.98110052,1.0856155,2,3,0,7.146658,0.22138103
-6.9294033,0.91216765,1.0856155,2,3,0,7.2904641,0.18018489
-7.4118372,0.89185736,1.0856155,1,1,0,7.4122283,0.12709358
-7.7609723,0.93838767,1.0856155,1,1,0,7.8348887,0.10493503
-7.2859396,1,1.0856155,1,1,0,7.7064601,0.13730138
-7.4007519,0.97696428,1.0856155,1,1,0,7.5043014,0.12793263
-6.7826333,0.94511301,1.0856155,1,3,0,7.4335361,0.28380721
-7.1335038,0.93572529,1.0856155,2,3,0,7.134296,0.36876878
-6.7487837,1,1.0856155,1,3,0,7.0084957,0.25490069
-7.561909,0.84447683,1.0856155,2,3,0,7.7426074,0.11665817
-7.0214533,1,1.0856155,2,3,0,7.384361,0.3490368
-6.8569536,1,1.0856155,2,3,0,6.98445,0.31112881
-6.7551327,0.9975168,1.0856155,1,3,0,6.8489221,0.23529427
-6.872481,0.9677927,1.0856155,1,3,0,6.8980299,0.31552515
-7.4071354,0.90305089,1.0856155,2,3,0,7.4352669,0.12744818
-7.825881,0.92716829,1.0856155,1,1,0,7.8864102,0.10152383
-6.8900439,1,1.0856155,1,3,0,7.633708,0.1876301
-6.8900439,0.68912727,1.0856155,1,3,0,8.2576132,0.1876301
-7.142993,0.93823589,1.0856155,1,1,0,7.1496534,0.15118352
-7.6824306,0.89553227,1.0856155,1,1,0,7.6954143,0.10931583
-8.152365,0.92872981,1.0856155,1,1,0,8.2387986,0.08669018
-6.7536608,0.86011133,1.0856155,2,3,0,8.6275183,0.26342871
-7.458623,0.81981878,1.0856155,1,3,0,7.4676324,0.41437385
-7.4107557,1,1.0856155,1,1,0,7.700062,0.40838859
-8.1866049,0.59232104,1.0856155,2,3,0,9.9051217,0.0853225
-6.7946308,0.8714868,1.0856155,2,3,0,9.2774797,0.21319001
-7.4547495,0.53704544,1.0856155,2,3,0,9.888424,0.12394071
-7.3561988,1,1.0856155,1,1,0,7.5565029,0.13141458
-6.7664778,0.99343142,1.0856155,1,3,0,7.2365476,0.22651223
-6.8115456,0.98650898,1.0856155,1,1,0,6.8127336,0.20730421
-6.8115456,0.88207498,1.0856155,1,3,0,7.2873485,0.20730421
-7.0749769,0.95346255,1.0856155,2,3,0,7.2118868,0.35884964
-7.8315088,0.86806384,1.0856155,2,3,0,7.9199859,0.45564519
-7.0523962,1,1.0856155,1,1,0,7.5829176,0.35480705
-7.1825786,0.94820899,1.0856155,1,1,0,7.2882226,0.37656312
-7.1825786,0.21199227,1.0856155,1,3,0,10.606379,0.37656312
-7.1160245,1,1.0856155,1,1,0,7.2916328,0.36588355
-7.0173957,1,1.0856155,1,1,0,7.169782,0.3482584
-7.9306283,0.68161996,1.0856155,1,1,0,7.9932286,0.46539287
-7.5900601,0.65238123,1.0856155,1,3,0,9.3229759,0.11486933
-7.5900601,0.96445485,1.0856155,1,1,0,7.8973908,0.11486933
-8.3910051,0.88143375,1.0856155,1,1,0,8.4173332,0.07775748
-6.9279415,0.95861197,1.0856155,2,3,0,8.798365,0.32945843
-6.9043978,1,1.0856155,2,3,0,6.9739356,0.32382783
-6.8287446,1,1.0856155,2,3,0,6.8797601,0.20215092
-8.538816,0.75446126,1.0856155,2,3,0,8.9270091,0.072850048
-6.8009937,0.84247765,1.0856155,1,3,0,8.7416772,0.2920773
-6.7559968,1,1.0856155,1,1,0,6.7854688,0.26600369
-6.753543,0.9419925,1.0856155,2,3,0,7.000681,0.26328613
-6.8821137,0.96202085,1.0856155,1,3,0,6.9202632,0.18927215
-8.6635282,0.64346985,1.0856155,1,3,0,8.9563404,0.52729417
-6.7543868,1,1.0856155,1,3,0,7.9463758,0.26427701
-6.7484093,0.99341262,1.0856155,2,3,0,6.7824468,0.253491
-6.8545616,0.97112569,1.0856155,1,3,0,6.8718633,0.19545959
-6.885644,0.93403462,1.0856155,2,3,0,7.4073096,0.1885344
-6.7910963,1,1.0856155,1,1,0,6.8611169,0.21456086
-6.7864631,1,1.0856155,2,3,0,6.8007237,0.21645323
-7.2500397,0.90818199,1.0856155,1,3,0,7.2663862,0.14052241
-6.8075958,0.93522032,1.0856155,2,3,0,7.8699809,0.20859341
-6.7604365,0.97978414,1.0856155,2,3,0,6.9453797,0.2306566
-6.8302609,0.71282488,1.0856155,2,3,0,8.4107491,0.20172721
-6.8052583,1,1.0856155,1,1,0,6.8359977,0.20937855
-6.7892267,1,1.0856155,1,1,0,6.8104053,0.21531061
-6.8252137,0.88431799,1.0856155,2,3,0,7.4008291,0.30111603
-7.6595361,0.71742801,1.0856155,1,1,0,7.6637296,0.43763373
-6.9077846,0.82875814,1.0856155,2,3,0,8.4669133,0.18414091
-6.842229,1,1.0856155,1,1,0,6.9063358,0.19852634
-6.8382348,1,1.0856155,1,1,0,6.8671445,0.19956781
-7.499963,0.88677442,1.0856155,1,3,0,7.5167906,0.12077122
-7.6401746,0.89343249,1.0856155,1,3,0,8.6178563,0.43550653
-7.669955,0.61474994,1.0856155,1,3,0,9.1925459,0.11003929
-8.0441495,0.94168668,1.0856155,1,1,0,8.1491651,0.091227133
-6.9022662,1,1.0856155,1,3,0,7.8328181,0.18520077
-6.8122797,1,1.0856155,1,1,0,6.8839283,0.20706951
-6.9966399,0.95069109,1.0856155,1,1,0,6.9978094,0.16944367
-7.361286,0.91202642,1.0856155,1,3,0,7.7282244,0.40198625
-6.9061205,0.9680376,1.0856155,1,3,0,7.5329274,0.18445822
-8.4738591,0.76953608,1.0856155,1,3,0,8.6165745,0.074953647
-7.1003285,0.97933368,1.0856155,2,3,0,8.8117639,0.155976
-6.8816345,0.85550701,1.0856155,2,3,0,8.097752,0.31799792
-7.3976061,0.90823563,1.0856155,2,3,0,7.4218541,0.12817265
-7.6362642,0.95635448,1.0856155,1,1,0,7.7308708,0.11203345
-8.8118671,0.83918645,1.0856155,1,1,0,8.8143186,0.064811883
-6.7626531,0.87351503,1.0856155,1,3,0,8.75331,0.22903429
-6.9668009,0.91661646,1.0856155,2,3,0,7.199071,0.33805618
-7.3045329,0.95867373,1.0856155,2,3,0,7.3067729,0.13569242
-9.0652056,0.85761639,1.0856155,1,3,0,9.1201747,0.058344668
-7.8194769,1,1.0856155,2,3,0,8.899829,0.10185253
-6.7801473,0.90914647,1.0856155,1,3,0,7.8672604,0.28253955
-6.748026,0.99175659,1.0856155,2,3,0,6.8150448,0.24963507
-6.755308,0.99805144,1.0856155,1,3,0,6.755911,0.23511659
-6.795128,0.97896926,1.0856155,2,3,0,6.8637235,0.21300173
-7.0416303,0.93483776,1.0856155,1,3,0,7.1387586,0.35283132
-6.7531841,1,1.0856155,1,3,0,6.9411029,0.26284237
-6.7531841,0.4502016,1.0856155,1,3,0,8.5832591,0.26284237
-6.8029687,0.93059931,1.0856155,2,3,0,7.0107332,0.29287908
-8.2928931,0.71231718,1.0856155,2,3,0,8.3939058,0.081266641
-7.3237967,1,1.0856155,2,3,0,8.1220009,0.13406531
-7.6191463,0.9448404,1.0856155,1,1,0,7.6899353,0.11307007
-9.0613947,0.91089888,1.0856155,2,3,0,9.3259229,0.55553285
-8.3587453,1,1.0856155,2,3,0,9.39358,0.50339187
-6.8352652,1,1.0856155,1,3,0,8.107456,0.20035901
-6.8715918,0.98995254,1.0856155,1,1,0,6.8907638,0.19154016
-6.770278,1,1.0856155,1,1,0,6.8417381,0.22426583
-7.2227235,0.81828786,1.0856155,2,3,0,7.8534274,0.14308259
-7.049971,1,1.0856155,1,1,0,7.2279185,0.16214679
-6.8811236,1,1.0856155,1,1,0,7.0188538,0.18948109
-6.9992031,0.96968785,1.0856155,1,1,0,7.0174535,0.1690717
-7.2114372,0.94393473,1.0856155,1,3,0,7.5656157,0.3809579
-7.4022399,0.79478203,1.0856155,2,3,0,8.2604695,0.12781938
-6.748037,0.99718252,1.0856155,2,3,0,7.366408,0.25069023
-6.7530146,0.99561589,1.0856155,2,3,0,6.767217,0.26262748
-6.8464199,0.96507158,1.0856155,2,3,0,6.9101707,0.19746003
-6.7918277,0.97958651,1.0856155,2,3,0,7.007476,0.21427235
-6.7861337,0.97801368,1.0856155,2,3,0,6.919226,0.21659234
-8.3007058,0.67207874,1.0856155,1,3,0,8.4394081,0.49857424
-8.7214729,0.83095882,1.0856155,1,1,0,9.3514651,0.53159906
-6.7954081,1,1.0856155,1,3,0,8.2410715,0.21289615
-6.7581645,1,1.0856155,2,3,0,6.7880933,0.26807855
-6.7512877,0.96702291,1.0856155,2,3,0,6.8953093,0.26019203
-6.8491117,0.96192058,1.0856155,2,3,0,6.9230496,0.1967886
-6.8491117,0.92802506,1.0856155,1,1,0,7.0625972,0.1967886
-7.2642017,0.89593815,1.0856155,1,3,0,7.448042,0.38867893
-7.0654317,1,1.0856155,1,1,0,7.2890437,0.35715691
-6.7821537,1,1.0856155,2,3,0,6.9602361,0.2835661
-7.7632119,0.70889461,1.0856155,2,3,0,8.3433784,0.10481431
-6.7606757,0.96265008,1.0856155,1,3,0,7.6254655,0.23047461
-6.9384237,0.96030988,1.0856155,1,3,0,6.9424152,0.17861744
-7.410573,0.88630781,1.0856155,1,3,0,7.7136683,0.40836536
-6.8518826,1,1.0856155,1,1,0,7.2019143,0.30963075
-6.8518826,0.86232683,1.0856155,1,1,0,7.0971561,0.30963075
-6.9576316,0.96016898,1.0856155,1,1,0,6.9859416,0.3360953
-6.8424491,1,1.0856155,1,1,0,6.9377644,0.30675037
-6.7685248,0.96304606,1.0856155,2,3,0,7.0047221,0.22527488
-6.9561992,0.94017096,1.0856155,2,3,0,7.1159395,0.33578546
-6.8772293,0.871437,1.0856155,2,3,0,7.4821864,0.19031172
-6.9830023,0.93111286,1.0856155,2,3,0,7.3638026,0.34143088
-6.76442,1,1.0856155,2,3,0,6.9029732,0.27307923
-7.000014,0.64164022,1.0856155,2,3,0,8.5183734,0.16895452
-6.7485247,0.99215927,1.0856155,2,3,0,7.0362613,0.2460496
-6.7525044,0.99882511,1.0856155,1,3,0,6.7539932,0.26195828
-6.7557056,0.99965197,1.0856155,2,3,0,6.7557057,0.23472177
-7.2723544,0.88385463,1.0856155,1,3,0,7.3267938,0.138502
-6.7480527,0.99586176,1.0856155,2,3,0,7.2592352,0.25098449
-6.8951128,0.96025505,1.0856155,1,3,0,6.9027038,0.32150061
-8.8661492,0.43954762,1.0856155,1,1,0,8.8772097,0.54205005
-6.8996102,1,1.0856155,2,3,0,8.0573186,0.32263608
-9.2311351,0.65705629,1.0856155,2,3,0,9.2407475,0.5667281
-9.2129779,1,1.0856155,1,1,0,10.275055,0.5655525
-7.0769285,1,1.0856155,1,1,0,8.359275,0.35919293
-7.2732236,0.97408371,1.0856155,2,3,0,7.3847328,0.38996192
-7.2732236,0.31390057,1.0856155,1,1,0,8.9072196,0.38996192
-7.2732236,0.62910083,1.0856155,1,1,0,8.0413762,0.38996192
-7.4844761,0.97144243,1.0856155,2,3,0,7.6773034,0.41752771
-6.8841546,0.97616351,1.0856155,1,3,0,7.5874161,0.18884429
-6.7926934,1,1.0856155,1,1,0,6.8609974,0.21393418
-7.003516,0.94369147,1.0856155,1,3,0,7.0939087,0.34555422
-7.7537102,0.73139511,1.0856155,1,1,0,7.8149437,0.44768325
-7.6821598,1,1.0856155,1,1,0,8.1001699,0.44009203
-6.9277262,1,1.0856155,1,1,0,7.4064334,0.32940854
-6.8265226,1,1.0856155,1,1,0,6.9087135,0.30156332
-6.8265226,0.72273177,1.0856155,1,1,0,7.3222367,0.30156332
-8.0980418,0.59876463,1.0856155,1,1,0,8.1002092,0.48097435
-6.881589,1,1.0856155,1,1,0,7.6122274,0.31798584
-6.881589,0.72021891,1.0856155,1,1,0,7.3798188,0.31798584
-6.7885643,0.96710393,1.0856155,2,3,0,7.0400902,0.21558063
-7.0390267,0.92679363,1.0856155,2,3,0,7.2932921,0.1635737
-7.0896432,0.94365402,1.0856155,2,3,0,7.67041,0.15723527
-8.2887708,0.87394646,1.0856155,1,3,0,8.3079264,0.081418842
-7.1162999,1,1.0856155,1,3,0,8.0700918,0.15413941
-6.7733721,1,1.0856155,1,3,0,7.0293819,0.22258251
-6.7733721,0.36469085,1.0856155,1,3,0,9.5601775,0.22258251
-7.6552846,0.83371902,1.0856155,2,3,0,7.9642687,0.11090028
-8.0170621,0.94308777,1.0856155,1,1,0,8.1228648,0.092417141
-7.8136607,1,1.0856155,1,1,0,8.1537067,0.10215251
-7.0031626,1,1.0856155,1,3,0,7.6392587,0.16850169
-6.8392999,1,1.0856155,1,1,0,6.9649851,0.19928758
-6.8802165,0.98875207,1.0856155,1,1,0,6.8996913,0.1896733
-7.2759056,0.90139089,1.0856155,1,3,0,7.4986136,0.39034135
-10.502741,0.2477821,1.0856155,1,1,0,10.609849,0.63847033
-6.8585267,1,1.0856155,2,3,0,8.9791762,0.3115869
-7.6540303,0.85904787,1.0856155,2,3,0,7.6662443,0.43703104
-6.7874535,1,1.0856155,1,3,0,7.5014879,0.21603881
-7.042678,0.94948551,1.0856155,1,3,0,7.0440491,0.16309392
-8.3581973,0.84737361,1.0856155,1,3,0,8.3989389,0.078907254
-7.4044407,0.96671239,1.0856155,2,3,0,9.0573671,0.12765226
-7.1074369,1,1.0856155,1,1,0,7.3757301,0.15515201
-9.829543,0.55383026,1.0856155,1,3,0,10.471213,0.6028676
-7.7792942,1,1.0856155,2,3,0,10.378165,0.10395389
-8.419012,0.9700465,1.0856155,2,3,0,8.4847255,0.07679401
-9.1294062,0.92392686,1.0856155,1,1,0,9.2388216,0.05683567
-6.8368033,0.79467857,1.0856155,2,3,0,9.8145799,0.30496205
-6.772621,0.99012041,1.0856155,2,3,0,6.8843187,0.22298069
-6.7811473,0.97324895,1.0856155,2,3,0,6.9349614,0.21878224
-6.999281,0.94173368,1.0856155,1,3,0,7.0741262,0.34471578
-6.7531015,1,1.0856155,1,3,0,6.9136538,0.26273808
-6.7531015,0.82419533,1.0856155,1,3,0,7.1956437,0.26273808
-7.2785102,0.86271741,1.0856155,1,3,0,7.2856277,0.39070898
-6.7876812,1,1.0856155,1,1,0,7.091118,0.28625438
-6.9931939,0.92584605,1.0856155,1,1,0,6.9966451,0.34349923
-6.9931939,0.44030305,1.0856155,1,1,0,8.1446765,0.34349923
-6.7659934,0.95065716,1.0856155,2,3,0,7.2083147,0.22681543
-6.8107997,0.90014381,1.0856155,2,3,0,7.2681746,0.29593198
-6.7566755,0.91320622,1.0856155,2,3,0,7.0981889,0.26668003
-6.7513505,0.9903698,1.0856155,2,3,0,6.7912341,0.2602905
-6.8061116,0.93527157,1.0856155,2,3,0,6.9962711,0.29412746
-8.0628838,0.78817419,1.0856155,2,3,0,8.0631139,0.47778659
-6.7593063,1,1.0856155,1,3,0,7.6898355,0.23154197
-6.8151839,0.96983688,1.0856155,2,3,0,6.9130802,0.29756297
-7.1252828,0.94540509,1.0856155,2,3,0,7.1335031,0.36741942
-6.7522916,0.6859479,1.0856155,2,3,0,8.323903,0.23856899
-6.8148475,0.961916,1.0856155,2,3,0,6.9417803,0.20625994
-6.9086526,0.9307408,1.0856155,2,3,0,7.2403923,0.32487291
-8.0267374,0.63033786,1.0856155,1,1,0,8.0490744,0.47446395
-6.8861468,1,1.0856155,1,1,0,7.5742209,0.31918803
-6.8428731,0.83833543,1.0856155,2,3,0,7.5347111,0.19836075
-7.316981,0.88646034,1.0856155,2,3,0,7.7154052,0.13463648
-6.7505344,0.96802394,1.0856155,1,3,0,7.2650784,0.25893025
-7.5654537,0.73770147,1.0856155,2,3,0,8.1902759,0.11643028
-8.1680252,0.90639225,1.0856155,1,1,0,8.2178077,0.086060784
-6.8652761,1,1.0856155,2,3,0,7.7967025,0.31351889
-6.9291387,0.99192126,1.0856155,2,3,0,6.9655113,0.32973538
-6.8805735,0.83732531,1.0856155,2,3,0,7.5812968,0.18959755
-6.749702,0.99758284,1.0856155,2,3,0,6.8877067,0.25729256
-6.7604799,0.97072463,1.0856155,2,3,0,6.8750559,0.27006822
-6.7480412,1,1.0856155,1,3,0,6.7570576,0.25078039
-7.0591457,0.91726555,1.0856155,1,3,0,7.0731022,0.35602938
-7.3581558,0.88368549,1.0856155,1,1,0,7.4568704,0.40157319
-7.3287691,1,1.0856155,2,3,0,7.5740273,0.39764601
-7.3287691,0.17251514,1.0856155,1,3,0,11.055956,0.39764601
-6.9887552,1,1.0856155,1,1,0,7.2583801,0.34260335
-6.767641,1,1.0856155,1,1,0,6.9075,0.27528809
-6.8754362,0.9616405,1.0856155,1,1,0,6.8765729,0.31633241
-6.7769549,1,1.0856155,1,1,0,6.8428848,0.28084092
-8.533092,0.60683424,1.0856155,1,3,0,8.5369467,0.51733547
-8.533092,0.060955957,1.0856155,1,3,0,13.621742,0.51733547
-11.225873,0.582555,1.0856155,2,3,0,11.825884,0.67203077
-8.3256215,1,1.0856155,1,1,0,10.499784,0.50065375
-12.208467,0.19691837,1.0856155,1,1,0,12.657959,0.71149206
-7.8323085,1,1.0856155,1,1,0,10.606281,0.45572555
-8.0408397,0.91261984,1.0856155,1,1,0,8.4762623,0.47576582
-7.1130094,1,1.0856155,1,1,0,7.7450799,0.36537955
-6.7816335,0.99345685,1.0856155,1,3,0,7.0995153,0.21856128
-6.8261731,0.95179317,1.0856155,2,3,0,7.078413,0.20287975
-6.828364,0.95298087,1.0856155,2,3,0,7.1968192,0.20225797
-6.7748816,1,1.0856155,2,3,0,6.8134924,0.27968936
-6.8359554,0.76695182,1.0856155,2,3,0,7.6563768,0.30468894
-7.0274098,0.92884837,1.0856155,1,1,0,7.045632,0.35016996
-8.2930944,0.58537208,1.0856155,1,1,0,8.3523847,0.49793551
-6.8799647,1,1.0856155,2,3,0,7.7223781,0.31755282
-7.1045752,0.91535364,1.0856155,1,1,0,7.1368997,0.36395946
-7.2936583,0.92469058,1.0856155,1,1,0,7.4169982,0.39283071
-7.4513209,0.71925814,1.0856155,2,3,0,8.4488978,0.12418726
-7.1684299,0.94782693,1.0856155,2,3,0,9.3124231,0.14848786
-6.7733992,0.7695191,1.0856155,2,3,0,9.0627176,0.22256829
-6.7485572,0.99628077,1.0856155,2,3,0,6.7891593,0.25410552
-7.4421768,0.82782345,1.0856155,1,3,0,7.5990221,0.12484926
-6.7569702,0.95250599,1.0856155,1,3,0,7.4121589,0.26696553
-7.1622968,0.88551158,1.0856155,1,3,0,7.2824939,0.1491276
-7.1622968,0.88096215,1.0856155,1,3,0,8.0458436,0.1491276
-6.9233312,1,1.0856155,2,3,0,7.0851917,0.32838391
-6.7481659,0.87171233,1.0856155,2,3,0,7.3596464,0.24788143
-7.1638228,0.84420898,1.0856155,2,3,0,7.5518677,0.14896783
-7.0208142,0.95574314,1.0856155,2,3,0,7.7005009,0.16602544
-7.2188302,0.95510119,1.0856155,1,1,0,7.2538163,0.14345569
-7.0919341,1,1.0856155,1,1,0,7.2521158,0.15696316
-6.8157312,1,1.0856155,1,3,0,7.0174558,0.20598528
-9.3656702,0.58459228,1.0856155,1,3,0,9.9969553,0.051679023
-9.7744619,0.96759662,1.0856155,1,1,0,10.039114,0.044020618
-6.7575818,1,1.0856155,2,3,0,9.1759273,0.23298682
-6.8541809,0.94322029,1.0856155,2,3,0,7.0556316,0.19555115
-7.0579358,0.87583289,1.0856155,2,3,0,7.8024255,0.1611289
-6.8149743,1,1.0856155,2,3,0,6.9934948,0.29748616
-6.7596302,0.98279617,1.0856155,2,3,0,6.8949095,0.23128374
-7.1846148,0.83087553,1.0856155,2,3,0,7.7178604,0.14682927
-8.1205213,0.94573051,1.0856155,2,3,0,8.4539028,0.48299051
-6.8847625,1,1.0856155,1,1,0,7.6267472,0.31882487
-8.5632358,0.66438036,1.0856155,2,3,0,8.6175513,0.072079625
-9.3207813,0.92387678,1.0856155,1,1,0,9.4312206,0.052613491
-9.7821483,0.96318569,1.0856155,1,1,0,10.026736,0.04388998
-7.9794488,0.9351076,1.0856155,1,3,0,9.5680313,0.094108204
-7.9256607,1,1.0856155,1,1,0,8.2018721,0.09660842
-7.0752899,0.96947935,1.0856155,2,3,0,8.3833196,0.15896767
-7.1152089,0.99074719,1.0856155,1,1,0,7.1927547,0.1542632
-6.7495469,0.99713073,1.0856155,2,3,0,7.1063982,0.2569457
-6.8131758,0.73272096,1.0856155,2,3,0,8.0762573,0.20678497
-6.7480273,0.99641357,1.0856155,2,3,0,6.8308592,0.25041812
-6.7480273,0.78657933,1.0856155,1,3,0,7.5689489,0.25041812
